contract_id,weak_category,metadata_category,title_category,title,crz_predmet,crz_nazov,path,title_signal,title_disagree
11752864,energie,energie,energie,Zmluva o združenej dodávke plynu č. SC2025/161,Zmluva o združenej dodávke plynu č. SC2025/161,Zmluva č. SC2025/161,/Users/kazimir/Desktop/BP/zmluvy_cleaned_checked_strict_valid/11752864.txt,True,False
11817564,ukoncenie,ukoncenie,ukoncenie,Dohoda o ukončení Zmluvy o zriadení spoločného obecného úradu zo dňa 15.12.2020,Dohoda o ukončení Zmluvy o zriadení spoločného obecného úradu,Ukončenie SSU,/Users/kazimir/Desktop/BP/zmluvy_cleaned_checked_strict_valid/11817564.txt,True,False
11817566,ukoncenie,ukoncenie,ukoncenie,DOHODA o ukončení platnosti zmluvy o dielo č. 16/HSV zo dňa 20.2.1995 v znení dodatkov č. 1 až č. 17/2022 zo dňa 19.09.2022 (ďalej v texte len „Dohoda“),Dohoda o ukončení zmluvy o dielo č. 16/HSV a dodatkov 1 až 17,39/2025,/Users/kazimir/Desktop/BP/zmluvy_cleaned_checked_strict_valid/11817566.txt,True,False
11817568,hrobove_miesto,hrobove_miesto,hrobove_miesto,"ZMLUVA O NÁJME HROBOVÉHO MIESTA č. 2025/4190001378 Zmluvné strany: 1. MARIANUM - Pohrebníctvo mesta Bratislavy So sídlom: Šafárikovo námestie č. 3, 811 02 Bratislava Zastúpená: Ing. Robert Kováč, MBA - riaditeľ organizácie",nájom za hrobové miesto,2025/4190001378,/Users/kazimir/Desktop/BP/zmluvy_cleaned_checked_strict_valid/11817568.txt,True,False
11817570,hrobove_miesto,hrobove_miesto,hrobove_miesto,"ZMLUVA O NÁJME HROBOVÉHO MIESTA č. 2025/1010002035 Zmluvné strany: 1. MARIANUM - Pohrebníctvo mesta Bratislavy So sídlom: Šafárikovo námestie č. 3, 811 02 Bratislava Zastúpená: Ing. Robert Kováč, MBA - riaditeľ organizácie",nájom za hrobové miesto,2025/1010002035,/Users/kazimir/Desktop/BP/zmluvy_cleaned_checked_strict_valid/11817570.txt,True,False
11817572,hrobove_miesto,hrobove_miesto,hrobove_miesto,"ZMLUVA O NÁJME HROBOVÉHO MIESTA č. 2025/1020002745 Zmluvné strany: 1. MARIANUM - Pohrebníctvo mesta Bratislavy So sídlom: Šafárikovo námestie č. 3, 811 02 Bratislava Zastúpená: Ing. Robert Kováč, MBA - riaditeľ organizácie",nájom za hrobové miesto,2025/1020002745,/Users/kazimir/Desktop/BP/zmluvy_cleaned_checked_strict_valid/11817572.txt,True,False
11817574,hrobove_miesto,hrobove_miesto,hrobove_miesto,"ZMLUVA O NÁJME HROBOVÉHO MIESTA č. 2025/2090003149 Zmluvné strany: 1. MARIANUM - Pohrebníctvo mesta Bratislavy So sídlom: Šafárikovo námestie č. 3, 811 02 Bratislava Zastúpená: Ing. Robert Kováč, MBA - riaditeľ organizácie",nájom za hrobové miesto,2025/2090003149,/Users/kazimir/Desktop/BP/zmluvy_cleaned_checked_strict_valid/11817574.txt,True,False
11817576,hrobove_miesto,hrobove_miesto,hrobove_miesto,"ZMLUVA O NÁJME HROBOVÉHO MIESTA č. 2025/2090003150 Zmluvné strany: 1. MARIANUM - Pohrebníctvo mesta Bratislavy So sídlom: Šafárikovo námestie č. 3, 811 02 Bratislava Zastúpená: Ing. Robert Kováč, MBA - riaditeľ organizácie",nájom za hrobové miesto,2025/2090003150,/Users/kazimir/Desktop/BP/zmluvy_cleaned_checked_strict_valid/11817576.txt,True,False
11817578,hrobove_miesto,hrobove_miesto,hrobove_miesto,"ZMLUVA O NÁJME HROBOVÉHO MIESTA č. 2025/4190001379 Zmluvné strany: 1. MARIANUM - Pohrebníctvo mesta Bratislavy So sídlom: Šafárikovo námestie č. 3, 811 02 Bratislava Zastúpená: Ing. Robert Kováč, MBA - riaditeľ organizácie",nájom za hrobové miesto,2025/4190001379,/Users/kazimir/Desktop/BP/zmluvy_cleaned_checked_strict_valid/11817578.txt,True,False
11817582,dohoda_ine,dohoda_ine,other,Číslo záznamu: zákona č. 417/2013 Z. z. o znení neskorších pr,"D O H O D A č. 25/33/010/9 uzatvorená podľa § 10 ods. 12, § 26 ods. 2 písm. g) a ďalších zákona č. 417/2013 Z. z. o pomoci v hmotnej núdzi",301/2025,/Users/kazimir/Desktop/BP/zmluvy_cleaned_checked_strict_valid/11817582.txt,False,False
11817598,other,other,other,Zmluva o zverení majetku mesta do správy,Zmluva o zverení majetku mesta do správy,5001,/Users/kazimir/Desktop/BP/zmluvy_cleaned_checked_strict_valid/11817598.txt,False,False
11817601,kupa_predaj,kupa_predaj,kupa_predaj,KÚPNA ZMLUVA,Kúpna zmluva,bez čísla,/Users/kazimir/Desktop/BP/zmluvy_cleaned_checked_strict_valid/11817601.txt,True,False
11817609,dodatok,sluzby,dodatok,Dodatok č. 2 (ďalej len ako „Dodatok“) k Zmluve o poskytovaní registračnej služby/služby telefonickej podpory MAGTS2100205 medzi PAAS s.r.o.,Zmena obchodnej marže pre služby registrácií/ callcentra na 10%,MAGZD2500217,/Users/kazimir/Desktop/BP/zmluvy_cleaned_checked_strict_valid/11817609.txt,True,False
11817611,dodatok,sluzby,dodatok,Dodatok č. 7 (ďalej len ako „Dodatok“) k Zmluve o poskytovaní služieb MAGTS2100352 medzi PAAS s.r.o. sídlo:,Zmena obchodnej marže na služby správy garáží a parkovísk na 10%.,MAGZD2500218,/Users/kazimir/Desktop/BP/zmluvy_cleaned_checked_strict_valid/11817611.txt,True,False
11817613,dodatok,sluzby,dodatok,Dodatok č. 2 (ďalej len ako „Dodatok“) k Zmluve o poskytovaní služieb kontroly parkovania MAGTS2100206 medzi PAAS s.r.o. sídlo:,Zmena obchodnej marže na služby kontroly parkovania na 10%.,MAGZD2500219,/Users/kazimir/Desktop/BP/zmluvy_cleaned_checked_strict_valid/11817613.txt,True,False
11817697,other,other,other,Zmluva o obchodných a dodacích podmienkach –––––––––––––––––––––––––––––––––––––––––––––––––––––––––––––––––––––––––––––––––––––––––––––––––––––––––––– Zmluva o obchodných a dodacích podmienkach,Zmluva o obchodných a dodacích podmienkach,ZSO 01/2026,/Users/kazimir/Desktop/BP/zmluvy_cleaned_checked_strict_valid/11817697.txt,False,False
11817699,kupa_predaj,kupa_predaj,kupa_predaj,K Ú P N A ZMLUVA,Kúpna zmluva,ZSO 02/2026,/Users/kazimir/Desktop/BP/zmluvy_cleaned_checked_strict_valid/11817699.txt,True,False
11817703,kupa_predaj,kupa_predaj,kupa_predaj,KÚPNO - PREDAJNÁ-ZMLUVA,Kúpno-predajná zmluva,ZSO 04/2026,/Users/kazimir/Desktop/BP/zmluvy_cleaned_checked_strict_valid/11817703.txt,True,False
11817705,ramcova,ramcova,ramcova,Rámcová dohoda na dodanie potravín Zelenina (ďalej len zmluva),Rámcová dohoda na dodanie potravín,ZSO 05/2026,/Users/kazimir/Desktop/BP/zmluvy_cleaned_checked_strict_valid/11817705.txt,True,False
11817707,ramcova,ramcova,ramcova,Rámcová zmluva,Rámcová zmluva,ZSO 06/2026,/Users/kazimir/Desktop/BP/zmluvy_cleaned_checked_strict_valid/11817707.txt,True,False
11817711,ramcova,ramcova,ramcova,RÁMCOVÁ KÚPNA ZMLUVA č. KZ 2026/PD 020,Rámcová kúpna zmluva,ZSO 08/2026,/Users/kazimir/Desktop/BP/zmluvy_cleaned_checked_strict_valid/11817711.txt,True,False
11817713,sluzby,sluzby,sluzby,Zmluva o odbere biologicky rozložiteľného kuchynského a reštauračného odpadu Článok I. Zmluvné strany Odberateľ: (Držiteľ odpadu:),Zmluva o odbere biologicky rozložiteľného kuchynského a reštauračného odpadu,ZSO 09/2026,/Users/kazimir/Desktop/BP/zmluvy_cleaned_checked_strict_valid/11817713.txt,True,False
11817715,kolektivna,kolektivna,kolektivna,KOLEKTÍVNA ZMLUVA (ďalej len „Zmluva“) podľa ustanovenia § 2 ods. 3 písm. a) zákona č. 2/1991 Zb. o kolektívnom vyjednávaní v znení neskorších právnych predpisov v súlade s ustanovením čl. 10 a ustanovením § 231 zákona č. 311/2001 Z. z. Zákonník práce v znení neskorších právnych predpisov (ďalej len „Zákonník práce“),Kolektívna zmluva,24B6000240,/Users/kazimir/Desktop/BP/zmluvy_cleaned_checked_strict_valid/11817715.txt,True,False
11817719,najom,najom,najom,ZMLUVA O NÁJME NEHNUTEĽNOSTI,Zmluva o nájme nehnuteľnosti,16/12/2025,/Users/kazimir/Desktop/BP/zmluvy_cleaned_checked_strict_valid/11817719.txt,True,False
11817723,prispevok,prispevok,other,"o, 77, 78 a 80 bod 2. SSV/ODB/005/2025 poskytovanej a o 2025",Zmluva o poskytnutí finančného príspevku terénnej sociálnej služby krízovej intervencie 2025,SSV/ODB/005/2025,/Users/kazimir/Desktop/BP/zmluvy_cleaned_checked_strict_valid/11817723.txt,False,False
11817738,prispevok,prispevok,prispevok,Číslo záznamu: Číslo: zabezpečení podmienok vykonávania aktivačnej činnosti formou menších obecných služieb pre obec poskytnutí príspevku na aktivačnú činnosť formou menších obecných služieb obci,DOHODA číslo: 25/29/054/1136 o zabezpečení podmienok vykonávania aktivačnej činnosti formou menších obecných služieb pre obec a o poskytnutí príspevku na aktivačnú činnosť formou menších obecných služieb obci,INE_048/2025,/Users/kazimir/Desktop/BP/zmluvy_cleaned_checked_strict_valid/11817738.txt,True,False
11817741,spolupraca,spolupraca,spolupraca,Zmluva o spolupráci,Zmluva o spolupráci,Z2025/0851,/Users/kazimir/Desktop/BP/zmluvy_cleaned_checked_strict_valid/11817741.txt,True,False
11817743,prispevok,prispevok,prispevok,Spis: Číslo záznamu: DOHODA 25/18/19B/16 o poskytnutí vyrovnávacieho príspevku podľa § 19b zákona č. 112/2018 Z.z. o sociálnej ekonomike a sociálnych podnikoch a o zmene a doplnení niektorých zákonov v znení,"Dohoda 25/18/19B/16 o pokyt. vyrovnávacieho príspevku podľa § 19b zák. č. 112/2018 Z.z. o soc. ekonomike a soc. podnikoch a o zmene a doplnení niektorých zák. v znení neskorších predp. v rámci národ. projektu ""Poskyt. finanč.príspevkov integrač. podnikom""",Z2025/0025,/Users/kazimir/Desktop/BP/zmluvy_cleaned_checked_strict_valid/11817743.txt,True,False
11817752,prispevok,dohoda_ine,prispevok,Spis: Číslo záznamu: DOHODA Číslo: 25/35/054/620 o zabezpečení podmienok vykonávania aktivačnej činnosti formou menších obecných služieb pre obec a o poskytnutí príspevku na aktivačnú činnosť formou menších,Dohoda  §54 Podpora udržania pracovných návykov 4,25/35/054/620,/Users/kazimir/Desktop/BP/zmluvy_cleaned_checked_strict_valid/11817752.txt,True,False
11817755,najom,najom,najom,ZMLUVA O KRÁTKODOBOM NÁJME NEBYTOVÉHO PRIESTORU,"Zmluva o nájme priestoru - Krátkodobý nájom 
2/2026
MS AGENCY
Rytierske hry pre amerických turistov 
Nádvorie sv. Jurajamiestnosť č. 19",22026,/Users/kazimir/Desktop/BP/zmluvy_cleaned_checked_strict_valid/11817755.txt,True,False
11817757,kolektivna,kolektivna,kolektivna,Kolektívna zmluva na rok 2026,Kolektívna zmluva,202600001/2025,/Users/kazimir/Desktop/BP/zmluvy_cleaned_checked_strict_valid/11817757.txt,True,False
11817761,sluzby,sluzby,sluzby,Zmluva o poskytovaní služieb č. 1/2026 /ďalej len „zmluva“/,Zmluva o poskytovaní služieb č.1/2026i,1/2026,/Users/kazimir/Desktop/BP/zmluvy_cleaned_checked_strict_valid/11817761.txt,True,False
11817763,prispevok,prispevok,prispevok,ZMLUVA č. 254170 08U02 o poskytnutí finančných prostriedkov z Environmentálneho fondu na úhradu nákladov súvisiacich so zabezpečením zvýšených záchytov uhlíka v lesnej pôde a biomase uskutočnením opatrení ochrany a starostlivosti o chránené územia prostredníctvom organizácie ochrany prírody a krajiny zriadenej,Z M L U V A č. 254170 08U02 o poskytnutí finančných prostriedkov z Environmentálneho fondu na úhradu nákladov súvisiacich so zabezpečením zvýšených záchytov uhlíka v lesnej pôde a biomase uskutočnením opatrení ochrany a starostlivosti o chránené územia pr,SNPVF-Z/132/2025,/Users/kazimir/Desktop/BP/zmluvy_cleaned_checked_strict_valid/11817763.txt,True,False
11817783,dodatok,dodatok,dodatok,"Dodatok k Zmluve o poskytovaní verejne dostupných služieb (ďalej len ""Dodatok"") ID predajcu: Dátum: Ident. kód dodatku: Číslo zmluvy:",Dodatok k Zmluve o poskytovaní verejne dostupných služieb,51/2025/UVLF-IKT,/Users/kazimir/Desktop/BP/zmluvy_cleaned_checked_strict_valid/11817783.txt,True,False
11817792,najom,najom,najom,ZMLUVA O NÁJME NEBYTOVÝCH PRIESTOROV,Nájomná zmluva,22026,/Users/kazimir/Desktop/BP/zmluvy_cleaned_checked_strict_valid/11817792.txt,True,False
11817802,spolupraca,spolupraca,spolupraca,ZMLUVA O SPOLUPRÁCI,ZMLUVA O SPOLUPRÁCI,UPJS - 899/2025,/Users/kazimir/Desktop/BP/zmluvy_cleaned_checked_strict_valid/11817802.txt,True,False
11817806,sluzby,sluzby,sluzby,"Dohoda o hromadnom uzavretí Dodatkov k Zmluve o poskytovaní verejných služieb ID predajcu Účastník (Osoba: právnická / fyzická podnikateľ / fyzická nepodnikateľ): Právnická osoba Meno, priezvisko, titul / Obchodné meno / Názov: Univerzita veterinárskeho lekárstva a farmácie v Košiciach",Dohoda o hromadnom uzavretí Dodatkov k Zmluve o poskytovaní verejných služieb,52/2025/UVLF-IKT,/Users/kazimir/Desktop/BP/zmluvy_cleaned_checked_strict_valid/11817806.txt,True,False
11817810,spolupraca,spolupraca,spolupraca,ZMLUVA O SPOLUPRÁCI,ZMLUVA O SPOLUPRÁCI,UPJS - 900/2025,/Users/kazimir/Desktop/BP/zmluvy_cleaned_checked_strict_valid/11817810.txt,True,False
11817813,sluzby,sluzby,sluzby,Zmluva o príprave a dovoze stravy č. 20260101,Zmluva o príprave a dovoze stravy č. 20260101,20260101,/Users/kazimir/Desktop/BP/zmluvy_cleaned_checked_strict_valid/11817813.txt,True,False
11817820,sluzby,sluzby,sluzby,"Zmluva o spracovaní účtovnej evidencie Zmluvné strany Spracovateľ: Ing. Aneta Nedbalová Adresa: M.Č. Trenčianskeho 735/50A, 044 42 Rozhanovce IČO: 48 034 614",Zmluva o spracovaní účtovnej evidencie,VL/01/2026,/Users/kazimir/Desktop/BP/zmluvy_cleaned_checked_strict_valid/11817820.txt,True,False
11817824,other,other,other,DAROVACIA ZMLUVA,Darovacia zmluva,ZML-3-28/2025-KE,/Users/kazimir/Desktop/BP/zmluvy_cleaned_checked_strict_valid/11817824.txt,False,False
11817829,dodatok,dodatok,dodatok,CEZ ÚV SR: 1304/2024 Dodatok č. 2/2025 CEZ ÚPPLVL SR: 297/2025 Dodatok č. 2 k Dohode o prechode práv a povinností uzatvorenej v súlade s § 40ay ods. 3 zákona č. 575/2001 Z. z. o organizácii činnosti vlády,Dodatok č. 2 k Dohode o prechode práv a povinností č. 1/2025,297/2025,/Users/kazimir/Desktop/BP/zmluvy_cleaned_checked_strict_valid/11817829.txt,True,False
11817832,other,other,other,"ZMLUVA č.1/2025/S0Ú o zriadení Spoločného obecného úradu Budimír uzatvorená podľa $ 20a zákona SNR č. 369/1990 Zb. o obecnom zriadení v znení neskorších predpisov uzatvorená medzi: Učastníci zmluvy: 1. Názov: Obec Budimír Sídlo: Zámocká 22/4, 044 43 Budimír Zastúpená: — Vojtech Staňo, Mgr., starosta obce IČO: 00324001 DIČ: 2021235854 2. Názov: Obec",Zmluva o zriadení o SoU,VL/02/2026,/Users/kazimir/Desktop/BP/zmluvy_cleaned_checked_strict_valid/11817832.txt,False,False
11817836,spolupraca,spolupraca,spolupraca,ZMLUVA O SPOLUPRÁCI,ZMLUVA O SPOLUPRÁCI,UPJS - 902/2025,/Users/kazimir/Desktop/BP/zmluvy_cleaned_checked_strict_valid/11817836.txt,True,False
11817845,spolupraca,spolupraca,spolupraca,ZMLUVA O SPOLUPRÁCI,ZMLUVA O SPOLUPRÁCI,UPJS - 904/2025,/Users/kazimir/Desktop/BP/zmluvy_cleaned_checked_strict_valid/11817845.txt,True,False
11817858,spolupraca,spolupraca,spolupraca,ZMLUVA O SPOLUPRÁCI,ZMLUVA O SPOLUPRÁCI,UPJS - 905/2025,/Users/kazimir/Desktop/BP/zmluvy_cleaned_checked_strict_valid/11817858.txt,True,False
11817861,sluzby,sluzby,sluzby,"Zmluva o poskytovaní služby podľa § 536 zákona č. 513/1991 Z. z. v znení neskorších predpisov, ktorú uzavreli tieto zmluvné strany: Objednávateľ Názov: Sídlo:",Zmluva o poskytovaní služby podľa § 536 zákona č. 513/1991 Z. z. v znení neskorších predpisov,01/BOZP/2026,/Users/kazimir/Desktop/BP/zmluvy_cleaned_checked_strict_valid/11817861.txt,True,False
11817866,najom,najom,najom,Zmluva č. 1/2026_NZ o nájme nebytových priestorov,Zmluva č. 1/2026_NZ o nájme nebytových priestorov,01/2026_NZ,/Users/kazimir/Desktop/BP/zmluvy_cleaned_checked_strict_valid/11817866.txt,True,False
11817872,ukoncenie,ukoncenie,ukoncenie,Dohoda o ukončení nájomnej zmluvy č. 801011002-1-2025 DUNZ,Dohoda o ukončení nájomnej zmluvy  č. 801011002-1-2025 DUNZ,801011002-1-2025 DUNZ,/Users/kazimir/Desktop/BP/zmluvy_cleaned_checked_strict_valid/11817872.txt,True,False
11817875,najom,najom,najom,Zmluva č. 2/2026_NZ o nájme nebytových priestorov,Zmluva č. 2/2026_NZ o nájme nebytových priestorov,2/2026_NZ,/Users/kazimir/Desktop/BP/zmluvy_cleaned_checked_strict_valid/11817875.txt,True,False
11817879,dotacia,dotacia,dotacia,ZMLUVA O POSKYTNUTÍ DOTÁCIE č. 2025/1744,Zmluva o poskytnutí dotácie č. 2025/1744 z Ministerstva financií SR,2025/1744,/Users/kazimir/Desktop/BP/zmluvy_cleaned_checked_strict_valid/11817879.txt,True,False
11817884,dodatok,dodatok,dodatok,"Dodatok č. 1 k Zmluve o zabezpečení zberu použitých textílií, odevov a obuvi Občianske združenie: Sídlo: Korešpondenčná adresa: IČO: 50 383 230","Dodatok č. 1 k Zmluve o zabezpečení zberu použitých textílií, odevov a obuvi",Dodatok č. 1 ku zmluve 24_2020,/Users/kazimir/Desktop/BP/zmluvy_cleaned_checked_strict_valid/11817884.txt,True,False
11817887,dodatok,dodatok,dodatok,"DODATOK č. 15 k Zmluve o nájme nehnuteľnosti č. 262/2011 zo dňa 27.9.2011 uzavretej medzi: VPS Vysoké Tatry, s. r. o. sídlo: Starý Smokovec č. 18045, 062 01 Vysoké Tatry zastúpený Ing. Mária Hadnagyová a Michal Ovšonka, konatelia spoločnosti",Dodatok č. 15 k Zmluve o nájme nehnuteľnosti 262/2011,828,/Users/kazimir/Desktop/BP/zmluvy_cleaned_checked_strict_valid/11817887.txt,True,False
11817898,other,other,other,Číslo požičiavateľa: 1SprV/228/2025 Číslo vypožičiavateľa: Spr. 85/2025 ZMLUVA O VÝPOŽIČKE,Zmluva  o výpožičke,1SprV/228/2025,/Users/kazimir/Desktop/BP/zmluvy_cleaned_checked_strict_valid/11817898.txt,False,False
11817907,najom,najom,najom,Zmluva č. 3/2026_NZ o nájme nebytových priestorov,Zmluva č. 3/2026_NZ o nájme nebytových priestorov,3/2026_NZ,/Users/kazimir/Desktop/BP/zmluvy_cleaned_checked_strict_valid/11817907.txt,True,False
11817911,kolektivna,kolektivna,other,"GAUDEAMUS zariadenie komunitnej rehabilitácie Mokrohájska cesta 3, 845 12 Bratislava, v zastúpení: PhDr. Štefan Tvarožek – riaditeľ _______________________________________________________________ SLOVENSKÝ ODBOROVÝ ZVÄZ PRACOVNÍKOV ZDRAVOTNÍCTVA",Kolektívna zmluva od 1.1.2026 do 31.12.2026,122025,/Users/kazimir/Desktop/BP/zmluvy_cleaned_checked_strict_valid/11817911.txt,False,False
11817912,sluzby,sluzby,sluzby,"Číslo z Registra zmlúv EASR PSK: 2025/047 Čiastková zmluva Rámcovej zmluvy o poskytovaní služieb „Odborné prehliadky, odborné skúšky technických zariadení” č. 2025/047","Čiastková zmluva Rámcovej zmluvy o poskytoaní služieb ""Odborné prehliadky, odborné skúšky technických zariadení"" č. 2025/047",38/2025,/Users/kazimir/Desktop/BP/zmluvy_cleaned_checked_strict_valid/11817912.txt,True,False
11817914,najom,najom,najom,"Zmluva č. 1/2026 o nájme nebytového priestoru - Domu kultúry Prenajímateľ: Obec Sulín, zastúpená starostkou obce Annou Hiľákovou IČO: 00330191, DIČ: 2020698845 Bankové spojenie: VÚB Stará Ľubovňa, IBAN:SK23 0200 00000000 1492 5602",Nájomná zmluva o nájme nebytového priestoru  Domu kultúry v dňoch 02.01.2026 - 03.01.2026 - ples,Su-1/2026,/Users/kazimir/Desktop/BP/zmluvy_cleaned_checked_strict_valid/11817914.txt,True,False
11817922,ramcova,ramcova,ramcova,Podľa ustanovení zákona č. 343/2015 Z. z. o verejnom obstarávaní a o zmene a doplnení niektorých zákonov v znení zákona č. 438/2015 Z. z. RÁMCOVÁ DOHODA č. 103.prrchbo-90/2025-10,RÁMCOVÁ DOHODA,103.prrchbo-90/2025-10,/Users/kazimir/Desktop/BP/zmluvy_cleaned_checked_strict_valid/11817922.txt,True,False
11817925,najom,najom,najom,Zmluva o nájme bytu č. S2025/01871/,Zmluva o nájme bytu,S2025/01871,/Users/kazimir/Desktop/BP/zmluvy_cleaned_checked_strict_valid/11817925.txt,True,False
11817927,najom,najom,najom,Zmluva o nájme bytu č. S2025/02009/,Zmluva o nájme bytu,S2025/02009,/Users/kazimir/Desktop/BP/zmluvy_cleaned_checked_strict_valid/11817927.txt,True,False
11817929,najom,najom,najom,Zmluva o nájme bytu č. S 2025/02299/,Zmluva o nájme bytu,S 2025/02299,/Users/kazimir/Desktop/BP/zmluvy_cleaned_checked_strict_valid/11817929.txt,True,False
11817931,najom,najom,najom,ZMLUVA O NÁJME,Zmluva o nájme,2025/211,/Users/kazimir/Desktop/BP/zmluvy_cleaned_checked_strict_valid/11817931.txt,True,False
11817933,ramcova,ramcova,ramcova,Podľa ustanovení zákona č. 343/2015 Z. z. o verejnom obstarávaní a o zmene a doplnení niektorých zákonov v znení zákona č. 438/2015 Z. z. RÁMCOVÁ DOHODA č. 103.prrchbo-90/2025-11,RÁMCOVÁ DOHODA,103.prrchbo-90/2025-11,/Users/kazimir/Desktop/BP/zmluvy_cleaned_checked_strict_valid/11817933.txt,True,False
11817934,other,other,other,"ZMLUVA č.1/2025/S0Ú o zriadení Spoločného obecného úradu Budimír uzatvorená podľa $ 20a zákona SNR č. 369/1990 Zb. o obecnom zriadení v znení neskorších predpisov uzatvorená medzi: Učastníci zmluvy: 1. Názov: Obec Budimír Sídlo: Zámocká 22/4, 044 43 Budimír Zastúpená: — Vojtech Staňo, Mgr., starosta obce IČO: 00324001 DIČ: 2021235854 2. Názov: Obec",Zmluva o zriadení Spoločného obecného úradu  Budimír,1/2025/SoÚ,/Users/kazimir/Desktop/BP/zmluvy_cleaned_checked_strict_valid/11817934.txt,False,False
11817938,dodatok,dodatok,dodatok,"Číslo dodatku: PSK-SIEA-002-2023-DV-EFRR/FFV5/D2 DODATOK č. 2 K ZMLUVE O POSKYTNUTÍ NENÁVRATNÉHO FINANČNÉHO PRÍSPEVKU (ďalej len „Dodatok“) Číslo zmluvy: PSK-SIEA-002-2023-DV-EFRR/FFV5 uzavretý podľa § 269 ods. 2 zákona č. 513/1991 Zb. Obchodný zákonník v znení neskorších predpisov,",DODATOK č. 2 K ZMLUVE O POSKYTNUTÍ NENÁVRATNÉHO FINANČNÉHO PRÍSPEVKU  Číslo zmluvy: PSK-SIEA-002-2023-DV-EFRR/FFV5,DODATOK č. 2 PSK-SIEA-002-2023-DV-EFRR/FFV5/D2,/Users/kazimir/Desktop/BP/zmluvy_cleaned_checked_strict_valid/11817938.txt,True,False
11817941,dodatok,dodatok,dodatok,D o d a t o k č. 3 k Nájomnej zmluve č. 804096120-2-2023-NZNP uzatvorenej v súlade so zákonom č. 116/1990 Zb. o nájme a podnájme nebytových priestorov v znení neskorších predpisov (ďalej len „Dodatok č. 3“) medzi týmito zmluvnými stranami: ZMLUVNÉ STRANY,D o d a t o k  č. 3 k Nájomnej zmluve č. 804096120-2-2023-NZNP,D o d a t o k  č. 3 k Nájomnej zmluve č. 804096120-2-2023-NZNP,/Users/kazimir/Desktop/BP/zmluvy_cleaned_checked_strict_valid/11817941.txt,True,False
11817942,ramcova,ramcova,ramcova,Podľa ustanovení zákona č. 343/2015 Z. z. o verejnom obstarávaní a o zmene a doplnení niektorých zákonov v znení zákona č. 438/2015 Z. z. RÁMCOVÁ DOHODA č. 103.prrchbo-90/2025-12,RÁMCOVÁ DOHODA,103.prrchbo-90/2025-12,/Users/kazimir/Desktop/BP/zmluvy_cleaned_checked_strict_valid/11817942.txt,True,False
11817947,ramcova,ramcova,ramcova,Podľa ustanovení zákona č. 343/2015 Z. z. o verejnom obstarávaní a o zmene a doplnení niektorých zákonov v znení zákona č. 438/2015 Z. z. RÁMCOVÁ DOHODA č. 103.prrchbo-90/2025-13,RÁMCOVÁ DOHODA,103.prrchbo-90/2025-13,/Users/kazimir/Desktop/BP/zmluvy_cleaned_checked_strict_valid/11817947.txt,True,False
11817949,prispevok,other,prispevok,Umowa o dofinansowanie projektu Zmluva o poskytnutí príspevku pre projekt Umowa o dofinansowanie nr PLSK.03.01-IP.01-0013/25-00 Zmluva o poskytnutí príspevku č. PLSK.03.01-IP.01-0013/25-00,"Zmluva o poskytnutí NFP pre projekt č. PLSK.03.01-IP.01-0013/25 s názvom: ""Na bicykli okolo Tatier-spoločné cyklotrasy / Na rowerze wokół Tatr–wspólne trasy rowerowe""",1079/2025/ORR,/Users/kazimir/Desktop/BP/zmluvy_cleaned_checked_strict_valid/11817949.txt,True,False
11817951,najom,najom,najom,Nájomná zmluva č. 1/2026,najomná zmluva,NZ 1/2026,/Users/kazimir/Desktop/BP/zmluvy_cleaned_checked_strict_valid/11817951.txt,True,False
11817953,najom,najom,najom,Nájomná zmluva č. 2/2026,nájomná zmluva Brioso,NZ 2/2026,/Users/kazimir/Desktop/BP/zmluvy_cleaned_checked_strict_valid/11817953.txt,True,False
11817959,ramcova,ramcova,ramcova,Podľa ustanovení zákona č. 343/2015 Z. z. o verejnom obstarávaní a o zmene a doplnení niektorých zákonov v znení zákona č. 438/2015 Z. z. RÁMCOVÁ DOHODA č. 103.prrchbo-90/2025-14,RÁMCOVÁ DOHODA,103.prrchbo-90/2025-14,/Users/kazimir/Desktop/BP/zmluvy_cleaned_checked_strict_valid/11817959.txt,True,False
11817966,ramcova,ramcova,ramcova,Podľa ustanovení zákona č. 343/2015 Z. z. o verejnom obstarávaní a o zmene a doplnení niektorých zákonov v znení zákona č. 438/2015 Z. z. RÁMCOVÁ DOHODA č. 103.prrchbo-90/2025-15,RÁMCOVÁ DOHODA,103.prrchbo-90/2025-15,/Users/kazimir/Desktop/BP/zmluvy_cleaned_checked_strict_valid/11817966.txt,True,False
11817972,ramcova,ramcova,ramcova,Podľa ustanovení zákona č. 343/2015 Z. z. o verejnom obstarávaní a o zmene a doplnení niektorých zákonov v znení zákona č. 438/2015 Z. z. RÁMCOVÁ DOHODA č. 103.prrchbo-90/2025-16,RÁMCOVÁ DOHODA,103.prrchbo-90/2025-16,/Users/kazimir/Desktop/BP/zmluvy_cleaned_checked_strict_valid/11817972.txt,True,False
11817978,other,other,other,"ZMLUVA č.1/2025/S0Ú o zriadení Spoločného obecného úradu Budimír uzatvorená podľa $ 20a zákona SNR č. 369/1990 Zb. o obecnom zriadení v znení neskorších predpisov uzatvorená medzi: Učastníci zmluvy: 1. Názov: Obec Budimír Sídlo: Zámocká 22/4, 044 43 Budimír Zastúpená: — Vojtech Staňo, Mgr., starosta obce IČO: 00324001 DIČ: 2021235854 2. Názov: Obec",Zmluva č.1/2025/SoÚ o zriadení Spoločného obecného úradu Budimír,2026/1,/Users/kazimir/Desktop/BP/zmluvy_cleaned_checked_strict_valid/11817978.txt,False,False
11817982,other,other,other,"ZMLUVA č.1/2025/S0Ú o zriadení Spoločného obecného úradu Budimír uzatvorená podľa $ 20a zákona SNR č. 369/1990 Zb. o obecnom zriadení v znení neskorších predpisov uzatvorená medzi: Učastníci zmluvy: 1. Názov: Obec Budimír Sídlo: Zámocká 22/4, 044 43 Budimír Zastúpená: — Vojtech Staňo, Mgr., starosta obce IČO: 00324001 DIČ: 2021235854 2. Názov: Obec",ZMLUVA č.1/2025/S0Úo zriadení Spoločného obecného úradu Budimír,2026/001,/Users/kazimir/Desktop/BP/zmluvy_cleaned_checked_strict_valid/11817982.txt,False,False
11817997,najom,najom,najom,"Zmluva k itk d b b t o o om najme ne y ovyc prres orov c ' h "" L/J/GtJCJ.000../ 1:v..~ ~.",Zmluva o krátkodobom nájme - nájom nebytových priestorov na účely výučby anglického jazyka,2026000002,/Users/kazimir/Desktop/BP/zmluvy_cleaned_checked_strict_valid/11817997.txt,True,False
11818002,dodatok,sluzby,dodatok,"Dodatok č. 3 k Zmluve o poskytovaní služieb zdravotnej starostlivosti uzatvorenej v súlade s ustanoveniami § 724 a nasl. Občianskeho zákonníka a zákona NR SR č. 576/2004 Z. z. o zdravotnej starostlivosti, službách súvisiacich s poskytovaním zdravotnej starostlivosti v spojení s príslušnými ustanoveniami zákona NR SR",Zmluva o poskytovaní služieb zdravotnej starostlivosti,3,/Users/kazimir/Desktop/BP/zmluvy_cleaned_checked_strict_valid/11818002.txt,True,False
11818005,spolupraca,spolupraca,spolupraca,ZMLUVA O SPOLUPRÁCI,ZMLUVA O SPOLUPRÁCI,UPJS - 907/2025,/Users/kazimir/Desktop/BP/zmluvy_cleaned_checked_strict_valid/11818005.txt,True,False
11818015,najom,najom,najom,NZ 01/2026 37958003 NÁJOMNÁ ZMLUVA o nájme nebytových priestorov uzatvorená v zmysle §3 zákona 116/1990 Zb. o nájme a podnájme nebytových priestorov a §663 a nasl. zákona č. 40/1964 Občiansky zákonník ZMLUVNÉ STRANY Prenajímateľ:,Nájomná zmluva o nájme nebytových priestorov uzatvorená v zmysle §3 zákona 116/1990 Zb.o nájme a podnájme nebytových priestorov,01/2026,/Users/kazimir/Desktop/BP/zmluvy_cleaned_checked_strict_valid/11818015.txt,True,False
11818019,hrobove_miesto,hrobove_miesto,hrobove_miesto,Zmluva číslo 884/2026 o nájme miesta na pohrebisku Ražňany - Hlavný,Zmluva číslo 884/2026 o nájme miesta na pohrebisku Ražňany - Hlavný,12026,/Users/kazimir/Desktop/BP/zmluvy_cleaned_checked_strict_valid/11818019.txt,True,False
11818036,spolupraca,spolupraca,spolupraca,ZMLUVA O SPOLUPRÁCI,ZMLUVA O SPOLUPRÁCI,UPJS - 908/2025,/Users/kazimir/Desktop/BP/zmluvy_cleaned_checked_strict_valid/11818036.txt,True,False
11818054,najom,najom,najom,Nájomná zmluva a zmluva o budúcej zmluve o vecnom bremene č. 65801/NZ+VB-260/2025/Likavka/7596-04/0920/DPP (ďalej aj ako „zmluva“),Nájomná zmluva a zmluva o budúcej zmluve o vecnom bremene,65801/NZ+VB-260/2025/Likavka/7596-04/0920/DPP,/Users/kazimir/Desktop/BP/zmluvy_cleaned_checked_strict_valid/11818054.txt,True,False
11818066,prispevok,prispevok,prispevok,Číslo záznamu: Číslo: zabezpečení podmienok vykonávania aktivačnej činnosti formou menších obecných služieb pre obec poskytnutí príspevku na aktivačnú činnosť formou menších ých služieb obci,D O H O D A číslo: 25/41/054/1809 o zabezpečení podmienok vykonávania aktivačnej činnosti formou menších obecných služieb pre obec a o poskytnutí príspevku na aktivačnú činnosť formou menších obecných služieb obci - v rámci projektu PUPN 4,25/41/054/1809,/Users/kazimir/Desktop/BP/zmluvy_cleaned_checked_strict_valid/11818066.txt,True,False
11818068,other,other,other,"ZMLUVA č.1/2025/S0Ú o zriadení Spoločného obecného úradu Budimír uzatvorená podľa $ 20a zákona SNR č. 369/1990 Zb. o obecnom zriadení v znení neskorších predpisov uzatvorená medzi: Učastníci zmluvy: 1. Názov: Obec Budimír Sídlo: Zámocká 22/4, 044 43 Budimír Zastúpená: — Vojtech Staňo, Mgr., starosta obce IČO: 00324001 DIČ: 2021235854 2. Názov: Obec",Zmluva,56/2025,/Users/kazimir/Desktop/BP/zmluvy_cleaned_checked_strict_valid/11818068.txt,False,False
11818074,kolektivna,kolektivna,kolektivna,Kolektívna zmluva na rok 2026,Kolektívna zmluv na rok 2026,2/2026,/Users/kazimir/Desktop/BP/zmluvy_cleaned_checked_strict_valid/11818074.txt,True,False
11818076,najom,najom,najom,Nájomná zmluva č. 848174 119-1-2025-NZP,Nájomná zmluva  č. 848174 119-1-2025-NZP,848174 119-1-2025-NZP,/Users/kazimir/Desktop/BP/zmluvy_cleaned_checked_strict_valid/11818076.txt,True,False
11818081,ramcova,ramcova,ramcova,Rámcová zmluva o dodávke stravy,Rámcová zmluva o dodávke stravy,Rámcová zmluva o dodávke stravy,/Users/kazimir/Desktop/BP/zmluvy_cleaned_checked_strict_valid/11818081.txt,True,False
11818102,ramcova,ramcova,ramcova,Podľa ustanovení zákona č. 343/2015 Z. z. o verejnom obstarávaní a o zmene a doplnení niektorých zákonov v znení zákona č. 438/2015 Z. z. RÁMCOVÁ DOHODA 12.mpr-2-OSE-11,RÁMCOVÁ DOHODA,12.mpr-2-OSE-11,/Users/kazimir/Desktop/BP/zmluvy_cleaned_checked_strict_valid/11818102.txt,True,False
11818110,spolupraca,spolupraca,spolupraca,ZMLUVA O SPOLUPRÁCI,ZMLUVA O SPOLUPRÁCI,UPJS - 909/2025,/Users/kazimir/Desktop/BP/zmluvy_cleaned_checked_strict_valid/11818110.txt,True,False
11818120,ukoncenie,ukoncenie,ukoncenie,Dohoda o zrušení Nájomnej zmluvy č. 2023002455 uzatvorenej podľa § 663 a násl. Občianskeho zákonníka I. ZMLUVNÉ STRANY Prenajímateľ: Mesto Košice,Dohoda o ukončení NZ č. 2023002455,2026000003,/Users/kazimir/Desktop/BP/zmluvy_cleaned_checked_strict_valid/11818120.txt,True,False
11818128,najom,najom,najom,"DOHODA O POSKYTNUTÍ UBYTOVANIA č.: 2.mb-19/2026 medzi Ministerstvom obrany Slovenskej republiky zastúpeným: brig. gen. Ing. Jozef KASL, Veliteľstvo 2. mechanizovanej brigády, Námestie legionárov 4, 080 01 Prešov IČO: 30845572",Dohoda o poskytnutí ubytovania,2.mb-19/2026,/Users/kazimir/Desktop/BP/zmluvy_cleaned_checked_strict_valid/11818128.txt,True,False
11818129,dotacia,dotacia,dotacia,ZMLUVA O POSKYTNUTÍ DOTÁCIE č. 2025/1768,Zmluva o poskytnutí dotácie,2025/1768,/Users/kazimir/Desktop/BP/zmluvy_cleaned_checked_strict_valid/11818129.txt,True,False
11818133,hrobove_miesto,hrobove_miesto,hrobove_miesto,ZMLUVA O NÁJME hrobového miesta č. 22/2025,Zmluva na hrobové miesto,01_zmluva_2026,/Users/kazimir/Desktop/BP/zmluvy_cleaned_checked_strict_valid/11818133.txt,True,False
11818144,najom,najom,najom,"DOHODA O POSKYTNUTÍ UBYTOVANIA č.: 2.mb-19/2026-1 medzi Ministerstvom obrany Slovenskej republiky zastúpeným: brig. gen. Ing. Jozef KASL, Veliteľstvo 2. mechanizovanej brigády, Námestie legionárov 4, 080 01 Prešov IČO: 30845572",Dohoda o poskytnutí ubytovania,2.mb-19/2026-1,/Users/kazimir/Desktop/BP/zmluvy_cleaned_checked_strict_valid/11818144.txt,True,False
11818150,najom,najom,najom,"DOHODA O POSKYTNUTÍ UBYTOVANIA č.: 2.mb-19/2026-2 medzi Ministerstvom obrany Slovenskej republiky zastúpeným: brig. gen. Ing. Jozef KASL, Veliteľstvo 2. mechanizovanej brigády, Námestie legionárov 4, 080 01 Prešov IČO: 30845572",Dohoda o poskytnutí ubytovania,2.mb-19/2026-2,/Users/kazimir/Desktop/BP/zmluvy_cleaned_checked_strict_valid/11818150.txt,True,False
11818157,dodatok,dodatok,dodatok,Dodatok č. 1 k ZMLUVE O ZABEZPEČENÍ ODSTRAŇOVANIA VOZIDLA A UMIESTŇOVANIA VOZIDIEL NA URČENÉ PARKOVISKO č. z. ISS 669/2023,Dodatok č. 1 k Zmluve o zabezpečení odstraňovania vozidla a umiestňovania vozidiel na určené parkovisko - č. ISS: 669/2023,566/2025,/Users/kazimir/Desktop/BP/zmluvy_cleaned_checked_strict_valid/11818157.txt,True,False
11818158,dodatok,hrobove_miesto,dodatok,"DODATOK K ZMLUVE O NÁJME HROBOVÉHO MIESTA Dodatok č.1 ku zmluve č. B/316/2017 Nájomca: Jaroslava Jenčová Bydlisko: Malý Šariš 273, 08001 Malý Šariš Prenajímateľ: Obec Malý Šariš Sídlo: Malý Šariš 104, 08001 Malý Šariš",Zmluva o prenájme hrobového miesta,B/316/2017 / 1,/Users/kazimir/Desktop/BP/zmluvy_cleaned_checked_strict_valid/11818158.txt,True,False
11818164,spolupraca,spolupraca,spolupraca,ZMLUVA O SPOLUPRÁCI,ZMLUVA O SPOLUPRÁCI,UPJS - 910/2025,/Users/kazimir/Desktop/BP/zmluvy_cleaned_checked_strict_valid/11818164.txt,True,False
11818165,najom,najom,najom,"DOHODA O POSKYTNUTÍ UBYTOVANIA č.: 2.mb-19/2026-3 medzi Ministerstvom obrany Slovenskej republiky zastúpeným: brig. gen. Ing. Jozef KASL, Veliteľstvo 2. mechanizovanej brigády, Námestie legionárov 4, 080 01 Prešov IČO: 30845572",Dohoda o poskytnutí ubytovania,2.mb-19/2026-3,/Users/kazimir/Desktop/BP/zmluvy_cleaned_checked_strict_valid/11818165.txt,True,False
11818177,najom,najom,najom,"DOHODA O POSKYTNUTÍ UBYTOVANIA č.: 2.mb-19/2026-4 medzi Ministerstvom obrany Slovenskej republiky zastúpeným: brig. gen. Ing. Jozef KASL, Veliteľstvo 2. mechanizovanej brigády, Námestie legionárov 4, 080 01 Prešov IČO: 30845572",Dohoda o poskytnutí ubytovania,2.mb-19/2026-4,/Users/kazimir/Desktop/BP/zmluvy_cleaned_checked_strict_valid/11818177.txt,True,False
11818185,najom,najom,najom,"DOHODA O POSKYTNUTÍ UBYTOVANIA č.: 2.mb-19/2026-5 medzi Ministerstvom obrany Slovenskej republiky zastúpeným: brig. gen. Ing. Jozef KASL, Veliteľstvo 2. mechanizovanej brigády, Námestie legionárov 4, 080 01 Prešov IČO: 30845572",Dohoda o poskytnutí ubytovania,2.mb-19/2026-5,/Users/kazimir/Desktop/BP/zmluvy_cleaned_checked_strict_valid/11818185.txt,True,False
11818195,najom,najom,najom,"DOHODA O POSKYTNUTÍ UBYTOVANIA č.: 2.mb-19/2026-6 medzi Ministerstvom obrany Slovenskej republiky zastúpeným: brig. gen. Ing. Jozef KASL, Veliteľstvo 2. mechanizovanej brigády, Námestie legionárov 4, 080 01 Prešov IČO: 30845572",Dohoda o poskytnutí ubytovania,2.mb-19/2026-6,/Users/kazimir/Desktop/BP/zmluvy_cleaned_checked_strict_valid/11818195.txt,True,False
11818203,hrobove_miesto,hrobove_miesto,hrobove_miesto,Zmluva o nájme hrobového miesta č.: 8472/2025 variabilný symbol: 1508009126,Zmluva o nájme hrobového miesta,8472/2025,/Users/kazimir/Desktop/BP/zmluvy_cleaned_checked_strict_valid/11818203.txt,True,False
11818207,hrobove_miesto,hrobove_miesto,hrobove_miesto,"NÁJOMNÁ ZMLUVA HROBOVÉHO MIESTA č.: A/245/2026 Zmluvné strany Prenajímateľ: Technické služby mesta Svit, Ul. Hviezdoslavova 32, 059 21 Svit, Pohrebné a cintorínske služby, Nábrežie Jána Pavla II. 936/1, 059 21 Svit IČO: 00 186 864",Zmluva o prenájme hrobového miesta,A/245/2026,/Users/kazimir/Desktop/BP/zmluvy_cleaned_checked_strict_valid/11818207.txt,True,False
11818215,hrobove_miesto,hrobove_miesto,hrobove_miesto,Zmluva o nájme hrobového miesta č.: 8473/2025 variabilný symbol: 1601001293,Zmluva o nájme hrobového miesta,8473/2025,/Users/kazimir/Desktop/BP/zmluvy_cleaned_checked_strict_valid/11818215.txt,True,False
11818227,dodatok,dodatok,dodatok,"Dodatok č. 3 k zmluve č. 9500000145 o združenej dodávke elektriny Dodatok č. 3 k zmluve č. 9500000145 o združenej dodávke elektriny Zmluvné strany: Obchodné meno: V-Elektra Slovakia, a.s. Sídlo:",Dodatok č.3 k zmluva č. 9500000145 o združenej dodávke elektriny,2/2026,/Users/kazimir/Desktop/BP/zmluvy_cleaned_checked_strict_valid/11818227.txt,True,False
11818231,other,other,other,Zmluva o zriadení vecného bremena číslo ŽSK: 986/2025/KRÚ,Zmluva o zriadení vecného bremena,986/2025/KRÚ,/Users/kazimir/Desktop/BP/zmluvy_cleaned_checked_strict_valid/11818231.txt,False,False
11818233,sluzby,sluzby,sluzby,SERVISNÁ ZMLUVA č. 2025/153,Servisná zmluva č. 2025/153,81/2025,/Users/kazimir/Desktop/BP/zmluvy_cleaned_checked_strict_valid/11818233.txt,True,False
11818235,splatky_dlh,splatky_dlh,splatky_dlh,Dohoda o splátkach,Dohoda o splátkach k zmluve č. 2011014 o nájme nebytových priestorov - nebytové priestory v objekte podchodu pre peších na Ul. Kohútova 1/65 v Martine,1/2026,/Users/kazimir/Desktop/BP/zmluvy_cleaned_checked_strict_valid/11818235.txt,True,False
11818236,ukoncenie,ukoncenie,ukoncenie,DOHODA O UKONČENÍ NÁJOMNEJ ZMLUVY č. 2020000352,Dohoda o ukončení nájomnej zmluvy č. 2020000352,2026000005,/Users/kazimir/Desktop/BP/zmluvy_cleaned_checked_strict_valid/11818236.txt,True,False
11818246,spolupraca,spolupraca,spolupraca,ZMLUVA O SPOLUPRÁCI,ZMLUVA O SPOLUPRÁCI,UPJS - 911/2025,/Users/kazimir/Desktop/BP/zmluvy_cleaned_checked_strict_valid/11818246.txt,True,False
11818251,spolupraca,spolupraca,spolupraca,Zmluva o spolupráci č.,Zmluva o spolupráci - propagácia podujatí Múzea liptovskej dediny v Pribyline v informačných kanáloch obce Pribylina v roku 2026,79/2025,/Users/kazimir/Desktop/BP/zmluvy_cleaned_checked_strict_valid/11818251.txt,True,False
11818257,other,other,other,DAROVACIA ZNILUVA uzatvoreni v zmysle ustanovenf a podl'a $ 628 a nasl. Obiianskeho zdkonnika Obchodnd meno: Sidlo: ICo: DIi:,Darovacia zmluva,Darovacia zmluva,/Users/kazimir/Desktop/BP/zmluvy_cleaned_checked_strict_valid/11818257.txt,False,False
11818261,hrobove_miesto,hrobove_miesto,hrobove_miesto,"ZMLUVA O NÁJME HROBOVÉHO MIESTA Zmluvné strany: Mesto Senica so sídlom Štefánikova č.1408/56, 905 25 Senica IČO: 00 309 974 zastúpené správcom Sociálny podnik mesta Senica, s. r. o.",Zmluva o nájme hrobového miesta,01/01/2026,/Users/kazimir/Desktop/BP/zmluvy_cleaned_checked_strict_valid/11818261.txt,True,False
11818262,hrobove_miesto,hrobove_miesto,najom,ZMLUVA O NÁJME č. 48/33112/2025/CP,Zmluva o nájme hrobového miesta č. 48/33112/2025/CP - jednohrob,2/2026,/Users/kazimir/Desktop/BP/zmluvy_cleaned_checked_strict_valid/11818262.txt,True,True
11818269,hrobove_miesto,hrobove_miesto,najom,ZMLUVA O NÁJME č. 49/33212/2025/CP,Zmluva o nájme hrobového miesta č. 49/33112/2025/CP - jednohrob,3/2026,/Users/kazimir/Desktop/BP/zmluvy_cleaned_checked_strict_valid/11818269.txt,True,True
11818271,hrobove_miesto,hrobove_miesto,najom,ZMLUVA O NÁJME č. 50/28511/2025/CP,Zmluva o nájme hrobového miesta č. 50/33112/2025/CP - jednohrob,4/2026,/Users/kazimir/Desktop/BP/zmluvy_cleaned_checked_strict_valid/11818271.txt,True,True
11818275,najom,najom,najom,ZMLUVA o nájme spoločenských priestorov Zasadačky v budove Obecného domu v Belej nad Cirochou č. ZOD-01/2026 medzi Obcou Belá nad Cirochou Sídlo:,Zmluva o nájme spoločenských priestorov v budove Obecného domu v Belej nad Cirochou č. ZOD-01/2026,ZOD 01/2026,/Users/kazimir/Desktop/BP/zmluvy_cleaned_checked_strict_valid/11818275.txt,True,False
11818283,ramcova,other,ramcova,Rámcová dohoda č. 245012026,"Potraviny - Mäso, hydina a mäsové výrobky",245012026,/Users/kazimir/Desktop/BP/zmluvy_cleaned_checked_strict_valid/11818283.txt,True,False
11818289,ramcova,other,ramcova,Rámcová dohoda č. 245022026,Potraviny - Sirupy a čaje,245022026,/Users/kazimir/Desktop/BP/zmluvy_cleaned_checked_strict_valid/11818289.txt,True,False
11818293,kupa_predaj,kupa_predaj,kupa_predaj,Kúpna zmluva o prevode vlastníctva k nehnuteľnosti,Kúpna zmluva o  prevode vlastníctva k nehnuteľnosti,2025/026,/Users/kazimir/Desktop/BP/zmluvy_cleaned_checked_strict_valid/11818293.txt,True,False
11818295,ramcova,other,ramcova,Rámcová dohoda č. 245032026,Potraviny - Mlieko a mliečne výrobky,245032026,/Users/kazimir/Desktop/BP/zmluvy_cleaned_checked_strict_valid/11818295.txt,True,False
11818301,ramcova,other,ramcova,Rámcová dohoda č. 245042026,Potraviny - Základné potraviny,245042026,/Users/kazimir/Desktop/BP/zmluvy_cleaned_checked_strict_valid/11818301.txt,True,False
11818305,ramcova,other,ramcova,Rámcová dohoda č. 245052026,Potraviny - Mrazené potraviny,245052026,/Users/kazimir/Desktop/BP/zmluvy_cleaned_checked_strict_valid/11818305.txt,True,False
11818314,ramcova,other,ramcova,Rámcová dohoda č. 245072026,Potraviny - Chlieb a pečivo,245072026,/Users/kazimir/Desktop/BP/zmluvy_cleaned_checked_strict_valid/11818314.txt,True,False
11818320,ramcova,other,ramcova,Rámcová dohoda č. 245082026,Potraviny - Vajcia,245082026,/Users/kazimir/Desktop/BP/zmluvy_cleaned_checked_strict_valid/11818320.txt,True,False
11818325,ramcova,other,ramcova,Rámcová dohoda č. 245062026,Potraviny - Ovocie a zelenina,245062026,/Users/kazimir/Desktop/BP/zmluvy_cleaned_checked_strict_valid/11818325.txt,True,False
11818344,hrobove_miesto,hrobove_miesto,hrobove_miesto,Zmluva číslo 350/2025 o nájme miesta na pohrebisku Liptovská Štiavnica - Liptovská Štiavnica,Zmluva o prenájme hrobového miesta,350/2025,/Users/kazimir/Desktop/BP/zmluvy_cleaned_checked_strict_valid/11818344.txt,True,False
11818346,hrobove_miesto,hrobove_miesto,hrobove_miesto,Zmluva číslo 324/2025 o nájme miesta na pohrebisku Liptovská Štiavnica - Liptovská Štiavnica,Zmluva o prenájme hrobového miesta,324/2025,/Users/kazimir/Desktop/BP/zmluvy_cleaned_checked_strict_valid/11818346.txt,True,False
11818348,najom,najom,najom,Zmluva o nájme nebytových priestorov,Zmluva o nájme nebytových priestorov-KD,1/2026 INT,/Users/kazimir/Desktop/BP/zmluvy_cleaned_checked_strict_valid/11818348.txt,True,False
11818350,hrobove_miesto,hrobove_miesto,hrobove_miesto,Zmluva číslo B/291/2025 o prenájme miesta na pohrebisku Hranovnica - Hlavný,Zmluva číslo B/291/2025 o prenájme  miesta na pohrebisku,B/291/2025,/Users/kazimir/Desktop/BP/zmluvy_cleaned_checked_strict_valid/11818350.txt,True,False
11818356,hrobove_miesto,hrobove_miesto,najom,ZMLUVA O NÁJME č. 01/492605/2026/MC,Zmluva o nájme hrobového miesta č. 01/492605/2025/MC - urnové miesto v kolumbáriu,5/2026,/Users/kazimir/Desktop/BP/zmluvy_cleaned_checked_strict_valid/11818356.txt,True,True
11818376,sluzby,sluzby,sluzby,"ZMLTIVA O VYKONANi KURZU KORIUTOVANIA uzrvret{ podl'a ustrnoyeni. S 269. msl. zikonr 4.513/lE l Zb. Obchodn6ho z{konnlLa v znetrI n€skorfich predpisov (delej len ""ObchodnJ zikonnlk"") Zmluvn6 stranv Moravslcf Svitj Jrin 803, 908 7l Moravskj Svirj Jrin Objednivetel':",Zmluva o vykonaní kurzu korčuľovania,62/2025,/Users/kazimir/Desktop/BP/zmluvy_cleaned_checked_strict_valid/11818376.txt,True,False
11818383,najom,najom,najom,Zmluva o nájme bytu,Zmluva o nájme bytu,16/2025,/Users/kazimir/Desktop/BP/zmluvy_cleaned_checked_strict_valid/11818383.txt,True,False
11818385,dodatok,dodatok,dodatok,Dodatok 3 k zmluve č. 897/2005 o zverení majetku mesta do správy zo dňa 15.11. 2005,Dodatok č. 3 k zmluve č. 897/2005 o zverení majetku mesta do správy (2005000897),2026000006,/Users/kazimir/Desktop/BP/zmluvy_cleaned_checked_strict_valid/11818385.txt,True,False
11818389,other,other,other,Zmluva o výpožičke priestorov a inventára v priestoroch budovy č. 90 v Staškove Zmluvné strany Prenajímateľ: Zastúpený: Bankové spojenie: IBAN:,Zmluva o výpožičke priestorov,120/2025,/Users/kazimir/Desktop/BP/zmluvy_cleaned_checked_strict_valid/11818389.txt,False,False
11818391,ukoncenie,other,ukoncenie,"Dohoda o ukončení Nájomnej zmluvy č. 3/2017 Nitriansky samosprávny kraj Stredná odborná škola polytechnická, Ul. SNP 2, Zlaté Moravce So sídlom: Ul. SNP 2, 953 30 Zlaté Moravce Zastúpená: Mgr. Zuzanou Čižmárikovou, riaditeľkou IČO: 00159093",,124-2025,/Users/kazimir/Desktop/BP/zmluvy_cleaned_checked_strict_valid/11818391.txt,True,False
11818393,ukoncenie,other,ukoncenie,"Dohoda o ukončení Nájomnej zmluvy č. 11/2013 Nitriansky samosprávny kraj Stredná odborná škola polytechnická, Ul. SNP 2, Zlaté Moravce So sídlom: Ul. SNP 2, 953 30 Zlaté Moravce Zastúpená: Mgr. Zuzanou Čižmárikovou, riaditeľkou IČO: 00159093",,125-2025,/Users/kazimir/Desktop/BP/zmluvy_cleaned_checked_strict_valid/11818393.txt,True,False
11818395,other,other,other,"ZMLUVA č.1/2025/S0Ú o zriadení Spoločného obecného úradu Budimír uzatvorená podľa $ 20a zákona SNR č. 369/1990 Zb. o obecnom zriadení v znení neskorších predpisov uzatvorená medzi: Učastníci zmluvy: 1. Názov: Obec Budimír Sídlo: Zámocká 22/4, 044 43 Budimír Zastúpená: — Vojtech Staňo, Mgr., starosta obce IČO: 00324001 DIČ: 2021235854 2. Názov: Obec",Zmluva o zriadení Spoločného obecného úradu Budimír,1/2025/S0Ú,/Users/kazimir/Desktop/BP/zmluvy_cleaned_checked_strict_valid/11818395.txt,False,False
11818414,najom,najom,najom,Zmluva o nájme bytu,Zmluva o nájme bytu,17/2025,/Users/kazimir/Desktop/BP/zmluvy_cleaned_checked_strict_valid/11818414.txt,True,False
11818420,najom,najom,najom,Zmluva o nájme bytu,Zmluva o nájme bytu,18/2025,/Users/kazimir/Desktop/BP/zmluvy_cleaned_checked_strict_valid/11818420.txt,True,False
11818426,najom,najom,najom,Zmluva o nájme bytu,Zmluva o nájme bytu,19/2025,/Users/kazimir/Desktop/BP/zmluvy_cleaned_checked_strict_valid/11818426.txt,True,False
11818435,najom,najom,najom,Zmluva o nájme bytu,Zmluva o nájme bytu,20/2025,/Users/kazimir/Desktop/BP/zmluvy_cleaned_checked_strict_valid/11818435.txt,True,False
11818441,najom,najom,najom,Zmluva o nájme bytu,Zmluva o nájme bytu,21/2025,/Users/kazimir/Desktop/BP/zmluvy_cleaned_checked_strict_valid/11818441.txt,True,False
11818444,najom,najom,najom,Zmluva o nájme bytu,Zmluva o nájme bytu,22/2025,/Users/kazimir/Desktop/BP/zmluvy_cleaned_checked_strict_valid/11818444.txt,True,False
11818446,prispevok,prispevok,prispevok,"ZMLUVA Č. 253311 08U02 O POSKYTNUTÍ PODPORY Z ENVIRONMENTÁLNEHO FONDU FORMOU ÚVERU ďalej označovaná len ako „Zmluva“, uzatvorená medzi nasledovnými Zmluvnými stranami: Poskytovateľ podpory: Environmentálny fond so sídlom:",Zmluva č. 253311 08U02 o poskytnutí podpory z environmentálneho fondu formou úveru,ZOPU_001/2025,/Users/kazimir/Desktop/BP/zmluvy_cleaned_checked_strict_valid/11818446.txt,True,False
11818448,najom,najom,najom,Zmluva o nájme bytu č. S 2025/02280/,Zmluva o nájme bytu,S 2025/02280,/Users/kazimir/Desktop/BP/zmluvy_cleaned_checked_strict_valid/11818448.txt,True,False
11818450,najom,najom,najom,Zmluva o nájme bytu č. S 2025/01993/,Zmluva o nájme bytu,S 2025/01993,/Users/kazimir/Desktop/BP/zmluvy_cleaned_checked_strict_valid/11818450.txt,True,False
11818452,najom,najom,najom,Zmluva o nájme bytu č. S2025/01990/,Zmluva o nájme bytu,S2025/01990,/Users/kazimir/Desktop/BP/zmluvy_cleaned_checked_strict_valid/11818452.txt,True,False
11818454,dodatok,dodatok,dodatok,Dodatok č. 3 k Zmluve o nájme bytu č. S2022/02488/ uzatvorenej podľa §685 a nasl. zákona č. 40/1964 Zb. - Občiansky zákonník v znení neskorších predpisov a súvisiacich platných právnych predpisov medzi: ZMLUVNÉ STRANY Prenajímateľ:,Zmluva o nájme bytu,Dodatok č. 3 k S2022/02488,/Users/kazimir/Desktop/BP/zmluvy_cleaned_checked_strict_valid/11818454.txt,True,False
11818456,najom,najom,najom,Zmluva o nájme bytu č. S 2025/01945/,Zmluva o nájme bytu,S 2025/01945,/Users/kazimir/Desktop/BP/zmluvy_cleaned_checked_strict_valid/11818456.txt,True,False
11818458,najom,najom,najom,Zmluva o nájme bytu č. S2025/02076/,Zmluva o nájme bytu,S2025/02076,/Users/kazimir/Desktop/BP/zmluvy_cleaned_checked_strict_valid/11818458.txt,True,False
11818460,najom,najom,najom,Zmluva o nájme bytu č. S2025/02058/,Zmluva o nájme bytu,S2025/02058,/Users/kazimir/Desktop/BP/zmluvy_cleaned_checked_strict_valid/11818460.txt,True,False
11818462,najom,najom,najom,Zmluva o nájme bytu č. S2025/02012/,Zmluva o nájme bytu,S2025/02012,/Users/kazimir/Desktop/BP/zmluvy_cleaned_checked_strict_valid/11818462.txt,True,False
11818464,najom,najom,najom,Zmluva o nájme bytu č. S2025/02130/,Zmluva o nájme bytu,S2025/02130,/Users/kazimir/Desktop/BP/zmluvy_cleaned_checked_strict_valid/11818464.txt,True,False
11818466,najom,najom,najom,Zmluva o nájme bytu č. S 2025/02085/,Zmluva o nájme bytu,S 2025/02085,/Users/kazimir/Desktop/BP/zmluvy_cleaned_checked_strict_valid/11818466.txt,True,False
11818468,najom,najom,najom,Zmluva o nájme bytu č. S2025/02052/,Zmluva o nájme bytu,S2025/02052,/Users/kazimir/Desktop/BP/zmluvy_cleaned_checked_strict_valid/11818468.txt,True,False
11818470,najom,najom,najom,Zmluva o nájme bytu č. S2025/02010/,Zmluva o nájme bytu,S2025/02010,/Users/kazimir/Desktop/BP/zmluvy_cleaned_checked_strict_valid/11818470.txt,True,False
11818472,najom,najom,najom,Zmluva o nájme bytu č. S2025/02011/,Zmluva o nájme bytu,S2025/02011,/Users/kazimir/Desktop/BP/zmluvy_cleaned_checked_strict_valid/11818472.txt,True,False
11818474,najom,najom,najom,Zmluva o nájme bytu č. S2025/02069/,Zmluva o nájme bytu,S2025/02069,/Users/kazimir/Desktop/BP/zmluvy_cleaned_checked_strict_valid/11818474.txt,True,False
11818476,najom,najom,najom,Zmluva o nájme bytu č. S2025/02007/,Zmluva o nájme bytu,S2025/02007,/Users/kazimir/Desktop/BP/zmluvy_cleaned_checked_strict_valid/11818476.txt,True,False
11818478,najom,najom,najom,Zmluva o nájme bytu č. S2025/02006/,Zmluva o nájme bytu,S2025/02006,/Users/kazimir/Desktop/BP/zmluvy_cleaned_checked_strict_valid/11818478.txt,True,False
11818480,najom,najom,najom,Zmluva o nájme bytu č. S2025/02018/,Zmluva o nájme bytu,S2025/02018,/Users/kazimir/Desktop/BP/zmluvy_cleaned_checked_strict_valid/11818480.txt,True,False
11818482,najom,najom,najom,Zmluva o nájme bytu č. S 2025/01996/,Zmluva o nájme bytu,S 2025/01996,/Users/kazimir/Desktop/BP/zmluvy_cleaned_checked_strict_valid/11818482.txt,True,False
11818484,najom,najom,najom,Zmluva o nájme bytu č. S2025/01940/,Zmluva o nájme bytu,S2025/01940,/Users/kazimir/Desktop/BP/zmluvy_cleaned_checked_strict_valid/11818484.txt,True,False
11818486,najom,najom,najom,Zmluva o nájme bytu č. S2025/01941/,Zmluva o nájme bytu,S2025/01941,/Users/kazimir/Desktop/BP/zmluvy_cleaned_checked_strict_valid/11818486.txt,True,False
11818488,najom,najom,najom,Zmluva o nájme bytu č. S 2025/01942/,Zmluva o nájme bytu,S 2025/01942,/Users/kazimir/Desktop/BP/zmluvy_cleaned_checked_strict_valid/11818488.txt,True,False
11818490,najom,najom,najom,Zmluva o nájme bytu č. S2025/01988/,Zmluva o nájme bytu,S2025/01988,/Users/kazimir/Desktop/BP/zmluvy_cleaned_checked_strict_valid/11818490.txt,True,False
11818492,najom,najom,najom,Zmluva o nájme bytu,Zmluva o nájme bytu,23/2025,/Users/kazimir/Desktop/BP/zmluvy_cleaned_checked_strict_valid/11818492.txt,True,False
11818498,najom,najom,najom,Zmluva o nájme bytu,Zmluva o nájme bytu,24/2025,/Users/kazimir/Desktop/BP/zmluvy_cleaned_checked_strict_valid/11818498.txt,True,False
11818500,najom,najom,najom,"51. KRÍDLO PREŠOV Prešov, december 2025 Vranovská 68, 080 01 Prešov Výtlačok č.: Počet listov: 1 č.: 51.k-31/2026 DOHODA O POSKYTNUTÍ UBYTOVANIA",Dohoda o poskytnutí ubytovania,51.k-31/2026,/Users/kazimir/Desktop/BP/zmluvy_cleaned_checked_strict_valid/11818500.txt,True,False
11818502,najom,najom,najom,Zmluva o nájme bytu,Zmluva o nájme bytu,25/2025,/Users/kazimir/Desktop/BP/zmluvy_cleaned_checked_strict_valid/11818502.txt,True,False
11818505,najom,najom,najom,Zmluva o nájme bytu,Zmluva o nájme bytu,26/2025,/Users/kazimir/Desktop/BP/zmluvy_cleaned_checked_strict_valid/11818505.txt,True,False
11818514,dodatok,dodatok,dodatok,DODATOK č. 7 k Zmluve o nájme nebytových priestorov č. 3/2018/OMRR zo dňa 31.12.2018 uzatvorenej v zmysle zákona č. 116/1990 Zb. v znení neskorších predpisov Čl. I. Zmluvné strany Prenajímateľ:,Dodatok č. 7 k Zmluve o nájme nebytových priestorov č. 3/2018/OMRR zo dňa 31.12.2018,NZ-001/2026,/Users/kazimir/Desktop/BP/zmluvy_cleaned_checked_strict_valid/11818514.txt,True,False
11818534,dodatok,dodatok,dodatok,"Dodatok k Zmluve o poskytovaní verejne dostupných služieb (ďalej len ""Dodatok"") ID predajcu: Dátum: Ident. kód dodatku: Číslo zmluvy:",Dodatok k Zmluve o poskytovaní verejne dostupných služieb,53/2025/UVLF-IKT,/Users/kazimir/Desktop/BP/zmluvy_cleaned_checked_strict_valid/11818534.txt,True,False
11818553,other,other,other,"Zmluva o uzavretí budúcej zmluvy o zriadení vecného bremena podľa ustanovenia § 50a v spojení s § 151o zák. č. 40/1964 Z.z. Občianskeho zákonníka (ďalej len „Zmluva“) Názov stavby: „Prepojenie okruhov kotolní K-2, K-3 a K-4, Kežmarok“ Budúci povinný z vecného bremena:",Zmluva o uzavretí budúcej zmluvy o zriadení vecného bremena -Spravbytherm s.r.o.,550/2025,/Users/kazimir/Desktop/BP/zmluvy_cleaned_checked_strict_valid/11818553.txt,False,False
11818556,najom,najom,najom,N Á J O M N Á ZMLUVA č.,"Nájomná zmluva - prenájom pozemkov v k.ú. Severné Mesto, lokalita Letná ul.",2026000007,/Users/kazimir/Desktop/BP/zmluvy_cleaned_checked_strict_valid/11818556.txt,True,False
11818570,dodatok,dodatok,dodatok,Dodatok č. 1 k Zmluve o zriadení spoločného obecného úradu (ďalej len „dodatok“) uzatvorenej dňa 23.11.2009 v súlade s § 20a zákona č. 369/1990 Zb. o obecnom zriadení v znení neskorších predpisov Účastníci zmluvy:,Dodatok č. 1 k Zmluve o zriadení spoločného obecného úradu,1/2026,/Users/kazimir/Desktop/BP/zmluvy_cleaned_checked_strict_valid/11818570.txt,True,False
11818574,other,other,other,ZMLUVA č. 4 4 0 / 2 0 2 5 o poskytnutí technicko-ekonomických dát a technických údajov,Zmluva č. 440/2025,53/2025,/Users/kazimir/Desktop/BP/zmluvy_cleaned_checked_strict_valid/11818574.txt,False,False
11818576,hrobove_miesto,hrobove_miesto,hrobove_miesto,"č.j.: 2672/2025/SMS-PC Nájomná zmluva Prenajímateľ je prevádzkovateľom pohrebiska - Cintorín Párovce,vykonávajúcim jeho správu a",Nájomná zmlluva k hrobovému miestu Párovský cint. 29/16,2672/2025,/Users/kazimir/Desktop/BP/zmluvy_cleaned_checked_strict_valid/11818576.txt,True,False
11818578,hrobove_miesto,hrobove_miesto,hrobove_miesto,"č.j.: 2673/2025/SMS-PC Nájomná zmluva Prenajímateľ je prevádzkovateľom pohrebiska - Cintorín Mestský,vykonávajúcim jeho správu a",Nájomná zmluva k hrobovému miestu mestský 12/2,2673/2025,/Users/kazimir/Desktop/BP/zmluvy_cleaned_checked_strict_valid/11818578.txt,True,False
11818580,hrobove_miesto,hrobove_miesto,najom,č.j.: 2682/2025/SMS-PC Nájomná zmluva,Nájomná zmluva k HM cintorín Mlynárce 181/C,2682/2025,/Users/kazimir/Desktop/BP/zmluvy_cleaned_checked_strict_valid/11818580.txt,True,True
11818582,hrobove_miesto,hrobove_miesto,najom,č.j.: 2683/2025/SMS-PC Nájomná zmluva,Nájomná zmluva k hrobovému miestu CSCM 35/E8,2683/2025,/Users/kazimir/Desktop/BP/zmluvy_cleaned_checked_strict_valid/11818582.txt,True,True
11818584,hrobove_miesto,hrobove_miesto,hrobove_miesto,"č.j.: 2686/2025/SMS-PC Nájomná zmluva Prenajímateľ je prevádzkovateľom pohrebiska - Dol. Krškany pri kost.-II,vykonávajúcim jeho",Nájomná zmluva k hrobovému miestu Dolné Krškany pri kostole 55/5,2686/2025,/Users/kazimir/Desktop/BP/zmluvy_cleaned_checked_strict_valid/11818584.txt,True,False
11818586,hrobove_miesto,hrobove_miesto,najom,č.j.: 2688/2025/SMS-PC Nájomná zmluva,Nájomná zmluva k hrobovému miestu Mlynárce 257/B,2688/2025,/Users/kazimir/Desktop/BP/zmluvy_cleaned_checked_strict_valid/11818586.txt,True,True
11818588,hrobove_miesto,hrobove_miesto,hrobove_miesto,"č.j.: 2691/2025/SMS-PC Nájomná zmluva Prenajímateľ je prevádzkovateľom pohrebiska - Cintorín Mestský,vykonávajúcim jeho správu a",Nájomná zmluva k hrobovému miestu mestský 538/11,2691/2025,/Users/kazimir/Desktop/BP/zmluvy_cleaned_checked_strict_valid/11818588.txt,True,False
11818590,najom,najom,najom,"Zmluva o dočasnom užívaní (prenájme) Synagógy, koncertnej a výstavnej siene mesta Nitry Č. j.: 1 /2026/OK Zmluvné strany: Prenajímateľ: Mesto Nitra Štefánikova trieda 60, 950 06 Nitra",Zmluva o dočasnom užívaní /prenájme Synagógy - Novoročný koncert,1/2026,/Users/kazimir/Desktop/BP/zmluvy_cleaned_checked_strict_valid/11818590.txt,True,False
11818592,hrobove_miesto,hrobove_miesto,hrobove_miesto,"ZMLUVA O NÁJME HROBOVÉHO MIESTA č. 2025 0503 Zmluvné strany: 1. Mestské služby mesta Trnava So sídlom: Priemyselná 5, 917 01 Trnava Zastúpené: Ing. Andrea Tomašovičová - riaditeľka",NZ HM S16/15 jednohrob KC,1897/2025,/Users/kazimir/Desktop/BP/zmluvy_cleaned_checked_strict_valid/11818592.txt,True,False
11818594,hrobove_miesto,hrobove_miesto,hrobove_miesto,"ZMLUVA O NÁJME HROBOVÉHO MIESTA č. 2025 0517 Zmluvné strany: 1. Mestské služby mesta Trnava So sídlom: Priemyselná 5, 917 01 Trnava Zastúpené: Ing. Andrea Tomašovičová - riaditeľka",NZ HM 10/276 jednohrob KC,1906/2025,/Users/kazimir/Desktop/BP/zmluvy_cleaned_checked_strict_valid/11818594.txt,True,False
11818596,hrobove_miesto,hrobove_miesto,hrobove_miesto,"ZMLUVA O NÁJME HROBOVÉHO MIESTA č. 2025 0518 Zmluvné strany: 1. Mestské služby mesta Trnava So sídlom: Priemyselná 5, 917 01 Trnava Zastúpené: Ing. Andrea Tomašovičová - riaditeľka",NZ HM 9/207 jednohrob TV,1907/2025,/Users/kazimir/Desktop/BP/zmluvy_cleaned_checked_strict_valid/11818596.txt,True,False
11818598,hrobove_miesto,hrobove_miesto,hrobove_miesto,"ZMLUVA O NÁJME HROBOVÉHO MIESTA č. 2025 0519 Zmluvné strany: 1. Mestské služby mesta Trnava So sídlom: Priemyselná 5, 917 01 Trnava Zastúpené: Ing. Andrea Tomašovičová - riaditeľka",NZ HM 19/40 jednohrob TV,1908/2025,/Users/kazimir/Desktop/BP/zmluvy_cleaned_checked_strict_valid/11818598.txt,True,False
11818600,hrobove_miesto,hrobove_miesto,hrobove_miesto,"ZMLUVA O NÁJME HROBOVÉHO MIESTA č. 2025 0520 Zmluvné strany: 1. Mestské služby mesta Trnava So sídlom: Priemyselná 5, 917 01 Trnava Zastúpené: Ing. Andrea Tomašovičová - riaditeľka",NZ HM 9/193 jednohrob KC,1909/2025,/Users/kazimir/Desktop/BP/zmluvy_cleaned_checked_strict_valid/11818600.txt,True,False
11818602,hrobove_miesto,hrobove_miesto,hrobove_miesto,"ZMLUVA O NÁJME HROBOVÉHO MIESTA č. 2025 0509 Zmluvné strany: 1. Mestské služby mesta Trnava So sídlom: Priemyselná 5, 917 01 Trnava Zastúpené: Ing. Andrea Tomašovičová - riaditeľka",NZ HM 6/407 urna TV,1911/2025,/Users/kazimir/Desktop/BP/zmluvy_cleaned_checked_strict_valid/11818602.txt,True,False
11818604,hrobove_miesto,hrobove_miesto,hrobove_miesto,"ZMLUVA O NÁJME HROBOVÉHO MIESTA č. 2025 0521 Zmluvné strany: 1. Mestské služby mesta Trnava So sídlom: Priemyselná 5, 917 01 Trnava Zastúpené: Ing. Andrea Tomašovičová - riaditeľka",NZ HM 18/58 jednohrob KC,1912/2025,/Users/kazimir/Desktop/BP/zmluvy_cleaned_checked_strict_valid/11818604.txt,True,False
11818606,hrobove_miesto,hrobove_miesto,hrobove_miesto,"ZMLUVA O NÁJME HROBOVÉHO MIESTA č. 2025 0514 Zmluvné strany: 1. Mestské služby mesta Trnava So sídlom: Priemyselná 5, 917 01 Trnava Zastúpené: Ing. Andrea Tomašovičová - riaditeľka",NZ HM 17/293 jednohrob KC,1913/2025,/Users/kazimir/Desktop/BP/zmluvy_cleaned_checked_strict_valid/11818606.txt,True,False
11818608,hrobove_miesto,hrobove_miesto,hrobove_miesto,"ZMLUVA O NÁJME HROBOVÉHO MIESTA č. 2025 0513 Zmluvné strany: 1. Mestské služby mesta Trnava So sídlom: Priemyselná 5, 917 01 Trnava Zastúpené: Ing. Andrea Tomašovičová - riaditeľka",NZ HM 4/295 jednohrob TV,1914/2025,/Users/kazimir/Desktop/BP/zmluvy_cleaned_checked_strict_valid/11818608.txt,True,False
11818610,hrobove_miesto,hrobove_miesto,hrobove_miesto,"ZMLUVA O NÁJME HROBOVÉHO MIESTA č. 2025 0509 Zmluvné strany: 1. Mestské služby mesta Trnava So sídlom: Priemyselná 5, 917 01 Trnava Zastúpené: Ing. Andrea Tomašovičová - riaditeľka",NZ HM 6/211 jednohrob TV,1916/2025,/Users/kazimir/Desktop/BP/zmluvy_cleaned_checked_strict_valid/11818610.txt,True,False
11818612,hrobove_miesto,hrobove_miesto,hrobove_miesto,"ZMLUVA O NÁJME HROBOVÉHO MIESTA č. 2025 0523 Zmluvné strany: 1. Mestské služby mesta Trnava So sídlom: Priemyselná 5, 917 01 Trnava Zastúpené: Ing. Andrea Tomašovičová - riaditeľka",NZ HM S16/16 jednohrob KC,1917/2025,/Users/kazimir/Desktop/BP/zmluvy_cleaned_checked_strict_valid/11818612.txt,True,False
11818614,hrobove_miesto,hrobove_miesto,hrobove_miesto,"ZMLUVA O NÁJME HROBOVÉHO MIESTA č. 2025 0501 Zmluvné strany: 1. Mestské služby mesta Trnava So sídlom: Priemyselná 5, 917 01 Trnava Zastúpené: Ing. Andrea Tomašovičová - riaditeľka",NZ HM 12/152 urna KC,1918/2025,/Users/kazimir/Desktop/BP/zmluvy_cleaned_checked_strict_valid/11818614.txt,True,False
11818616,hrobove_miesto,hrobove_miesto,hrobove_miesto,"ZMLUVA O NÁJME HROBOVÉHO MIESTA č. 2025 0495 Zmluvné strany: 1. Mestské služby mesta Trnava So sídlom: Priemyselná 5, 917 01 Trnava Zastúpené: Ing. Andrea Tomašovičová - riaditeľka",NZ HM 14/236 dvojhrob KC,1919/2025,/Users/kazimir/Desktop/BP/zmluvy_cleaned_checked_strict_valid/11818616.txt,True,False
11818618,prispevok,sluzby,prispevok,Číslo záznamu: Číslo: zabezpečení podmienok vykonávania aktivačnej činnosti formou menších obecných služieb pre obec poskytnutí príspevku na aktivačnú činnosť formou menších ých služieb obci,D O H O D A Číslo: 25/37/054/2665 o zabezpečení podmienok vykonávania aktivačnej činnosti formou menších obecných služieb pre obec,47/2025,/Users/kazimir/Desktop/BP/zmluvy_cleaned_checked_strict_valid/11818618.txt,True,False
11818627,prispevok,prispevok,prispevok,Zmluva o poskytnutí príspevku na dopravné služby,Zmluva o poskytnutí príspevku na dopravné služby,43/2025,/Users/kazimir/Desktop/BP/zmluvy_cleaned_checked_strict_valid/11818627.txt,True,False
11818665,other,other,other,ZMLUVA o zriadení spoločného obecného úradu,Zmluva o zriadení spoločného obecného úradu,Zmluva č.38/2025,/Users/kazimir/Desktop/BP/zmluvy_cleaned_checked_strict_valid/11818665.txt,False,False
11818683,spolupraca,spolupraca,spolupraca,ZMLUVA O SPOLUPRÁCI,ZMLUVA O SPOLUPRÁCI,UPJS - 912/2025,/Users/kazimir/Desktop/BP/zmluvy_cleaned_checked_strict_valid/11818683.txt,True,False
11818684,dodatok,dodatok,dodatok,DODATOK Č. 1 K NÁJOMNEJ ZMLUVE o nájme bytu č. 7 v bytovom dome na ul. Gen. Svobodu č. 119A (Dom humanity) uzatvorenej podľa § 685 a nasl. Občianskeho zákonníka Prenajímateľ: Štat. zástupca:,Dodatok č. 1 - k Nájomnej zmluve - byt,336/2025,/Users/kazimir/Desktop/BP/zmluvy_cleaned_checked_strict_valid/11818684.txt,True,False
11818704,hrobove_miesto,hrobove_miesto,hrobove_miesto,ZMLUVA O NÁJME HROBOVÉHO MIESTA č. ZML.2026/01001,Zmluva o nájme HM č. 2026/01001,NÁJC001/2026,/Users/kazimir/Desktop/BP/zmluvy_cleaned_checked_strict_valid/11818704.txt,True,False
11818723,sluzby,sluzby,sluzby,Zmluva o poskytnutí služby,Zmluva o poskytnutí služby,ZMD_467/2025,/Users/kazimir/Desktop/BP/zmluvy_cleaned_checked_strict_valid/11818723.txt,True,False
11818725,spolupraca,spolupraca,spolupraca,Zmluva o spolupráci pri zabezpečení umeleckého vystúpenia podľa zákona č. 513/1991 Zb. Obchodný zákonník v zn. n. p. (ďalej „ObZ“),Zmluva o spolupráci pri zabezpečení umeleckého vystúpenia,ZMD_468/2025,/Users/kazimir/Desktop/BP/zmluvy_cleaned_checked_strict_valid/11818725.txt,True,False
11818728,dodatok,dodatok,dodatok,D o d a t o k č. 1 k Z m l u v e o n á j m e bytu,Dodatok k zmluve o nájme bytu,NZ_242/2025,/Users/kazimir/Desktop/BP/zmluvy_cleaned_checked_strict_valid/11818728.txt,True,False
11818730,dodatok,dodatok,dodatok,D o d a t o k č. 1 k Z m l u v e o n á j m e bytu,Dodatok k zmluve o nájme bytu,NZ_243/2025,/Users/kazimir/Desktop/BP/zmluvy_cleaned_checked_strict_valid/11818730.txt,True,False
11818732,dodatok,dodatok,dodatok,D o d a t o k č. 1 k Z m l u v e o n á j m e bytu,Dodatok k zmluve o nájme bytu,NZ_244/2025,/Users/kazimir/Desktop/BP/zmluvy_cleaned_checked_strict_valid/11818732.txt,True,False
11818734,najom,najom,najom,Zmluva o n á j m e bytu,Zmluva o nájme bytu,NZ_004/2026,/Users/kazimir/Desktop/BP/zmluvy_cleaned_checked_strict_valid/11818734.txt,True,False
11818761,hrobove_miesto,hrobove_miesto,hrobove_miesto,Nájomná zmluva č. 1/2026 na prenájom hrobového miesta,Nájomná zmluva na prenájom hrobového miesta,1/2026,/Users/kazimir/Desktop/BP/zmluvy_cleaned_checked_strict_valid/11818761.txt,True,False
11818763,dohoda_ine,dohoda_ine,dohoda_ine,Dohoda o poskytnutí mimoriadnej zálohy pre región Orava,Dohoda,1014/2025/OD,/Users/kazimir/Desktop/BP/zmluvy_cleaned_checked_strict_valid/11818763.txt,True,False
11818764,spolupraca,spolupraca,spolupraca,ZMLUVA O SPOLUPRÁCI,ZMLUVA O SPOLUPRÁCI,UPJS - 913/2025,/Users/kazimir/Desktop/BP/zmluvy_cleaned_checked_strict_valid/11818764.txt,True,False
11818773,dohoda_ine,dohoda_ine,dohoda_ine,Dohoda o poskytnutí mimoriadnej zálohy pre región Liptov,Dohoda,1015/2025/OD,/Users/kazimir/Desktop/BP/zmluvy_cleaned_checked_strict_valid/11818773.txt,True,False
11818774,other,other,other,"Delimitačný protokol CRZ č. 04182/2025-OS-0140149/25.00 o odovzdaní a prevzatí správy nehnuteľností vo vlastníctve štátu podľa zákona č. 326/2005 Z.z. o lesoch v znení neskorších predpisov (ďalej len „Protokol“) Odovzdávajúci: Slovenský pozemkový fond Sídlo: Búdková 36, 817 15 Bratislava",Delimitačný protokol,CRZč.6043/2025/LSR,/Users/kazimir/Desktop/BP/zmluvy_cleaned_checked_strict_valid/11818774.txt,False,False
11818784,sluzby,sluzby,sluzby,ZMLUVA č. 8/2026 o vykonaní štátnych veterinárnych činností v roku 2026 uzavretá,Zmluva č. 8/2026 o vykonaní štátnych veterinárnych činností v roku 2026 uzavretá podľa  §  261 ods. 2 Obchodného zákonníka,8/2026,/Users/kazimir/Desktop/BP/zmluvy_cleaned_checked_strict_valid/11818784.txt,True,False
11818786,kupa_predaj,kupa_predaj,other,,Kúpna zmluva,INT_001/2026,/Users/kazimir/Desktop/BP/zmluvy_cleaned_checked_strict_valid/11818786.txt,False,False
11818796,dodatok,dodatok,dodatok,DODATOK č. 1 k Zmluve o poskytovaní služieb (poradenských a konzultačných) uzavretá podľa § 269 ods. 2 zákona č. 513/1991 Zb. Obchodný zákonník v znení neskorších predpisov Účastníci dodatku Objednávateľ:,Dodatok č. 1 k zmluve o poskytovaní služieb - poradenských a konzultačných,2025/076,/Users/kazimir/Desktop/BP/zmluvy_cleaned_checked_strict_valid/11818796.txt,True,False
11818808,other,other,other,Delimitačný protokol CRZ č. 04224/2025-OS-0140150/25.00 o odovzdaní a prevzatí správy nehnuteľností vo vlastníctve štátu podľa zákona č. 326/2005 Z.z. o lesoch v znení neskorších predpisov (ďalej len „Protokol“) Odovzdávajúci: Slovenská republika – Slovenský pozemkový fond,Delimitačný protokol CRZ č. 04224/2025-OS-0140150/25.00 o odovzdaní a prevzatí správy nehnuteľností vo vlastníctve štátu,CRZč.5987/2025/LSR,/Users/kazimir/Desktop/BP/zmluvy_cleaned_checked_strict_valid/11818808.txt,False,False
11818816,dodatok,dodatok,dodatok,"Obec Spišský Štiavnik Obecný úrad, Hornádska 241, 059 14 Spišský Štiavnik Dodatok č. 9 k Nájomnej zmluve uzavretý podľa ust, § 663 a nasl. a § 685 a nasl. Občianskeho zákonníka: Zmluvné strany:",dodatok k nájomnej zmluve,Dod.č. 9 k NZ ŽPŽT,/Users/kazimir/Desktop/BP/zmluvy_cleaned_checked_strict_valid/11818816.txt,True,False
11818818,dodatok,dodatok,dodatok,"Obec Spišský Štiavnik Obecný úrad, Hornádska 241, 059 14 Spišský Štiavnik Dodatok č. 7 k Nájomnej zmluve uzavretý podľa ust, § 663 a nasl. a § 685 a nasl. Občianskeho zákonníka: Zmluvné strany:",dodatok k nájomnej zmluve,Dod. č. 7 z k NZ GG,/Users/kazimir/Desktop/BP/zmluvy_cleaned_checked_strict_valid/11818818.txt,True,False
11818820,dodatok,dodatok,dodatok,"Obec Spišský Štiavnik Obecný úrad, Hornádska 241, 059 14 Spišský Štiavnik Dodatok č. 7 k Nájomnej zmluve uzavretý podľa ust, § 663 a nasl. a § 685 a nasl. Občianskeho zákonníka: Zmluvné strany:",dodatok k nájomnej zmluve,Dod. č. 7 k NZ ŽM,/Users/kazimir/Desktop/BP/zmluvy_cleaned_checked_strict_valid/11818820.txt,True,False
11818822,dodatok,dodatok,dodatok,"Obec Spišský Štiavnik Obecný úrad, Hornádska 241, 059 14 Spišský Štiavnik Dodatok č. 7 k Nájomnej zmluve uzavretý podľa ust, § 663 a nasl. a § 685 a nasl. Občianskeho zákonníka: Zmluvné strany:",dodatok k nájomnej zmluve,Dod. č. 7 k NZ ŽG,/Users/kazimir/Desktop/BP/zmluvy_cleaned_checked_strict_valid/11818822.txt,True,False
11818824,dodatok,dodatok,dodatok,"Obec Spišský Štiavnik Obecný úrad, Hornádska 241, 059 14 Spišský Štiavnik Dodatok č. 9 k Nájomnej zmluve uzavretý podľa ust, § 663 a nasl. a § 685 a nasl. Občianskeho zákonníka: Zmluvné strany:",dodatok k nájomnej zmluve,Dod. č. 9 k NZ ČPČJ,/Users/kazimir/Desktop/BP/zmluvy_cleaned_checked_strict_valid/11818824.txt,True,False
11818826,dodatok,dodatok,dodatok,"Obec Spišský Štiavnik Obecný úrad, Hornádska 241, 059 14 Spišský Štiavnik Dodatok č. 9 k Nájomnej zmluve uzavretý podľa ust, § 663 a nasl. a § 685 a nasl. Občianskeho zákonníka: Zmluvné strany:",dodatok k nájomnej zmluve,Dod. č. 9 k NZ ŽR ŽJ,/Users/kazimir/Desktop/BP/zmluvy_cleaned_checked_strict_valid/11818826.txt,True,False
11818828,dodatok,dodatok,dodatok,"Obec Spišský Štiavnik Obecný úrad, Hornádska 241, 059 14 Spišský Štiavnik Dodatok č. 9 k Nájomnej zmluve uzavretý podľa ust, § 663 a nasl. a § 685 a nasl. Občianskeho zákonníka: Zmluvné strany:",dodatok k nájomnej zmluve,Dod. č. 9 k NZ MR MI,/Users/kazimir/Desktop/BP/zmluvy_cleaned_checked_strict_valid/11818828.txt,True,False
11818832,other,other,other,"ZMLUVA č.1/2025/S0Ú o zriadení Spoločného obecného úradu Budimír uzatvorená podľa $ 20a zákona SNR č. 369/1990 Zb. o obecnom zriadení v znení neskorších predpisov uzatvorená medzi: Učastníci zmluvy: 1. Názov: Obec Budimír Sídlo: Zámocká 22/4, 044 43 Budimír Zastúpená: — Vojtech Staňo, Mgr., starosta obce IČO: 00324001 DIČ: 2021235854 2. Názov: Obec",Zmluva č.1/2025/SoÚ o zriadení Spoločného obecného úradu Budimír,č.1/2025,/Users/kazimir/Desktop/BP/zmluvy_cleaned_checked_strict_valid/11818832.txt,False,False
11818837,other,other,other,ZMLUVA O ZVERENÍ NEHNUTEĽNÉHO MAJETKU MESTA DO SPRÁVY,Zmluva o zverení nehnuteľného majetku mesta do správy,1/2026,/Users/kazimir/Desktop/BP/zmluvy_cleaned_checked_strict_valid/11818837.txt,False,False
11818840,other,other,other,ZMLUVA O ZVERENÍ NEHNUTEĽNÉHO MAJETKU MESTA DO SPRÁVY,Zmluva o zverení nehnuteľného majetku mesta do správy,2/2026,/Users/kazimir/Desktop/BP/zmluvy_cleaned_checked_strict_valid/11818840.txt,False,False
11818842,other,other,other,"ZMLUVA č.1/2025/S0Ú o zriadení Spoločného obecného úradu Budimír uzatvorená podľa $ 20a zákona SNR č. 369/1990 Zb. o obecnom zriadení v znení neskorších predpisov uzatvorená medzi: Učastníci zmluvy: 1. Názov: Obec Budimír Sídlo: Zámocká 22/4, 044 43 Budimír Zastúpená: — Vojtech Staňo, Mgr., starosta obce IČO: 00324001 DIČ: 2021235854 2. Názov: Obec",ZMLUVA č.1/2025/S0Úo zriadení Spoločného obecného úradu Budimír uzatvorená podľa $ 20a zákona SNR č. 369/1990 Zb. o obecnom zriadení v znení neskorších predpisov,1/2025/SOÚ,/Users/kazimir/Desktop/BP/zmluvy_cleaned_checked_strict_valid/11818842.txt,False,False
11818844,najom,najom,najom,Zmluva o poskytovaní krátkodobého prenájmu Pastierskej koliby,Zmluva o poskytovaní krátkodobého prenájmu Pastierskej koliby,PK17/2025,/Users/kazimir/Desktop/BP/zmluvy_cleaned_checked_strict_valid/11818844.txt,True,False
11818847,other,other,other,ZMLUVA O ZVERENÍ NEHNUTEĽNÉHO MAJETKU MESTA DO SPRÁVY,Zmluva o zverení nehnuteľného majetku mesta do správy,3/2026,/Users/kazimir/Desktop/BP/zmluvy_cleaned_checked_strict_valid/11818847.txt,False,False
11818849,najom,najom,najom,ZMLUVA O NÁJME NEBYTOVÉHO PRIESTORU Č. 1/2026/1,Zmluva prenájom telocvične,1/2026/1,/Users/kazimir/Desktop/BP/zmluvy_cleaned_checked_strict_valid/11818849.txt,True,False
11818850,other,other,other,ZMLUVA O ZVERENÍ NEHNUTEĽNÉHO MAJETKU MESTA DO SPRÁVY,Zmluva o zverení nehnuteľného majetku mesta do správy,4/2026,/Users/kazimir/Desktop/BP/zmluvy_cleaned_checked_strict_valid/11818850.txt,False,False
11818855,spolupraca,spolupraca,spolupraca,ZMLUVA O SPOLUPRÁCI,ZMLUVA O SPOLUPRÁCI,UPJS - 914/2025,/Users/kazimir/Desktop/BP/zmluvy_cleaned_checked_strict_valid/11818855.txt,True,False
11818858,sluzby,sluzby,sluzby,ZMLUVA NA UMIESTNENIE PSOV DO KARANTÉNNEJ STANICE,Zmluva na umiestnenie psov do karanténnej stanice,INE_158/2025,/Users/kazimir/Desktop/BP/zmluvy_cleaned_checked_strict_valid/11818858.txt,True,False
11818860,dielo,dielo,dielo,Zmluva o dielo,Zmluva o dielo,DIELO_002/2026,/Users/kazimir/Desktop/BP/zmluvy_cleaned_checked_strict_valid/11818860.txt,True,False
11818866,najom,najom,najom,ZMLUVA O NÁJME NEBYTOVÉHO PRIESTORU Č. 1/2026/2,Zmluva prenájom telocvične,1/2026/2,/Users/kazimir/Desktop/BP/zmluvy_cleaned_checked_strict_valid/11818866.txt,True,False
11818872,najom,najom,najom,ZMLUVA O NÁJME NEBYTOVÉHO PRIESTORU Č. 1/2026/3,Zmluva prenájom auly,1/2026/3,/Users/kazimir/Desktop/BP/zmluvy_cleaned_checked_strict_valid/11818872.txt,True,False
11818877,sluzby,sluzby,sluzby,PRÍKAZNÁ ZMLUVA č. 1/ 2026,Príkazná zmluva,1/2026,/Users/kazimir/Desktop/BP/zmluvy_cleaned_checked_strict_valid/11818877.txt,True,False
11818883,sluzby,sluzby,sluzby,ZMLUVA O VÝKONE SUPERVÍZIE Článok I. Zmluvné strany Objednávateľ: Názov: Adresa / Sídlo:,Zmluva o výkone supervízie,Zmluva o výkone supervízie zo dňa 19.12.2025,/Users/kazimir/Desktop/BP/zmluvy_cleaned_checked_strict_valid/11818883.txt,True,False
11818891,hrobove_miesto,hrobove_miesto,hrobove_miesto,Zmluva o nájme hrobového miesta č.: 8474/2025 variabilný symbol: 1608123128,Zmluva o nájme hrobového miesta,8474/2025,/Users/kazimir/Desktop/BP/zmluvy_cleaned_checked_strict_valid/11818891.txt,True,False
11818902,najom,najom,other,Zmluva o nijme nebytovfch priestorov i.2026001 uzatvoren6 podlia Zikona (. 11611990 Zb. o ndjme a podndjme nebytovych priestorov v meni neskor5ich predpisov Zmluvn6 strany Prenajimatel': Zastfpeny:,Zmluva o nájme nebytových priestorov v KD Zástranie dňa 03.01.2026 od 16:00hod. do 18:00hod. - schôdza,1/2026,/Users/kazimir/Desktop/BP/zmluvy_cleaned_checked_strict_valid/11818902.txt,False,False
11818906,spolupraca,spolupraca,spolupraca,ZMLUVA O SPOLUPRÁCI,ZMLUVA O SPOLUPRÁCI,UPJS - 915/2025,/Users/kazimir/Desktop/BP/zmluvy_cleaned_checked_strict_valid/11818906.txt,True,False
11818907,other,other,other,Zmluva o uzavretí budúcej zmluvy o zriadení vecného bremena č. 022-MA-05-11001-ZBVB/2025,Zmluva o uzavretí budúcej zmluvy o zriadení vecného bremena,022-MA-05-11001-ZBVB/2025,/Users/kazimir/Desktop/BP/zmluvy_cleaned_checked_strict_valid/11818907.txt,False,False
11818908,hrobove_miesto,hrobove_miesto,hrobove_miesto,Zmluva o nájme hrobového miesta č.: 8475/2025 variabilný symbol: 1608058107,Zmluva o nájme hrobového miesta,8475/2025,/Users/kazimir/Desktop/BP/zmluvy_cleaned_checked_strict_valid/11818908.txt,True,False
11818925,other,other,other,"Delimitačný protokol CRZ č. 04251/2025-OS-0140151/25.00 o odovzdaní a prevzatí správy nehnuteľností vo vlastníctve štátu podľa zákona č. 326/2005 Z.z. o lesoch v znení neskorších predpisov (ďalej len „Protokol“) Odovzdávajúci: Slovenský pozemkový fond Sídlo: Búdková 36, 817 15 Bratislava",Delimitačný protokol CRZ č. 04251/2025-OS-0140151/25.00 o odovzdaní a prevzatí správy nehnuteľností vo vlastníctve štátu,CRZč.6026/2025/LSR,/Users/kazimir/Desktop/BP/zmluvy_cleaned_checked_strict_valid/11818925.txt,False,False
11818932,spolupraca,spolupraca,spolupraca,ZMLUVA O SPOLUPRÁCI,ZMLUVA O SPOLUPRÁCI,UPJS - 916/2025,/Users/kazimir/Desktop/BP/zmluvy_cleaned_checked_strict_valid/11818932.txt,True,False
11818933,other,other,other,Delimitačný protokol CRZ č. 04277/2025-OS-0140152/25.00 o odovzdaní a prevzatí správy nehnuteľností vo vlastníctve štátu podľa zákona č. 326/2005 Z.z. o lesoch v znení neskorších predpisov (ďalej len „Protokol“) Odovzdávajúci: Slovenská republika – Slovenský pozemkový fond,Delimitačný protokol CRZ č. 04277/2025-OS-0140152/25.00 o odovzdaní a prevzatí správy nehnuteľností vo vlastníctve štátu,CRZč.6253/2025/LSR,/Users/kazimir/Desktop/BP/zmluvy_cleaned_checked_strict_valid/11818933.txt,False,False
11818940,other,other,other,Delimitačný protokol CRZ č. 04345/2025-OS-0140155/25.00 o odovzdaní a prevzatí správy nehnuteľností vo vlastníctve štátu podľa zákona č. 326/2005 Z.z. o lesoch v znení neskorších predpisov (ďalej len „Protokol“) Odovzdávajúci: Slovenská republika – Slovenský pozemkový fond,Delimitačný protokol CRZ č. 04345/2025-OS-0140155/25.00 o odovzdaní a prevzatí správy nehnuteľností vo vlastníctve štátu,CRZč.5990/2025/LSR,/Users/kazimir/Desktop/BP/zmluvy_cleaned_checked_strict_valid/11818940.txt,False,False
11818941,dielo,dielo,dielo,Zmluva o dielo č.... na výrobu a dodávku terestriálneho televízneho vysielania v Spišskej Novej Vsi,Zmluva o dielo - na výrobu a dodávku terestriálneho televízneho vysielania v Spišskej Novej Vsi,1/2026,/Users/kazimir/Desktop/BP/zmluvy_cleaned_checked_strict_valid/11818941.txt,True,False
11818943,hrobove_miesto,hrobove_miesto,hrobove_miesto,Zmluva o nájme hrobového miesta č.: 8476/2025 variabilný symbol: 1508056111,Zmluva o nájme hrobového miesta,8476/2025,/Users/kazimir/Desktop/BP/zmluvy_cleaned_checked_strict_valid/11818943.txt,True,False
11818946,other,other,other,Delimitačný protokol CRZ č. 04405/2025-OS-0140156/25.00 o odovzdaní a prevzatí správy nehnuteľností vo vlastníctve štátu podľa zákona č. 326/2005 Z.z. o lesoch v znení neskorších predpisov (ďalej len „Protokol“) Odovzdávajúci: Slovenská republika – Slovenský pozemkový fond,Delimitačný protokol CRZ č. 04405/2025-OS-0140156/25.00 o odovzdaní a prevzatí správy nehnuteľností vo vlastníctve štátu,CRZč.6027/2025/LSR,/Users/kazimir/Desktop/BP/zmluvy_cleaned_checked_strict_valid/11818946.txt,False,False
11818949,hrobove_miesto,hrobove_miesto,hrobove_miesto,Zmluva o nájme hrobového miesta č.: 8477/2025 variabilný symbol: 1608001103,Zmluva o nájme hrobového miesta,8477/2025,/Users/kazimir/Desktop/BP/zmluvy_cleaned_checked_strict_valid/11818949.txt,True,False
11818951,sluzby,sluzby,sluzby,ZMLUVA O VYKONANÍ POMOCNÝCH PRÁC č. UVVaUVTOS-04178/34-PO-2025,ZMLUVA O VYKONANÍ POMOCNÝCH PRÁC č. UVVaUVTOS-04178/34-PO-2025 uzavretá podľa § 269 ods. 2 zákona č. 513/1991 Zb. Obchodný zákonník v znení neskorších predpisov (ďalej len „Obchodný zákonník“),UVVaUVTOS-04178/34-PO-2025,/Users/kazimir/Desktop/BP/zmluvy_cleaned_checked_strict_valid/11818951.txt,True,False
11818959,other,other,other,"Delimitačný protokol CRZ č. 04747/2025-OS-0140167/25.00 o odovzdaní a prevzatí správy nehnuteľností vo vlastníctve štátu podľa zákona č. 326/2005 Z.z. o lesoch v znení neskorších predpisov (ďalej len „Protokol“) Odovzdávajúci: Slovenský pozemkový fond Sídlo: Búdková 36, 817 15 Bratislava",Delimitačný protokol CRZ č. 04747/2025-OS-0140167/25.00 o odovzdaní a prevzatí správy nehnuteľností vo vlastníctve štátu,CRZč.6441/2025/LSR,/Users/kazimir/Desktop/BP/zmluvy_cleaned_checked_strict_valid/11818959.txt,False,False
11818964,other,other,other,Delimitačný protokol CRZ č. 04745/2025-OS-0140166/25.00 o odovzdaní a prevzatí správy nehnuteľností vo vlastníctve štátu podľa zákona č. 326/2005 Z.z. o lesoch v znení neskorších predpisov (ďalej len „Protokol“) Odovzdávajúci: Slovenská republika – Slovenský pozemkový fond,Delimitačný protokol CRZ č. 04745/2025-OS-0140166/25.00 o odovzdaní a prevzatí správy nehnuteľností vo vlastníctve štátu,CRZč.6776/2025/LSR,/Users/kazimir/Desktop/BP/zmluvy_cleaned_checked_strict_valid/11818964.txt,False,False
11818966,ukoncenie,ukoncenie,ukoncenie,Dohoda o ukončení Zmluvy o zriadení spoločného obecného úradu zo dňa 15.12.2020,Dohoda o ukončení Zmluvy o zriadení spoločného obecného úradu zo dňa 15.12.2020,10/2025,/Users/kazimir/Desktop/BP/zmluvy_cleaned_checked_strict_valid/11818966.txt,True,False
11818968,other,other,other,Zmluva o zriadení spoločného obecného úradu,Zmluva o zriadení spoločného obecného úradu,11/2025,/Users/kazimir/Desktop/BP/zmluvy_cleaned_checked_strict_valid/11818968.txt,False,False
11818970,najom,najom,other,.-.- ZMLUVA o n5.jme Skolske j telocvidne na ZS Slovansk5. L4L5 /7 v Povaiskej Bystrici. dlAnok 1 Z MLUVNE,Nájomná zmluva,NZ-1-2026,/Users/kazimir/Desktop/BP/zmluvy_cleaned_checked_strict_valid/11818970.txt,False,False
11818972,spolupraca,spolupraca,spolupraca,ZMLUVA O SPOLUPRÁCI,ZMLUVA O SPOLUPRÁCI,UPJS - 917/2025,/Users/kazimir/Desktop/BP/zmluvy_cleaned_checked_strict_valid/11818972.txt,True,False
11818973,other,other,other,Delimitačný protokol CRZ č. 04851/2025-OS-0140171/25.00 o odovzdaní a prevzatí správy nehnuteľností vo vlastníctve štátu podľa zákona č. 326/2005 Z.z. o lesoch v znení neskorších predpisov (ďalej len „Protokol“) Odovzdávajúci: Slovenská republika – Slovenský pozemkový fond,Delimitačný protokol CRZ č. 04851/2025-OS-0140171/25.00 o odovzdaní a prevzatí správy nehnuteľností vo vlastníctve štátu,CRZč.6445/2025/LSR,/Users/kazimir/Desktop/BP/zmluvy_cleaned_checked_strict_valid/11818973.txt,False,False
11818977,hrobove_miesto,hrobove_miesto,hrobove_miesto,Zmluva o nájme hrobového miesta č.: 1269/2016 variabilný symbol: 1601005128,Zmluva o nájme hrobového miesta,1269/2016,/Users/kazimir/Desktop/BP/zmluvy_cleaned_checked_strict_valid/11818977.txt,True,False
11818983,other,other,other,Delimitačný protokol CRZ č. 05204/2025-OS-0140175/25.00 o odovzdaní a prevzatí správy nehnuteľností vo vlastníctve štátu podľa zákona č. 326/2005 Z.z. o lesoch v znení neskorších predpisov (ďalej len „Protokol“) Odovzdávajúci: Slovenská republika - Slovenský pozemkový fond,Delimitačný protokol CRZ č. 05204/2025-OS-0140175/25.00 o odovzdaní a prevzatí správy nehnuteľností vo vlastníctve štátu,CRZč.6947/2025/LSR,/Users/kazimir/Desktop/BP/zmluvy_cleaned_checked_strict_valid/11818983.txt,False,False
11818988,other,other,other,Delimitačný protokol CRZ č. 05216/2025-OS-0140176/25.00 o odovzdaní a prevzatí správy nehnuteľností vo vlastníctve štátu podľa zákona č. 326/2005 Z.z. o lesoch v znení neskorších predpisov (ďalej len „Protokol“) Odovzdávajúci: Slovenská republika - Slovenský pozemkový fond,Delimitačný protokol CRZ č. 05216/2025-OS-0140176/25.00 o odovzdaní a prevzatí správy nehnuteľností vo vlastníctve štátu,CRZč.7093/2025/LSR,/Users/kazimir/Desktop/BP/zmluvy_cleaned_checked_strict_valid/11818988.txt,False,False
11818991,sluzby,sluzby,sluzby,SERVISNÁ ZMLUVA č. 33/2025,Servisná zmluva,33/2025,/Users/kazimir/Desktop/BP/zmluvy_cleaned_checked_strict_valid/11818991.txt,True,False
11818993,dotacia,dotacia,dotacia,Č.j. OcÚ TN 493/2025-001 príloha č. 2 k VZN 1/2024 o poskytnutí dotácie z rozpočtu obce uzatvorená v zmysle § 7 ods. 4 zákona č. 583/2004 Z. z. o rozpočtových pravidlách územnej samosprávy a o zmene a doplnení niektorých zákonov v spojení s čl. 2 ods. 2 a násl. Všeobecne záväzného nariadenia obce Tekovské Nemce č. 1/2024 o poskytovaní,Zmluva o poskytnutí dotácie,01/26,/Users/kazimir/Desktop/BP/zmluvy_cleaned_checked_strict_valid/11818993.txt,True,False
11818995,dotacia,dotacia,dotacia,Č.j. OcÚ TN 531/2025-002 príloha č. 2 k VZN 1/2024 o poskytnutí dotácie z rozpočtu obce uzatvorená v zmysle § 7 ods. 4 zákona č. 583/2004 Z. z. o rozpočtových pravidlách územnej samosprávy a o zmene a doplnení niektorých zákonov v spojení s čl. 2 ods. 2 a násl. Všeobecne záväzného nariadenia obce Tekovské Nemce č. 1/2024 o poskytovaní,Zmluva o poskytnutí dotáce,02/26,/Users/kazimir/Desktop/BP/zmluvy_cleaned_checked_strict_valid/11818995.txt,True,False
11818997,najom,najom,najom,ZMLUVA O NÁJME NEBYTOVÝCH PRIESTOROV Č. 21/2025,prenájom telocvične,21/2025_2,/Users/kazimir/Desktop/BP/zmluvy_cleaned_checked_strict_valid/11818997.txt,True,False
11819000,other,other,other,Delimitačný protokol CRZ č. 05297/2025-OS-0140179/25.00 o odovzdaní a prevzatí správy nehnuteľností vo vlastníctve štátu podľa zákona č. 326/2005 Z.z. o lesoch v znení neskorších predpisov (ďalej len „Protokol“) Odovzdávajúci: Slovenská republika – Slovenský pozemkový fond,Delimitačný protokol CRZ č. 05297/2025-OS-0140179/25.00 o odovzdaní a prevzatí správy nehnuteľností vo vlastníctve štátu,CRZč.7102/2025/LSR,/Users/kazimir/Desktop/BP/zmluvy_cleaned_checked_strict_valid/11819000.txt,False,False
11819005,other,other,other,Delimitačný protokol CRZ č. 03058/2025-OS-0140114/25.00 o odovzdaní a prevzatí správy nehnuteľností vo vlastníctve štátu podľa zákona č. 326/2005 Z.z. o lesoch v znení neskorších predpisov (ďalej len „Protokol“) Odovzdávajúci: Slovenská republika – Slovenský pozemkový fond,Delimitačný protokol CRZ č. 03058/2025-OS-0140114/25.00 o odovzdaní a prevzatí správy nehnuteľností vo vlastníctve štátu,CRZč.7118/2025/LSR,/Users/kazimir/Desktop/BP/zmluvy_cleaned_checked_strict_valid/11819005.txt,False,False
11819006,dodatok,dodatok,dodatok,Dodatok č. 1 k Zmluve o spolupráci uzatvorenej podľa § 269 ods. 2 zákona č. 513/1991 Zb. Obchodný zákonník v znení neskorších predpisov (ďalej aj ako „dodatok“) medzi 1. Univerzita Komenského v Bratislave,Dodatok č. 1 k Zmluve o spolupráci,D/2026/1/IX/JLF/CEVED,/Users/kazimir/Desktop/BP/zmluvy_cleaned_checked_strict_valid/11819006.txt,True,False
11819009,sluzby,sluzby,sluzby,Zmluva o poskytnutí rekreačného pobytu č. VÚSZ-29-22/2025,Zmluva o poskytnutí rekreačného pobytu č. VÚSZ-29-22/2025,259/XII/GR/25,/Users/kazimir/Desktop/BP/zmluvy_cleaned_checked_strict_valid/11819009.txt,True,False
11819012,spolupraca,spolupraca,spolupraca,ZMLUVA O SPOLUPRÁCI,ZMLUVA O SPOLUPRÁCI,UPJS - 918/2025,/Users/kazimir/Desktop/BP/zmluvy_cleaned_checked_strict_valid/11819012.txt,True,False
11819017,najom,najom,najom,N Á J O M N Á ZMLUVA č. 502/2025,Nájomná zmluva,502/2025/RSM,/Users/kazimir/Desktop/BP/zmluvy_cleaned_checked_strict_valid/11819017.txt,True,False
11819022,other,other,other,Delimitačný protokol CRZ č. 05311/2025-OS-0140180/25.00 o odovzdaní a prevzatí správy nehnuteľností vo vlastníctve štátu podľa zákona č. 326/2005 Z.z. o lesoch v znení neskorších predpisov (ďalej len „Protokol“) Odovzdávajúci: Slovenská republika – Slovenský pozemkový fond,Delimitačný protokol CRZ č. 05311/2025-OS-0140180/25.00 o odovzdaní a prevzatí správy nehnuteľností vo vlastníctve štátu,CRZč.7120/2025/LSR,/Users/kazimir/Desktop/BP/zmluvy_cleaned_checked_strict_valid/11819022.txt,False,False
11819028,other,other,other,CRZ:7141/2025/LSR Zmluva o bezodplatnom užívaní pozemku,Zmluva o bezodplatnom užívaní pozemku,7141/2025/LSR,/Users/kazimir/Desktop/BP/zmluvy_cleaned_checked_strict_valid/11819028.txt,False,False
11819037,najom,najom,najom,ZM 281/2025 Nájomná zmluva č. 405/208/15 na opakovaný nájom č. 5,Nájomná zmluva č. 405/2058/15 na opakovaný nájom č. 5,281/2025,/Users/kazimir/Desktop/BP/zmluvy_cleaned_checked_strict_valid/11819037.txt,True,False
11819039,najom,najom,najom,ZM 282/2025 Nájomná zmluva č. 405/207/13 na opakovaný nájom č. 9,Nájomná zmluva č. 405/207/13 na opakovaný nájom č. 9,282/2025,/Users/kazimir/Desktop/BP/zmluvy_cleaned_checked_strict_valid/11819039.txt,True,False
11819041,najom,najom,najom,ZM 283/2025 Nájomná zmluva č. 405/207/2 na opakovaný nájom č. 1 uzatvorenej v zmysle ust. § 685 a nasl. zák. č. 40/1964 Zb. Občianskeho zákonníka v platnom znení a podľa zákona č. 443/2010 Z. z. o dotáciách na rozvoj bývania a o sociálnom bývaní,Nájomná zmluva č. 405/207/2 na opakovaný nájom č. 1,283/2025,/Users/kazimir/Desktop/BP/zmluvy_cleaned_checked_strict_valid/11819041.txt,True,False
11819043,najom,najom,najom,ZM 284/2025 Nájomná zmluva č. 405/208/3 na opakovaný nájom č. 7,Nájomná zmluva č. 404/206/12 na opakovaný nájom č. 4,284/2025,/Users/kazimir/Desktop/BP/zmluvy_cleaned_checked_strict_valid/11819043.txt,True,False
11819045,najom,najom,najom,ZM 285/2025 Nájomná zmluva č. 405/207/8 na opakovaný nájom č. 1,Nájomná zmuva č. 405/207/8 na opakovaný nájom č. 1,285/2025,/Users/kazimir/Desktop/BP/zmluvy_cleaned_checked_strict_valid/11819045.txt,True,False
11819047,najom,najom,najom,ZM 286/2025 Nájomná zmluva č. 404/206/3 na opakovaný nájom č. 7,Nájomná zmluva č. 404/206/3 na opakovaný nájom č. 7,286/2025,/Users/kazimir/Desktop/BP/zmluvy_cleaned_checked_strict_valid/11819047.txt,True,False
11819049,najom,najom,najom,ZM 287/2025 Nájomná zmluva č. 405/208/2 na opakovaný nájom č. 4 uzatvorenej v zmysle ust. § 685 a nasl. zák. č. 40/1964 Zb. Občianskeho zákonníka v platnom znení a podľa zákona č. 443/2010 Z. z. o dotáciách na rozvoj bývania a o sociálnom bývaní,Nájomná zmluva č. 405/208/2 na opakovaný nájom č. 4,287/2025,/Users/kazimir/Desktop/BP/zmluvy_cleaned_checked_strict_valid/11819049.txt,True,False
11819051,najom,najom,najom,ZM 288/2025 Nájomná zmluva č. 405/208/3 na opakovaný nájom č. 7,Nájomná zmluva č. 405/208/3 na opakovaný nájom č. 7,288/2025,/Users/kazimir/Desktop/BP/zmluvy_cleaned_checked_strict_valid/11819051.txt,True,False
11819053,najom,najom,najom,ZM 289/2025 Nájomná zmluva č. 404/206/4 na opakovaný nájom č. 1,Nájomná zmluva č. 404/206/4 na opakovaný nájom č. 1,289/2025,/Users/kazimir/Desktop/BP/zmluvy_cleaned_checked_strict_valid/11819053.txt,True,False
11819055,other,other,other,Z M L U VA o zriadení spoločného obecného úradu č. 121/2025,ZMLUVA o zriadení spoločného obecného úradu,121/2025,/Users/kazimir/Desktop/BP/zmluvy_cleaned_checked_strict_valid/11819055.txt,False,False
11819057,other,other,other,Delimitačný protokol CRZ č. 05366/2025-OS-0140184/25.00 o odovzdaní a prevzatí správy nehnuteľností vo vlastníctve štátu podľa zákona č. 326/2005 Z.z. o lesoch v znení neskorších predpisov (ďalej len „Protokol“) Odovzdávajúci: Slovenská republika – Slovenský pozemkový fond,Delimitačný protokol CRZ č. 05366/2025-OS-0140184/25.00 o odovzdaní a prevzatí správy nehnuteľností vo vlastníctve štátu,CRZč.7499/2025/LSR,/Users/kazimir/Desktop/BP/zmluvy_cleaned_checked_strict_valid/11819057.txt,False,False
11819064,dohoda_ine,dohoda_ine,dohoda_ine,Dohoda,Dohoda o zverení motorového vozidla na služobné účely,1/2026-BB,/Users/kazimir/Desktop/BP/zmluvy_cleaned_checked_strict_valid/11819064.txt,True,False
11819066,other,other,other,Zmluva o postúpení práv a povinností č.77/Z/2025/1,Zmluva o postúpení práv a povinností,77/Z/2025/1,/Users/kazimir/Desktop/BP/zmluvy_cleaned_checked_strict_valid/11819066.txt,False,False
11819071,dodatok,dodatok,dodatok,Prenajímateľ: Nájomca: Dodatok č. 2 Zmluve o nájme nehnuteľnosti zo dňa 09.08.2017 medzi Obec Marcelová,Dodatok č. 2 k Zmluve k nehnuteľnosti zo dňa  09.08.2017,Dodatok č. 2 k Zmluve zo dňa  09.08.2017,/Users/kazimir/Desktop/BP/zmluvy_cleaned_checked_strict_valid/11819071.txt,True,False
11819075,kupa_predaj,kupa_predaj,kupa_predaj,"Obec Bystrany č. 121, 053 62 Bystrany, IČO: 00328995 Kúpna zmluva",Kúpna zmluva,02/01/2026,/Users/kazimir/Desktop/BP/zmluvy_cleaned_checked_strict_valid/11819075.txt,True,False
11819081,najom,najom,najom,Nájomná zmluva a zmluva o budúcej zmluve o zriadení vecného bremena č. NZ/30168/2025/Bánov,Nájomná zmluva a zmluva o budúcej zmluve o zriadení vecného bremena,NZ/30168/2025/Bánov,/Users/kazimir/Desktop/BP/zmluvy_cleaned_checked_strict_valid/11819081.txt,True,False
11819084,dodatok,dodatok,dodatok,"Dodatok d. 14 k Zmluve o dodfvke a odbere tepla d. 0l7 lzII2lPTZ uzavretei v srtlade s g 19 ods. 2 zdk. i. 657/2004 t;J;ir,r*elnei energetike v znenf neskoriich predpisov Doddvatel': sidlo: rio:",Dodatok č. 14 k Zmluve o dodávke a odbere tepla č. 017/2012/PTZ,Dodatok č. 14 k Zmluve o dodávke a odbere tepla č. 017/2012/PTZ,/Users/kazimir/Desktop/BP/zmluvy_cleaned_checked_strict_valid/11819084.txt,True,False
11819090,najom,najom,najom,N Á J O M N Á ZMLUVA v zmysle zákona č. 116/1990 Zb. v znení neskorších predpisov,Nájomná zmluva KD,KD02012026,/Users/kazimir/Desktop/BP/zmluvy_cleaned_checked_strict_valid/11819090.txt,True,False
11819094,spolupraca,spolupraca,spolupraca,ZMLUVA O SPOLUPRÁCI,ZMLUVA O SPOLUPRÁCI,UPJS - 919/2025,/Users/kazimir/Desktop/BP/zmluvy_cleaned_checked_strict_valid/11819094.txt,True,False
11819099,hrobove_miesto,hrobove_miesto,hrobove_miesto,Zmluva o nájme hrobového miesta č.: 8478/2025 variabilný symbol: 1608024137,Zmluva o nájme hrobového miesta,8478/2025,/Users/kazimir/Desktop/BP/zmluvy_cleaned_checked_strict_valid/11819099.txt,True,False
11819102,dohoda_ine,dohoda_ine,dohoda_ine,Dohoda,Dohoda o zverení motorového vozidla na služobné účely,1565/2025-PR,/Users/kazimir/Desktop/BP/zmluvy_cleaned_checked_strict_valid/11819102.txt,True,False
11819105,hrobove_miesto,hrobove_miesto,hrobove_miesto,Zmluva o nájme hrobového miesta č.: 1015/2015 variabilný symbol: 1605010139,Zmluva o nájme hrobového miesta,1015/2015,/Users/kazimir/Desktop/BP/zmluvy_cleaned_checked_strict_valid/11819105.txt,True,False
11819112,sluzby,sluzby,sluzby,"Číslo z Registra zmlúv EASR PSK: 2025/026 Čiastková zmluva Rámcovej zmluvy o poskytovaní služieb „Odborné prehliadky, odborné skúšky technických zariadení” č. 2025/026","Čiastková zmluva Rámcovej zmluvy o poskytovaní služieb „Odborné prehliadky, odborné skúšky technických zariadení” č. 2025/026",2025/026,/Users/kazimir/Desktop/BP/zmluvy_cleaned_checked_strict_valid/11819112.txt,True,False
11819115,dodatok,dodatok,dodatok,"Dodatok č. 2 č. MAGBO2400122 k Zmluveo spolupráci č. MAGBO1900066, v znení Dodatku č. 1 č. MAGBO2100079.. pri realizácii úpravy komunikácií Žižkova ulica a Nábrežie arm. gen. Ludvíka Svobodu v katastrálnom území Staré Mesto uzatvorený podľa 8 269 ods. 2 zákona č. 513/1991 Zb. Obchodný zákonník v znení neskorších predpisov",Dodatok č. 2 k ZoS MAGBO1900066 v znení Dodatku č. 1 č. MAGBO2100079 pri realizácii úpravy komunikácií Žižkova ulica a Nábrežie arm. gen. Ludvíka Svobodu v katastrálnom území Staré Mesto,MAGBO2400122,/Users/kazimir/Desktop/BP/zmluvy_cleaned_checked_strict_valid/11819115.txt,True,False
11819128,ramcova,ramcova,ramcova,RÁMCOVÁ ZMLUVA,Zmluva_ramcova_dodavka_mlieko a mliecne vyrobky_Tatranska mliekaren_as_Kezmarok,Z-37/2026-4,/Users/kazimir/Desktop/BP/zmluvy_cleaned_checked_strict_valid/11819128.txt,True,False
11819136,dohoda_ine,dohoda_ine,dohoda_ine,Dohoda o zriadení vecného bremena na nehnuteľnosti,Dohoda o zriadení vecného bremena na nehnuteľnosti,840,/Users/kazimir/Desktop/BP/zmluvy_cleaned_checked_strict_valid/11819136.txt,True,False
11819144,najom,najom,najom,"ZMLUVA O NÁJME Obec Veľká Lehota Obecný úrad 52, 966 41 Veľká Lehota IČO: 00321061 DIČ: 2021111499 zastúpená: Jozefom Mihálom, starostom obce",Zmluva o nájme telocvične,3/2026,/Users/kazimir/Desktop/BP/zmluvy_cleaned_checked_strict_valid/11819144.txt,True,False
11819146,najom,najom,najom,"ZMLUVA O NÁJME Obec Veľká Lehota Obecný úrad 52, 966 41 Veľká Lehota IČO: 00321061 DIČ: 2021111499 zastúpená: Jozefom Mihálom, starostom obce",Zmluva o nájme telocvične,4/2026,/Users/kazimir/Desktop/BP/zmluvy_cleaned_checked_strict_valid/11819146.txt,True,False
11819148,sluzby,sluzby,sluzby,"Číslo z Registra zmlúv EASR PSK: 2025/033 Čiastková zmluva Rámcovej zmluvy o poskytovaní služieb „Odborné prehliadky, odborné skúšky technických zariadení” č. 2025/033","Čiastková zmluva Rámcovej zmluvy o poskytovaní služieb „Odborné prehliadky, odborné skúšky technických zariadení” č. 2025/033",2025/033,/Users/kazimir/Desktop/BP/zmluvy_cleaned_checked_strict_valid/11819148.txt,True,False
11819150,prispevok,prispevok,prispevok,Spis: Číslo záznamu: DOHODA Číslo: 25/37/054/2592 o zabezpečení podmienok vykonávania aktivačnej činnosti formou menších obecných služieb pre obec a o poskytnutí príspevku na aktivačnú činnosť formou menších,"Dohoda č.25/37/054/2592 o zabezpečení podmienok vykonávania aktivačnej činnosti formou menších obecných služieb pre obec a o poskytnutí príspevku na aktivačnú činnosť formou menších obecných služieb obci /""Podpora udržiavania pracovných návykov - PUPN 4""/",25 37 054 2592,/Users/kazimir/Desktop/BP/zmluvy_cleaned_checked_strict_valid/11819150.txt,True,False
11819156,najom,najom,najom,Zmluva o dlhodobom ubytovaní č. 55111106,Zmluva o dlhodobom ubytovaní,55111106,/Users/kazimir/Desktop/BP/zmluvy_cleaned_checked_strict_valid/11819156.txt,True,False
11819167,najom,najom,najom,Nájomná zmluva,Nájomná zmluva,2025/181,/Users/kazimir/Desktop/BP/zmluvy_cleaned_checked_strict_valid/11819167.txt,True,False
11819179,hrobove_miesto,hrobove_miesto,hrobove_miesto,Zmluva o nájme hrobového miesta č.: 1133/2015 variabilný symbol: 1602002228,Zmluva o nájme hrobového miesta,1133/2015,/Users/kazimir/Desktop/BP/zmluvy_cleaned_checked_strict_valid/11819179.txt,True,False
11819184,hrobove_miesto,hrobove_miesto,hrobove_miesto,Zmluva o nájme hrobového miesta č.: 8506/2025 variabilný symbol: 1608023131,Zmluva o nájme hrobového miesta,8506/2025,/Users/kazimir/Desktop/BP/zmluvy_cleaned_checked_strict_valid/11819184.txt,True,False
11819188,sluzby,sluzby,sluzby,"Číslo z Registra zmlúv EASR PSK: 2025/044 Čiastková zmluva Rámcovej zmluvy o poskytovaní služieb „Odborné prehliadky, odborné skúšky technických zariadení” č. 2025/044","Čiastková zmluva Rámcovej zmluvy o poskytovaní služieb „Odborné prehliadky, odborné skúšky technických zariadení” č. 2025/044",2025/044,/Users/kazimir/Desktop/BP/zmluvy_cleaned_checked_strict_valid/11819188.txt,True,False
11819189,other,other,other,Zámenná zmluva č. 2025/1011,Zámenná zmluva č. 2025/1011,2025/1011,/Users/kazimir/Desktop/BP/zmluvy_cleaned_checked_strict_valid/11819189.txt,False,False
11819191,hrobove_miesto,hrobove_miesto,hrobove_miesto,Zmluva o nájme hrobového miesta č.: 8507/2025 variabilný symbol: 1408125128,Zmluva o nájme hrobového miesta,8507/2025,/Users/kazimir/Desktop/BP/zmluvy_cleaned_checked_strict_valid/11819191.txt,True,False
11819193,dotacia,dotacia,dotacia,ZMLUVA č. 1/2026 o poskytnutí dotácie z rozpočtu Obce Pavlovce nad Uhom na rok 2026 Obec Pavlovce nad Uhom Sídlo: v zastúpení: IČO:,Zmluva o poskytnutí dotácie z rozpočtu Obce Pavlovce nad Uhom na rok 2026,1/2026,/Users/kazimir/Desktop/BP/zmluvy_cleaned_checked_strict_valid/11819193.txt,True,False
11819199,sluzby,sluzby,sluzby,"by Anonymizer.sk by Anonymizer.sk z zmluva“), ktorou sa stanovili rámcové podmienky spolupráce pri poskytovaní a vykonávaní odborných prehliadak a odborných skúšok technických zariadení, revízií a kontraly elektrických spotrebičov a ručného elektrického náradia v zmysle Vyhlášky MPSVAR SR č. 508/2009 Z. z. ktorou sa ustanovujú podrobnosti na zaiste",Čiastková zmluva Rámcovej zmluvy o poskytovaní služieb,1/2026,/Users/kazimir/Desktop/BP/zmluvy_cleaned_checked_strict_valid/11819199.txt,True,False
11819216,hrobove_miesto,hrobove_miesto,najom,N á j o m n á zmluva č. 0001/310/2026,nájom za hrobové miesto,0001/310/2026,/Users/kazimir/Desktop/BP/zmluvy_cleaned_checked_strict_valid/11819216.txt,True,True
11819220,other,other,other,"ZMLUVA č.1/2025/S0Ú o zriadení Spoločného obecného úradu Budimír uzatvorená podľa $ 20a zákona SNR č. 369/1990 Zb. o obecnom zriadení v znení neskorších predpisov uzatvorená medzi: Učastníci zmluvy: 1. Názov: Obec Budimír Sídlo: Zámocká 22/4, 044 43 Budimír Zastúpená: — Vojtech Staňo, Mgr., starosta obce IČO: 00324001 DIČ: 2021235854 2. Názov: Obec",Zmluva č.1/2025/SoU o zriadení spoločného obecného úradu Budimír,1/2025/SoU,/Users/kazimir/Desktop/BP/zmluvy_cleaned_checked_strict_valid/11819220.txt,False,False
11819222,sluzby,sluzby,sluzby,"Číslo z Registra zmlúv EASR PSK: 2025/046 Čiastková zmluva Rámcovej zmluvy o poskytovaní služieb „Odborné prehliadky, odborné skúšky technických zariadení” č. 2025/046","Čiastková zmluva Rámcovej zmluvy o poskytovaní služieb „Odborné prehliadky, odborné skúšky technických zariadení” č. 2025/046",2025/046,/Users/kazimir/Desktop/BP/zmluvy_cleaned_checked_strict_valid/11819222.txt,True,False
11819227,hrobove_miesto,hrobove_miesto,hrobove_miesto,ZMLUVA O NÁJME HROBOVÉHO MIESTA č. ZML 0387/2025TN Zmluvné strany: 1. Prenajímateľ: — Mesto Trenčín zastúpené: sídlo:,Zmluva o nájme hrobového miesta č. ZML 0387//2025TN,2544/2025,/Users/kazimir/Desktop/BP/zmluvy_cleaned_checked_strict_valid/11819227.txt,True,False
11819229,hrobove_miesto,hrobove_miesto,hrobove_miesto,ZMLUVA O NÁJME HROBOVÉHO MIESTA č. ZML 0388/2025TN Zmluvné strany: 1. Prenajímateľ: — Mesto Trenčín zastúpené: sídlo:,Zmluva o nájme hrobového miesta č. ZML 0388//2025TN,2546/2025,/Users/kazimir/Desktop/BP/zmluvy_cleaned_checked_strict_valid/11819229.txt,True,False
11819231,hrobove_miesto,hrobove_miesto,hrobove_miesto,ZMLUVA O NÁJME HROBOVÉHO MIESTA č. ZML 0389/2025TN Zmluvné strany: 1. Prenajímatel: © Mesto Trenčín zastúpené: sídlo:,Zmluva o nájme hrobového miesta č. ZML 0389//2025TN,2545/2025,/Users/kazimir/Desktop/BP/zmluvy_cleaned_checked_strict_valid/11819231.txt,True,False
11819233,hrobove_miesto,hrobove_miesto,hrobove_miesto,ZMLUVA O NÁJME HROBOVÉHO MIESTA č. ZML 0390/2025TN Zmluvné strany: 1. Prenajímateľ:. Mesto Trenčín zastúpené: sídlo:,Zmluva o nájme hrobového miesta č. ZML 0390//2025TN,2547/2025,/Users/kazimir/Desktop/BP/zmluvy_cleaned_checked_strict_valid/11819233.txt,True,False
11819235,hrobove_miesto,hrobove_miesto,hrobove_miesto,ZMLUVA O NÁJME HROBOVÉHO MIESTA č. ZML 0391/2025TN Zmluvné strany: 1. Prenajímateľ: — Mesto Trenčín zastúpené: sídlo:,Zmluva o nájme hrobového miesta č. ZML 0391//2025TN,2548/2025,/Users/kazimir/Desktop/BP/zmluvy_cleaned_checked_strict_valid/11819235.txt,True,False
11819283,sluzby,sluzby,sluzby,"&lEislPK ZMLUVA O POSKYTOVANISLUZBY PRI ZBERE A ODVOZE ODPADU i. Zm luvY: Sz2o25 M1-222- - uzatvorend v zmysle 5269 ods.2 zdkona i. 5I3/7gg1,Zb. Obchodnf zdkonnik a zdkona i.79/2OfS Z.z. o odpadoch a o zmene a doplneni niektonich zdkonov v zneni neskoriich predpisov",Zmluva o poskytovaní služby pri zbere a odvoze odpadu,202600001/2026,/Users/kazimir/Desktop/BP/zmluvy_cleaned_checked_strict_valid/11819283.txt,True,False
11819287,sluzby,sluzby,sluzby,"Číslo z Registra zmlúv EASR PSK: 2025/068 Čiastková zmluva Rámcovej zmluvy o poskytovaní služieb „Odborné prehliadky, odborné skúšky technických zariadení” č. 2025/068","Čiastková zmluva Rámcovej zmluvy o poskytovaní služieb „Odborné prehliadky, odborné skúšky technických zariadení” č. 2025/068",2025/068,/Users/kazimir/Desktop/BP/zmluvy_cleaned_checked_strict_valid/11819287.txt,True,False
11819288,prispevok,prispevok,prispevok,Zmluva o poskytnutí príspevku na dopravné služby,Zmluva o poskytnutí príspevku na dopravné služby,641/2025,/Users/kazimir/Desktop/BP/zmluvy_cleaned_checked_strict_valid/11819288.txt,True,False
11819302,dielo,dielo,dielo,ZMLUVA O DIELO,Zmluva o dielo,81/2025,/Users/kazimir/Desktop/BP/zmluvy_cleaned_checked_strict_valid/11819302.txt,True,False
11819313,sluzby,sluzby,sluzby,"Číslo z Registra zmlúv EASR PSK: 2025/070 Čiastková zmluva Rámcovej zmluvy o poskytovaní služieb „Odborné prehliadky, odborné skúšky technických zariadení” č. 2025/070","Čiastková zmluva Rámcovej zmluvy o poskytovaní služieb „Odborné prehliadky, odborné skúšky technických zariadení” č. 2025/070",2025/070,/Users/kazimir/Desktop/BP/zmluvy_cleaned_checked_strict_valid/11819313.txt,True,False
11819318,dohoda_ine,dohoda_ine,dohoda_ine,DOHODA o použití cestného motorového vozidla okrem cestného motorového vozidla zamestnávateľa pri pracovnej ceste v zmysle ustanovení zákona č. 283/2002 Z. o cestovných náhradách v znení neskorších predpisov,Dohoda o použití súkromného motorového vozidla,1/2026,/Users/kazimir/Desktop/BP/zmluvy_cleaned_checked_strict_valid/11819318.txt,True,False
11819322,sluzby,sluzby,sluzby,"Číslo z Registra zmlúv EASR PSK: 2025/043 Čiastková zmluva Rámcovej zmluvy o poskytovaní služieb „Odborné prehliadky, odborné skúšky technických zariadení” č. 2025/043","Čiastková zmluva Rámcovej zmluvy o poskytovaní služieb „Odborné prehliadky, odborné skúšky technických zariadení” č. 2025/043",Čiastková zmluva 2025/043,/Users/kazimir/Desktop/BP/zmluvy_cleaned_checked_strict_valid/11819322.txt,True,False
11819331,dodatok,dodatok,dodatok,Dodatok k zmluve o nájme priestorov č. 8/2025,Dodatok k zmluve o nájme  priestorov č. 8/2025,8/2025,/Users/kazimir/Desktop/BP/zmluvy_cleaned_checked_strict_valid/11819331.txt,True,False
11819333,dodatok,dodatok,dodatok,Dodatok k zmluve o nájme priestorov č. 9/2025,Dodatok k zmluve o nájme  priestorov č. 9/2025,D_9/2025,/Users/kazimir/Desktop/BP/zmluvy_cleaned_checked_strict_valid/11819333.txt,True,False
11819335,dodatok,dodatok,dodatok,Dodatok k zmluve o nájme priestorov č. 10/2025,Dodatok k zmluve o nájme  priestorov č. 10/2025,D_10/2025,/Users/kazimir/Desktop/BP/zmluvy_cleaned_checked_strict_valid/11819335.txt,True,False
11819337,dodatok,dodatok,dodatok,Dodatok k zmluve o nájme priestorov č. 11/2025,Dodatok k zmluve o nájme  priestorov č. 11/2025,D_11/2025,/Users/kazimir/Desktop/BP/zmluvy_cleaned_checked_strict_valid/11819337.txt,True,False
11819339,dodatok,dodatok,dodatok,Dodatok k zmluve o nájme priestorov č.12/2025,Dodatok k zmluve o nájme  priestorov č.12/2025,D_12/2025,/Users/kazimir/Desktop/BP/zmluvy_cleaned_checked_strict_valid/11819339.txt,True,False
11819341,dodatok,dodatok,dodatok,Dodatok k zmluve o nájme priestorov č. 13/2025,Dodatok k zmluve o nájme  priestorov č. 13/2025,D_13/2025,/Users/kazimir/Desktop/BP/zmluvy_cleaned_checked_strict_valid/11819341.txt,True,False
11819343,other,other,other,Zmluva o výpožičke,Zmluva o výpožičke,Zmluva č. 1/2026/SOŠOaSTt,/Users/kazimir/Desktop/BP/zmluvy_cleaned_checked_strict_valid/11819343.txt,False,False
11819353,sluzby,sluzby,sluzby,ZMLUVA č. ZO/2025OP26359-2 O POSKYTOVANÍ SLUŽIEB ONLINE PORADCA,Zmluva č.ZO/2025OP26359-2 o poskytovaní služieb online poradca,5/2025,/Users/kazimir/Desktop/BP/zmluvy_cleaned_checked_strict_valid/11819353.txt,True,False
11819363,sluzby,sluzby,sluzby,"PRACOVNÁ ZDRAVOTNÁ SLUŽBA s.r.o. Sídio: Staničná 9, 059 51 Poprad - Matejovce ZMLUVA o zabezpečení služieb v ochrane zdravia pri práci Pracovnou zdravotnou službou s.r.o., Poprad","Zmluva o zabezpečení služieb v ochrane zdravia pri práci PZS s.r.o., Poprad",02/2026,/Users/kazimir/Desktop/BP/zmluvy_cleaned_checked_strict_valid/11819363.txt,True,False
11819369,sluzby,sluzby,sluzby,MANDÁTNA ZMLUVA,Mandátna zmluva,03/2026,/Users/kazimir/Desktop/BP/zmluvy_cleaned_checked_strict_valid/11819369.txt,True,False
11819371,dotacia,dotacia,dotacia,"ZMLUVA o poskytnutí dotácie z rozpočtu Mesta Bytča, číslo DOT_001/2026",Zmluva  o poskytnutí dotácie,DOT_001/2026,/Users/kazimir/Desktop/BP/zmluvy_cleaned_checked_strict_valid/11819371.txt,True,False
11819373,other,other,other,Zmluva o výpožičke nebytových priestorov,Zmluva o výpožičke nebytových priestorov,04/2026,/Users/kazimir/Desktop/BP/zmluvy_cleaned_checked_strict_valid/11819373.txt,False,False
11819374,sluzby,sluzby,sluzby,Zmluva o poskytovaní služieb č.........................,Zmluva o poskytovaní služieb,202600001/2025,/Users/kazimir/Desktop/BP/zmluvy_cleaned_checked_strict_valid/11819374.txt,True,False
11819377,dotacia,dotacia,dotacia,"ZMLUVA o poskytnutí dotácie z rozpočtu Mesta Bytča, číslo DOT_002/2026",Zmluva o poskytnutí dotácie,DOT_002/2026,/Users/kazimir/Desktop/BP/zmluvy_cleaned_checked_strict_valid/11819377.txt,True,False
11819379,dotacia,dotacia,dotacia,"ZMLUVA o poskytnutí dotácie z rozpočtu Mesta Bytča, číslo DOT_003/2026",Zmluva o poskytnutí dotácie,DOT_003/2026,/Users/kazimir/Desktop/BP/zmluvy_cleaned_checked_strict_valid/11819379.txt,True,False
11819381,kupa_predaj,kupa_predaj,kupa_predaj,KÚPNA ZMLUVA,Kúpna zmluva,41/2025,/Users/kazimir/Desktop/BP/zmluvy_cleaned_checked_strict_valid/11819381.txt,True,False
11819383,sluzby,sluzby,sluzby,PRÍKAZNÁ ZMLUVA č. 1/2026,Príkazná zmluva,1/2026,/Users/kazimir/Desktop/BP/zmluvy_cleaned_checked_strict_valid/11819383.txt,True,False
11819385,dotacia,dotacia,dotacia,"ZMLUVA o poskytnutí dotácie z rozpočtu Mesta Bytča, číslo DOT_004/2026",Zmluva o poskytnutí dotácie,DOT_004/2026,/Users/kazimir/Desktop/BP/zmluvy_cleaned_checked_strict_valid/11819385.txt,True,False
11819387,dotacia,dotacia,dotacia,"ZMLUVA o poskytnutí dotácie z rozpočtu Mesta Bytča, číslo DOT_005/2026",Zmluva o poskytnutí dotácie,DOT_005/2026,/Users/kazimir/Desktop/BP/zmluvy_cleaned_checked_strict_valid/11819387.txt,True,False
11819389,ramcova,other,ramcova,Rámcová kúpna zmluva,Potraviny,Zmluva č. 1/2026/DSSBo,/Users/kazimir/Desktop/BP/zmluvy_cleaned_checked_strict_valid/11819389.txt,True,False
11819397,dotacia,dotacia,dotacia,"ZMLUVA o poskytnutí dotácie z rozpočtu Mesta Bytča, číslo DOT_006/2026",Zmluva o poskytnutí dotácie,DOT_006/2026,/Users/kazimir/Desktop/BP/zmluvy_cleaned_checked_strict_valid/11819397.txt,True,False
11819399,dotacia,dotacia,dotacia,"ZMLUVA o poskytnutí dotácie z rozpočtu Mesta Bytča, číslo DOT_007/2026",Zmluva o poskytnutí dotácie,DOT_007/2026,/Users/kazimir/Desktop/BP/zmluvy_cleaned_checked_strict_valid/11819399.txt,True,False
11819403,dotacia,dotacia,dotacia,"ZMLUVA o poskytnutí dotácie z rozpočtu Mesta Bytča, číslo DOT_008/2026",Zmluva o poskytnutí dotácie,DOT_008/2026,/Users/kazimir/Desktop/BP/zmluvy_cleaned_checked_strict_valid/11819403.txt,True,False
11819406,dotacia,dotacia,dotacia,"ZMLUVA o poskytnutí dotácie z rozpočtu Mesta Bytča, číslo DOT_009/2026",Zmluva o poskytnutí dotácie,DOT_009/2026,/Users/kazimir/Desktop/BP/zmluvy_cleaned_checked_strict_valid/11819406.txt,True,False
11819408,dotacia,dotacia,dotacia,"ZMLUVA o poskytnutí dotácie z rozpočtu Mesta Bytča, číslo DOT_010/2026",Zmluva o poskytnutí dotácie,DOT_010/2026,/Users/kazimir/Desktop/BP/zmluvy_cleaned_checked_strict_valid/11819408.txt,True,False
11819411,dotacia,dotacia,dotacia,"ZMLUVA o poskytnutí dotácie z rozpočtu Mesta Bytča, číslo DOT_011/2026",Zmluva o poskytnutí dotácie,DOT_011/2026,/Users/kazimir/Desktop/BP/zmluvy_cleaned_checked_strict_valid/11819411.txt,True,False
11819413,dotacia,dotacia,dotacia,"ZMLUVA o poskytnutí dotácie z rozpočtu Mesta Bytča, číslo DOT_012/2026",Zmluva o poskytnutí dotácie,DOT_012/2026,/Users/kazimir/Desktop/BP/zmluvy_cleaned_checked_strict_valid/11819413.txt,True,False
11819415,dotacia,dotacia,dotacia,"ZMLUVA o poskytnutí dotácie z rozpočtu Mesta Bytča, číslo DOT_013/2026",Zmluva o poskytnutí dotácie,DOT_013/2026,/Users/kazimir/Desktop/BP/zmluvy_cleaned_checked_strict_valid/11819415.txt,True,False
11819417,dotacia,dotacia,dotacia,Kancelária ministra obrany SR Námestie generála Viesta 2 832 47 Bratislava č. KaMO-EL4/16-1-5/2025 ZMLUVA o poskytnutí dotácie na rok 2025,Zmluva o poskytnutí dotácie na rok 2025,195/2025,/Users/kazimir/Desktop/BP/zmluvy_cleaned_checked_strict_valid/11819417.txt,True,False
11819419,dotacia,dotacia,dotacia,"ZMLUVA o poskytnutí dotácie z rozpočtu Mesta Bytča, číslo DOT_014/2026",Zmluva o poskytnutí dotácie,DOT_014/2026,/Users/kazimir/Desktop/BP/zmluvy_cleaned_checked_strict_valid/11819419.txt,True,False
11819421,dodatok,dodatok,dodatok,Dodatok č. 6 K ZMLUVE O NÁJME zo dňa 14.10.2015 uzatvorenej v zmysle ustanovení zákona č. 116/1990 Zb. o nájme a podnájme nebytových priestorov v znení neskorších predpisov a ustanovení zákona č. 40/1964 Zb. Občianskeho zákonníka (ďalej len „Dodatok č. 6),Dodatok č.6 k ZMLUVE O NÁJME zo dňa 14.10.2015,0001/2026,/Users/kazimir/Desktop/BP/zmluvy_cleaned_checked_strict_valid/11819421.txt,True,False
11819422,dodatok,dodatok,dodatok,"Dodatok č. 3 k Zmluve o podnájme nebytových priestorov č. 60/NZ/NP/2016 (ďalej len „Dodatok“) Čl. I Zmluvné strany Bytový podnik mesta Košice, s.r.o.",Dodatok č. 3 k Zmluve o podnájme nebytových priestorov č. 60/NZ/NP/2016,Dodatok č. 3 k Zmluve o podnájme nebytových priestorov č. 60/NZ/NP/2016,/Users/kazimir/Desktop/BP/zmluvy_cleaned_checked_strict_valid/11819422.txt,True,False
11819425,dotacia,dotacia,dotacia,"ZMLUVA o poskytnutí dotácie z rozpočtu Mesta Bytča, číslo DOT_015/2026",Zmluva o poskytnutí dotácie,DOT_015/2026,/Users/kazimir/Desktop/BP/zmluvy_cleaned_checked_strict_valid/11819425.txt,True,False
11819427,dotacia,dotacia,dotacia,"ZMLUVA o poskytnutí dotácie z rozpočtu Mesta Bytča, číslo DOT_016/2026",Zmluva o poskytnutí dotácie,DOT_016/2026,/Users/kazimir/Desktop/BP/zmluvy_cleaned_checked_strict_valid/11819427.txt,True,False
11819429,dotacia,dotacia,dotacia,"ZMLUVA o poskytnutí dotácie z rozpočtu Mesta Bytča, číslo DOT_017/2026",Zmluva o poskytnutí dotácie,DOT_017/2026,/Users/kazimir/Desktop/BP/zmluvy_cleaned_checked_strict_valid/11819429.txt,True,False
11819431,dodatok,dodatok,dodatok,"Dodatok č. 6 k Zmluve o nájme č. 44/Am/2000 (ďalej len „Dodatok“) Čl. I Zmluvné strany Bytový podnik mesta Košice, s.r.o.",Dodatok č. 6 k Zmluve o nájme č. 44/Am/2000,Dodatok č. 6 k Zmluve o nájme č. 44/Am/2000,/Users/kazimir/Desktop/BP/zmluvy_cleaned_checked_strict_valid/11819431.txt,True,False
11819446,najom,najom,other,,Zmluva o nájme bytu.,002_2026,/Users/kazimir/Desktop/BP/zmluvy_cleaned_checked_strict_valid/11819446.txt,False,False
11819448,najom,najom,other,,Zmluva o nájme bytu.,001_2026,/Users/kazimir/Desktop/BP/zmluvy_cleaned_checked_strict_valid/11819448.txt,False,False
11819457,other,other,other,DAROVACIA ZMLUVA PZS,Darovacia zmluva,5/2025 TZMO,/Users/kazimir/Desktop/BP/zmluvy_cleaned_checked_strict_valid/11819457.txt,False,False
11819459,other,other,other,"ZMLUVA č.1/2025/S0Ú o zriadení Spoločného obecného úradu Budimír uzatvorená podľa $ 20a zákona SNR č. 369/1990 Zb. o obecnom zriadení v znení neskorších predpisov uzatvorená medzi: Učastníci zmluvy: 1. Názov: Obec Budimír Sídlo: Zámocká 22/4, 044 43 Budimír Zastúpená: — Vojtech Staňo, Mgr., starosta obce IČO: 00324001 DIČ: 2021235854 2. Názov: Obec",Zmluva o zriadení Spoločného obecného úradu Budimír,028/2025,/Users/kazimir/Desktop/BP/zmluvy_cleaned_checked_strict_valid/11819459.txt,False,False
11819487,other,other,other,"ZMLUVA č.1/2025/S0Ú o zriadení Spoločného obecného úradu Budimír uzatvorená podľa $ 20a zákona SNR č. 369/1990 Zb. o obecnom zriadení v znení neskorších predpisov uzatvorená medzi: Učastníci zmluvy: 1. Názov: Obec Budimír Sídlo: Zámocká 22/4, 044 43 Budimír Zastúpená: — Vojtech Staňo, Mgr., starosta obce IČO: 00324001 DIČ: 2021235854 2. Názov: Obec",Zmluva,049/2025,/Users/kazimir/Desktop/BP/zmluvy_cleaned_checked_strict_valid/11819487.txt,False,False
11819495,dohoda_ine,dohoda_ine,other,Číslo záznamu:,"D O H O D A č. 25/36/010/48 uzatvorená podľa § 10 ods. 12, § 26 ods. 2 písm. g) a ďalších zákona č. 417/2013 Z. z. o pomoci v hmotnej núdzi a o zmene a doplnení niektorých zákonov",25/36/010/48,/Users/kazimir/Desktop/BP/zmluvy_cleaned_checked_strict_valid/11819495.txt,False,False
11819497,hrobove_miesto,hrobove_miesto,hrobove_miesto,"ZMLUVA O NÁJME HROBOVÉHO MIESTA č. 2026/2090003154 Zmluvné strany: 1. MARIANUM - Pohrebníctvo mesta Bratislavy So sídlom: Šafárikovo námestie č. 3, 811 02 Bratislava Zastúpená: Ing. Robert Kováč, MBA - riaditeľ organizácie",nájom za hrobové miesto,2026/2090003154,/Users/kazimir/Desktop/BP/zmluvy_cleaned_checked_strict_valid/11819497.txt,True,False
11819499,hrobove_miesto,hrobove_miesto,hrobove_miesto,"ZMLUVA O NÁJME HROBOVÉHO MIESTA č. 2026/2100000083 Zmluvné strany: 1. MARIANUM - Pohrebníctvo mesta Bratislavy So sídlom: Šafárikovo námestie č. 3, 811 02 Bratislava Zastúpená: Ing. Robert Kováč, MBA - riaditeľ organizácie",nájom za hrobové miesto,2026/2100000083,/Users/kazimir/Desktop/BP/zmluvy_cleaned_checked_strict_valid/11819499.txt,True,False
11819501,hrobove_miesto,hrobove_miesto,hrobove_miesto,"ZMLUVA O NÁJME HROBOVÉHO MIESTA č. 2026/1020002748 Zmluvné strany: 1. MARIANUM - Pohrebníctvo mesta Bratislavy So sídlom: Šafárikovo námestie č. 3, 811 02 Bratislava Zastúpená: Ing. Robert Kováč, MBA - riaditeľ organizácie",nájom za hrobové miesto,2026/1020002748,/Users/kazimir/Desktop/BP/zmluvy_cleaned_checked_strict_valid/11819501.txt,True,False
11819503,hrobove_miesto,hrobove_miesto,hrobove_miesto,"ZMLUVA O NÁJME HROBOVÉHO MIESTA č. 2026/2090003152 Zmluvné strany: 1. MARIANUM - Pohrebníctvo mesta Bratislavy So sídlom: Šafárikovo námestie č. 3, 811 02 Bratislava Zastúpená: Ing. Robert Kováč, MBA - riaditeľ organizácie",nájom za hrobové miesto,2026/2090003152,/Users/kazimir/Desktop/BP/zmluvy_cleaned_checked_strict_valid/11819503.txt,True,False
11819505,hrobove_miesto,hrobove_miesto,hrobove_miesto,"ZMLUVA O NÁJME HROBOVÉHO MIESTA č. 2026/4190001380 Zmluvné strany: 1. MARIANUM - Pohrebníctvo mesta Bratislavy So sídlom: Šafárikovo námestie č. 3, 811 02 Bratislava Zastúpená: Ing. Robert Kováč, MBA - riaditeľ organizácie",nájom za hrobové miesto,2026/4190001380,/Users/kazimir/Desktop/BP/zmluvy_cleaned_checked_strict_valid/11819505.txt,True,False
11819507,hrobove_miesto,hrobove_miesto,hrobove_miesto,"ZMLUVA O NÁJME HROBOVÉHO MIESTA č. 2026/1010002036 Zmluvné strany: 1. MARIANUM - Pohrebníctvo mesta Bratislavy So sídlom: Šafárikovo námestie č. 3, 811 02 Bratislava Zastúpená: Ing. Robert Kováč, MBA - riaditeľ organizácie",nájom za hrobové miesto,2026/1010002036,/Users/kazimir/Desktop/BP/zmluvy_cleaned_checked_strict_valid/11819507.txt,True,False
11819509,hrobove_miesto,hrobove_miesto,hrobove_miesto,"ZMLUVA O NÁJME HROBOVÉHO MIESTA č. 2026/2090003153 Zmluvné strany: 1. MARIANUM - Pohrebníctvo mesta Bratislavy So sídlom: Šafárikovo námestie č. 3, 811 02 Bratislava Zastúpená: Ing. Robert Kováč, MBA - riaditeľ organizácie",nájom za hrobové miesto,2026/2090003153,/Users/kazimir/Desktop/BP/zmluvy_cleaned_checked_strict_valid/11819509.txt,True,False
11819511,hrobove_miesto,hrobove_miesto,hrobove_miesto,"ZMLUVA O NÁJME HROBOVÉHO MIESTA č. 2026/1020002746 Zmluvné strany: 1. MARIANUM - Pohrebníctvo mesta Bratislavy So sídlom: Šafárikovo námestie č. 3, 811 02 Bratislava Zastúpená: Ing. Robert Kováč, MBA - riaditeľ organizácie",nájom za hrobové miesto,2026/1020002746,/Users/kazimir/Desktop/BP/zmluvy_cleaned_checked_strict_valid/11819511.txt,True,False
11819513,hrobove_miesto,hrobove_miesto,hrobove_miesto,"ZMLUVA O NÁJME HROBOVÉHO MIESTA č. 2026/2090003151 Zmluvné strany: 1. MARIANUM - Pohrebníctvo mesta Bratislavy So sídlom: Šafárikovo námestie č. 3, 811 02 Bratislava Zastúpená: Ing. Robert Kováč, MBA - riaditeľ organizácie",nájom za hrobové miesto,2026/2090003151,/Users/kazimir/Desktop/BP/zmluvy_cleaned_checked_strict_valid/11819513.txt,True,False
11819515,hrobove_miesto,hrobove_miesto,hrobove_miesto,"ZMLUVA O NÁJME HROBOVÉHO MIESTA č. 2026/1020002747 Zmluvné strany: 1. MARIANUM - Pohrebníctvo mesta Bratislavy So sídlom: Šafárikovo námestie č. 3, 811 02 Bratislava Zastúpená: Ing. Robert Kováč, MBA - riaditeľ organizácie",nájom za hrobové miesto,2026/1020002747,/Users/kazimir/Desktop/BP/zmluvy_cleaned_checked_strict_valid/11819515.txt,True,False
11819519,hrobove_miesto,hrobove_miesto,hrobove_miesto,ZMLUVA O NÁJME HROBOVÉHO MIESTA č. 1/K/26,Zmluva o nájme hrobového miesta č. 1/K/26,1/K/26,/Users/kazimir/Desktop/BP/zmluvy_cleaned_checked_strict_valid/11819519.txt,True,False
11819521,hrobove_miesto,hrobove_miesto,hrobove_miesto,ZMLUVA O NÁJME HROBOVÉHO MIESTA č. 1/C/26,Zmluva o nájme hrobového miesta č. 1/C/26,1/C/26,/Users/kazimir/Desktop/BP/zmluvy_cleaned_checked_strict_valid/11819521.txt,True,False
11819523,hrobove_miesto,hrobove_miesto,hrobove_miesto,ZMLUVA O NÁJME HROBOVÉHO MIESTA č. 2/C/26,Zmluva o nájme hrobového miesta č. 2/C/26,2/C/26,/Users/kazimir/Desktop/BP/zmluvy_cleaned_checked_strict_valid/11819523.txt,True,False
11819525,hrobove_miesto,hrobove_miesto,hrobove_miesto,ZMLUVA O NÁJME HROBOVÉHO MIESTA č. 3/C/26,Zmluva o nájme hrobového miesta č. 3/C/26,3/C/26,/Users/kazimir/Desktop/BP/zmluvy_cleaned_checked_strict_valid/11819525.txt,True,False
11819527,hrobove_miesto,hrobove_miesto,hrobove_miesto,ZMLUVA O NÁJME HROBOVÉHO MIESTA č. 4/C/26,Zmluva o nájme hrobového miesta č. 4/C/26,4/C/26,/Users/kazimir/Desktop/BP/zmluvy_cleaned_checked_strict_valid/11819527.txt,True,False
11819537,najom,najom,najom,Zmluva o nájme obecného bytu,Zmluva o nájme bytu,214/3/2025,/Users/kazimir/Desktop/BP/zmluvy_cleaned_checked_strict_valid/11819537.txt,True,False
11819569,prispevok,prispevok,prispevok,"Zmluva o poskytovaní finančného príspevku na prevádzku poskytovanej sociálnej služby neverejnému poskytovateľovi sociálnej služby, uzatvorená v zmysle § 51 Občianskeho zákonníka v nadväznosti na § 80 písm. h) bod 2 a § 75 ods. 1 písm. a) bod 2 zákona č. 448/2008 Z. z. sociálnych službách a",Zmluva o poskytovaní finančného príspevku na prevádzku poskytovanej sociálnej služby neverejnému poskytovateľovi sociálnej služby,1140,/Users/kazimir/Desktop/BP/zmluvy_cleaned_checked_strict_valid/11819569.txt,True,False
11819571,najom,najom,najom,Zmluva o krátkodobom nájme nebytových priestorov,Zmluva o krátkodobom nájme nebytových priestorov,SNM-MT-NZ-2026/14,/Users/kazimir/Desktop/BP/zmluvy_cleaned_checked_strict_valid/11819571.txt,True,False
11819590,energie,energie,energie,ZMLUVA O ZDRUŽENEJ DODÁVKE ELEKTRINY S PREVZATÍM ZODPOVEDNOSTI ZA ODCHÝLKU č. 1112334 (ďalej len „Zmluva“) Táto zmluva sa uzatvára ako výsledok verejného obstarávania v zmysle zákona č. 343/2015 Z.z. o verejnom obstarávaní a o zmene a doplnení niektorých zákonov v znení neskorších predpisov. Odberateľ na obstaranie,Zmluva o združenej dodávke elektriny s prevzatím zodpovednosti za odchýlku č. 1112334,59/2025,/Users/kazimir/Desktop/BP/zmluvy_cleaned_checked_strict_valid/11819590.txt,True,False
11819605,najom,najom,najom,Číslo zmluvy: 62/2025 Zmluva o nájme nebytových priestorov,Zmluva o nájme nebytových priestorov,62/2025,/Users/kazimir/Desktop/BP/zmluvy_cleaned_checked_strict_valid/11819605.txt,True,False
11819607,najom,najom,najom,Zmluva o nájme bytu v bytovom dome súp. číslo 790 Zmluvné strany Prenajímateľ: Obec Borský Svätý Jur 908 79 Borský Svätý Jur 690 IČO: 00 309 401 zastúpená starostom obce Mgr. Jurajom Smolárom,nájom bytu č.790 D1,662/2025,/Users/kazimir/Desktop/BP/zmluvy_cleaned_checked_strict_valid/11819607.txt,True,False
11819613,licencia_autorske,licencia_autorske,licencia_autorske,č. zmluvy L001/2026 Zmluva o podaní umeleckého výkonu / Licenčná zmluva,Zmluva o podaní umeleckého výkonu / Licenčná zmluva uzavretá v zmysle zákona č. 185/2015 Z.z. Autorský zákon v znení neskorších predpisov,Z2026/001,/Users/kazimir/Desktop/BP/zmluvy_cleaned_checked_strict_valid/11819613.txt,True,False
11819615,sluzby,sluzby,other,č. zmluvy 01/2026,Zmluva o sprostredkovaní  uzavretá v  zmysle ust. § 642 a nasl. zákon a č. 513/1991 Zb. Obchodného zákonníka  v znení  neskorších predpisov,Z2026/002,/Users/kazimir/Desktop/BP/zmluvy_cleaned_checked_strict_valid/11819615.txt,False,False
11819617,licencia_autorske,licencia_autorske,licencia_autorske,Je z č. zmluvy L002/2026 Zmluva o podaní umeleckého výkonu / Licenčná zmluva,Zmluva o podaní umeleckého výkonu /  Licenčná zmluva  uzavretá v zmysle zákona č. 185/2015 Z.z. Autorský zákon v znení neskorších predpisov,Z2026/003,/Users/kazimir/Desktop/BP/zmluvy_cleaned_checked_strict_valid/11819617.txt,True,False
11819621,other,other,other,DAROVACIA ZMLUVA č. 052/1-341/25,Darovacia zmluva č. 052-1-341-25,052-1-341-25,/Users/kazimir/Desktop/BP/zmluvy_cleaned_checked_strict_valid/11819621.txt,False,False
11819623,other,other,other,DAROVACIA ZMLUVA č. 052/1-002/26,Darovacia zmluva č. 052-1-002-26,052-1-002-26,/Users/kazimir/Desktop/BP/zmluvy_cleaned_checked_strict_valid/11819623.txt,False,False
11819625,other,other,other,DAROVACIA ZMLUVA č. 052/1-266/25,Darovacia zmluva č. 052-1-266-25,052-1-266-25,/Users/kazimir/Desktop/BP/zmluvy_cleaned_checked_strict_valid/11819625.txt,False,False
6863623,najom,najom,najom,Zmluva o nájme pozemku a stavby č....................,Zmluva o nájme pozemku a stavby č. 25/2022,25/2022,/Users/kazimir/Desktop/BP/zmluvy_cleaned_checked_strict_valid/6863623.txt,True,False
