contract_id,weak_category,evidence_in_text,has_evidence,crz_predmet,crz_nazov,snippet,path
11752864,energie,elektr|energie|plyn,True,Zmluva o združenej dodávke plynu č. SC2025/161,Zmluva č. SC2025/161,"Zmluva o združenej dodávke plynu č. SC2025/161 uzatvorená v zmysle § 269 ods. 2 zákona č. 513/1991 Zb. Obchodného zákonníka v znení neskorších predpisov (ďalej len „Obchodný zákonník“), v súlade so zákonom č. 251/2012 Z. z. o energetike a o zmene niektorých zákonov (ďalej len „Zákon o energetike“), zákonom č. 250/2012 Z. z. o regulácii v sieťových odvetviach (ďalej len „zákon o regulácii v sieťových odvetviach“) a ďalšími všeobecne záväznými právnymi predpismi vzťahujúcimi sa na oblasť elektroenergetiky. (ďalej aj „ZoZDP“ alebo „zmluva“) Zmluvné strany Odberateľ Názov: Sídlo: Štatutárny orgán: IČO: DIČ, IČDPH: Bankové spojenie: IBAN, SWIFT: (ďalej len „Odberateľ”) a Dodávateľ Názov: Sídlo: Štatutárny orgán: Zapísaná v: IČO: DIČ: IČ DPH: Bankové spojenie: IBAN, SWIFT: Gymnázium duklianskych hrdinov, Komenského 16, Svidník Komenského 16, 089 01 Svidník RNDr. Ján Rodák, riaditeľ 00161233 2020790805 Štátna pokladnica SK22 8180 0000 0070 0051 5487 Torreol, s.r.o. Budova ORBIS, Rajská 7, 811 08 Bratislava Ing. Richard Prokypčák – konateľ Ing. Alexandra Broszová - konateľka OR mestského súdu Bratislava III, odd. Sro, vložka č.: 122819/",/Users/kazimir/Desktop/BP/zmluvy_cleaned_checked_strict_valid/11752864.txt
11817564,ukoncenie,ukoncen,True,Dohoda o ukončení Zmluvy o zriadení spoločného obecného úradu,Ukončenie SSU,"Dohoda o ukončení Zmluvy o zriadení spoločného obecného úradu zo dňa 15.12.2020 uzatvorená podľa § 20a zákona č. 369/1990 Zb. Zákona Slovenskej národnej rady o obecnom zriadení uzatvorená medzi: Zmluvné strany: 1. Obec Badín So sídlom: Sládkovičova č. 4, 976 32 Badín IČO: 00313262 Zastúpená: Mgr. Pavlom Hricom, starostom obce 2. Obec Harmanec So sídlom: Harmanec 6, 976 03 Harmanec IČO: 00 313 416 Zastúpená: Henrietou Ivanovou, starostkou obce 3. Obec Kordíky So sídlom: Kordíky 59, 976 34 Kordíky IČO: 00 313 530 Zastúpená: Dušanom Tučekom, starostom obce 4. Obec Kynceľová So sídlom: Kynceľová 39, 974 01 Kynceľová IČO: 00 647 659 Zastúpená: Ing. Martinou Kubišovou, PhD., starostkou obce 5. Obec Malachov So sídlom: Ortútska 145, 974 05 Malachov IČO: 00 620 891 Zastúpená: Ing. Martinom Pálom, starostom obce 6. Obec Môlča So sídlom: Prostredná Môlča 61, 974 01 Môlča IČO: 00 313 611 Zastúpená: Mgr. Marianou Luptákovou, starostkou obce 7. Obec Tajov So sídlom: Tajov 79, 976 34 Tajov IČO: 00 313 882 Zastúpená: Mgr. Janette Cimermanovou, starostkou obce 8. Obec Poniky So sídlom: Malá Stráňa 32, 976 33 Poniky IČO: 00 313 734 Zastúpená: In",/Users/kazimir/Desktop/BP/zmluvy_cleaned_checked_strict_valid/11817564.txt
11817566,ukoncenie,ukoncen,True,Dohoda o ukončení zmluvy o dielo č. 16/HSV a dodatkov 1 až 17,39/2025,"DOHODA o ukončení platnosti zmluvy o dielo č. 16/HSV zo dňa 20.2.1995 v znení dodatkov č. 1 až č. 17/2022 zo dňa 19.09.2022 (ďalej v texte len „Dohoda“) uzatvorená medzi týmito zmluvnými stranami: Objednávateľ č.1: Obec Fričovce, so sídlom 082 37 Fričovce č.34, IČO: 00 327 026 zast.: PhDr. Ján Mikula, starosta obce I. Objednávateľ č.2: Obec Široké, so sídlom 082 37 Široké č.118, IČO: 00 327 832 zast.: Ing. Mgr. Silvia Kováčová, starostka obce Objednávateľ č.3: Obec Šindliar, so sídlom 082 36 Šindliar č.144, IČO: 00 327 824 zast.: Ing. František Sedlák, starosta obce Objednávateľ č.4: Obec Lipovce, so sídlom 082 36 Lipovce č.92, IČO: 00 327 787 zast.: Ján Šatník, starosta obce (ďalej len „objednávatelia“) a Zhotoviteľ: PEhAES, a.s., so sídlom 080 06 Ľubotice, Bardejovská č.15, IČO: 00 155 764 zast: Ing. Marián Boľanovský, predseda predstavenstva (ďalej len „zhotoviteľ“) (ďalej v texte len „zmluvné strany“) II. Predmetom tejto Dohody je ukončenie Zmluvy o dielo č.16/HSV zo dňa 20.2.1995 v znení dodatkov č. 1 až č. 17/2022 zo dňa 19.09.2022, ktorej predmetom mala byť výstavba kanalizácie Šindliar – Lipovce – Fričovce – Široké (ďalej v texte",/Users/kazimir/Desktop/BP/zmluvy_cleaned_checked_strict_valid/11817566.txt
11817568,hrobove_miesto,hrobove miesto|hroboveho miesta|hrobov,True,nájom za hrobové miesto,2025/4190001378,"ZMLUVA O NÁJME HROBOVÉHO MIESTA č. 2025/4190001378 Zmluvné strany: 1. MARIANUM - Pohrebníctvo mesta Bratislavy So sídlom: Šafárikovo námestie č. 3, 811 02 Bratislava Zastúpená: Ing. Robert Kováč, MBA - riaditeľ organizácie IČO: 17330190 DIČ: 2020838182 IČ DPH: SK 2020838182 tel.: 02/50 700 101 e-mail: spravacintorinov@marianum.sk www.marianum.sk (ďalej len „prenajímateľ"") 2. doc.Mgr. Miroslav Popper, CSc. Adresa: Na barine 4684/10, 84103 Bratislava Dátum narodenia: tel.: (ďalej len „nájomca"") e-mail: uzatvárajú podľa § 663 až 684 Občianskeho zákonníka a zákona č. 131/2010 Z. z. o pohrebníctve (ďalej len „zákon o pohrebníctve"") túto zmluvu o nájme hrobového miesta. Článok I Predmet a účel nájmu 1. Prenajímateľ prenecháva a nájomca prijíma do nájmu, za dohodnutú odplatu a za podmienok uvedených v tejto zmluve, typ miesta Urnové miesto, sektor 3, chodník 1A, číslo 22, predchádzajúce číslo hrobu 4-13-1411, na pohrebisku Krematórium Bratislava, Hodonínska 44, 841 03 Bratislava – Záhorská Bystrica v Bratislave za účelom uloženia ľudských pozostatkov alebo ostatkov, (ďalej len hrobové miesto). 2. Nájomca hrobového miesta prehlasuje, že bol oboznámený s hrobovým mies",/Users/kazimir/Desktop/BP/zmluvy_cleaned_checked_strict_valid/11817568.txt
11817570,hrobove_miesto,hrobove miesto|hroboveho miesta|hrobov,True,nájom za hrobové miesto,2025/1010002035,"ZMLUVA O NÁJME HROBOVÉHO MIESTA č. 2025/1010002035 Zmluvné strany: 1. MARIANUM - Pohrebníctvo mesta Bratislavy So sídlom: Šafárikovo námestie č. 3, 811 02 Bratislava Zastúpená: Ing. Robert Kováč, MBA - riaditeľ organizácie IČO: 17330190 DIČ: 2020838182 IČ DPH: SK 2020838182 tel.: 02/50 700 101 e-mail: spravacintorinov@marianum.sk www.marianum.sk (ďalej len „prenajímateľ"") 2. Miloš Medvecký Adresa: Jagststr. 14, 71679 Asperg Dátum narodenia: tel.: (ďalej len „nájomca"") e-mail: uzatvárajú podľa § 663 až 684 Občianskeho zákonníka a zákona č. 131/2010 Z. z. o pohrebníctve (ďalej len „zákon o pohrebníctve"") túto zmluvu o nájme hrobového miesta. Článok I Predmet a účel nájmu 1. Prenajímateľ prenecháva a nájomca prijíma do nájmu, za dohodnutú odplatu a za podmienok uvedených v tejto zmluve, typ miesta Hrobové miesto, sektor 28, chodník -, číslo 1101, predchádzajúce číslo hrobu XXVIII-1022, na pohrebisku Martinský cintorín, Trnavská cesta 110, 821 01 Bratislava – Ružinov v Bratislave za účelom uloženia ľudských pozostatkov alebo ostatkov, (ďalej len hrobové miesto). 2. Nájomca hrobového miesta prehlasuje, že bol oboznámený s hrobovým miestom, jeho polohou na pohrebis",/Users/kazimir/Desktop/BP/zmluvy_cleaned_checked_strict_valid/11817570.txt
11817572,hrobove_miesto,hrobove miesto|hroboveho miesta|hrobov,True,nájom za hrobové miesto,2025/1020002745,"ZMLUVA O NÁJME HROBOVÉHO MIESTA č. 2025/1020002745 Zmluvné strany: 1. MARIANUM - Pohrebníctvo mesta Bratislavy So sídlom: Šafárikovo námestie č. 3, 811 02 Bratislava Zastúpená: Ing. Robert Kováč, MBA - riaditeľ organizácie IČO: 17330190 DIČ: 2020838182 IČ DPH: SK 2020838182 tel.: 02/50 700 101 e-mail: spravacintorinov@marianum.sk www.marianum.sk (ďalej len „prenajímateľ"") 2. Ing. Martin Masác Adresa: Brezová 1591/32, 90025 Chorvátsky Grob Dátum narodenia: tel.: (ďalej len „nájomca"") e-mail: uzatvárajú podľa § 663 až 684 Občianskeho zákonníka a zákona č. 131/2010 Z. z. o pohrebníctve (ďalej len „zákon o pohrebníctve"") túto zmluvu o nájme hrobového miesta. Článok I Predmet a účel nájmu 1. Prenajímateľ prenecháva a nájomca prijíma do nájmu, za dohodnutú odplatu a za podmienok uvedených v tejto zmluve, typ miesta Urnové miesto, sektor 7/1, chodník -, číslo 62/14, predchádzajúce číslo hrobu -, na pohrebisku Cintorín Vrakuňa, Gagarinova 29, 821 07 Bratislava – Vrakuňa v Bratislave za účelom uloženia ľudských pozostatkov alebo ostatkov, (ďalej len hrobové miesto). 2. Nájomca hrobového miesta prehlasuje, že bol oboznámený s hrobovým miestom, jeho polohou na pohrebisk",/Users/kazimir/Desktop/BP/zmluvy_cleaned_checked_strict_valid/11817572.txt
11817574,hrobove_miesto,hrobove miesto|hroboveho miesta|hrobov,True,nájom za hrobové miesto,2025/2090003149,"ZMLUVA O NÁJME HROBOVÉHO MIESTA č. 2025/2090003149 Zmluvné strany: 1. MARIANUM - Pohrebníctvo mesta Bratislavy So sídlom: Šafárikovo námestie č. 3, 811 02 Bratislava Zastúpená: Ing. Robert Kováč, MBA - riaditeľ organizácie IČO: 17330190 DIČ: 2020838182 IČ DPH: SK 2020838182 tel.: 02/50 700 101 e-mail: spravacintorinov@marianum.sk www.marianum.sk (ďalej len „prenajímateľ"") 2. JUDr. Pavol Kollár Adresa: Lehockého 3038/4, 81106 Bratislava Dátum narodenia: tel.: (ďalej len „nájomca"") e-mail: uzatvárajú podľa § 663 až 684 Občianskeho zákonníka a zákona č. 131/2010 Z. z. o pohrebníctve (ďalej len „zákon o pohrebníctve"") túto zmluvu o nájme hrobového miesta. Článok I Predmet a účel nájmu 1. Prenajímateľ prenecháva a nájomca prijíma do nájmu, za dohodnutú odplatu a za podmienok uvedených v tejto zmluve, typ miesta Hrobové miesto, sektor 28, chodník -, číslo 69, predchádzajúce číslo hrobu XXVIII-67, na pohrebisku Cintorín Slávičie údolie, Staré Grunty 47, 841 04 Bratislava – Karlova Ves v Bratislave za účelom uloženia ľudských pozostatkov alebo ostatkov, (ďalej len hrobové miesto). 2. Nájomca hrobového miesta prehlasuje, že bol oboznámený s hrobovým miestom, jeho polo",/Users/kazimir/Desktop/BP/zmluvy_cleaned_checked_strict_valid/11817574.txt
11817576,hrobove_miesto,hrobove miesto|hroboveho miesta|hrobov,True,nájom za hrobové miesto,2025/2090003150,"ZMLUVA O NÁJME HROBOVÉHO MIESTA č. 2025/2090003150 Zmluvné strany: 1. MARIANUM - Pohrebníctvo mesta Bratislavy So sídlom: Šafárikovo námestie č. 3, 811 02 Bratislava Zastúpená: Ing. Robert Kováč, MBA - riaditeľ organizácie IČO: 17330190 DIČ: 2020838182 IČ DPH: SK 2020838182 tel.: 02/50 700 101 e-mail: spravacintorinov@marianum.sk www.marianum.sk (ďalej len „prenajímateľ"") 2. JUDr. Pavol Kollár Adresa: Lehockého 3038/4, 81106 Bratislava Dátum narodenia: tel.: (ďalej len „nájomca"") e-mail: uzatvárajú podľa § 663 až 684 Občianskeho zákonníka a zákona č. 131/2010 Z. z. o pohrebníctve (ďalej len „zákon o pohrebníctve"") túto zmluvu o nájme hrobového miesta. Článok I Predmet a účel nájmu 1. Prenajímateľ prenecháva a nájomca prijíma do nájmu, za dohodnutú odplatu a za podmienok uvedených v tejto zmluve, typ miesta Urnové miesto, sektor 28, chodník -, číslo 71, predchádzajúce číslo hrobu XXVIII-69, na pohrebisku Cintorín Slávičie údolie, Staré Grunty 47, 841 04 Bratislava – Karlova Ves v Bratislave za účelom uloženia ľudských pozostatkov alebo ostatkov, (ďalej len hrobové miesto). 2. Nájomca hrobového miesta prehlasuje, že bol oboznámený s hrobovým miestom, jeho poloh",/Users/kazimir/Desktop/BP/zmluvy_cleaned_checked_strict_valid/11817576.txt
11817578,hrobove_miesto,hrobove miesto|hroboveho miesta|hrobov,True,nájom za hrobové miesto,2025/4190001379,"ZMLUVA O NÁJME HROBOVÉHO MIESTA č. 2025/4190001379 Zmluvné strany: 1. MARIANUM - Pohrebníctvo mesta Bratislavy So sídlom: Šafárikovo námestie č. 3, 811 02 Bratislava Zastúpená: Ing. Robert Kováč, MBA - riaditeľ organizácie IČO: 17330190 DIČ: 2020838182 IČ DPH: SK 2020838182 tel.: 02/50 700 101 e-mail: spravacintorinov@marianum.sk www.marianum.sk (ďalej len „prenajímateľ"") 2. Anna Krohľáková Adresa: Ľuda Zúbka 3167/13, 84101 Bratislava Dátum narodenia: tel.: (ďalej len „nájomca"") e-mail: uzatvárajú podľa § 663 až 684 Občianskeho zákonníka a zákona č. 131/2010 Z. z. o pohrebníctve (ďalej len „zákon o pohrebníctve"") túto zmluvu o nájme hrobového miesta. Článok I Predmet a účel nájmu 1. Prenajímateľ prenecháva a nájomca prijíma do nájmu, za dohodnutú odplatu a za podmienok uvedených v tejto zmluve, typ miesta Urnové miesto, sektor 5, chodník 8, číslo 525, predchádzajúce číslo hrobu -, na pohrebisku Krematórium Bratislava, Hodonínska 44, 841 03 Bratislava – Záhorská Bystrica v Bratislave za účelom uloženia ľudských pozostatkov alebo ostatkov, (ďalej len hrobové miesto). 2. Nájomca hrobového miesta prehlasuje, že bol oboznámený s hrobovým miestom, jeho polohou na p",/Users/kazimir/Desktop/BP/zmluvy_cleaned_checked_strict_valid/11817578.txt
11817582,dohoda_ine,dohoda,True,"D O H O D A č. 25/33/010/9 uzatvorená podľa § 10 ods. 12, § 26 ods. 2 písm. g) a ďalších zákona č. 417/2013 Z. z. o pomoci v hmotnej núdzi",301/2025,"Číslo záznamu: č. zákona č. 417/2013 Z. z. o znení neskorších pr uzatvorená podľa § 10 ods. 12, § 26 ods. 2 písm. g) a ďalších hmotnej núdzi a o doplnení niektorých zákonov ust. § 51 zákona č. 40/1964 Zb. Občiansky zákonník v znení neskorších predpisov (ďalej len „dohoda“) Úrad práce, sociálnych vecí a rodiny Zvolen Sídlo: V mene ktorého koná: Bc. Richard Miartuš riaditeľ úradu IČO: 30794536 (ďalej len „úrad“) Obec Jalšovík Sídlo: Jalšovík V mene ktorého koná: Adriana Vicianová IČO: Jalšovík (ďalej len „organizátor“) úrad a organizátor ďalej spolu ako aj „účastníci dohody “ Účelom uzatvorenia tejto dohody je najmä aplikácia § 10 zákona č. 417/2013 Z. z. o hmotnej núdzi a o doplnení niektorých zákonov v znení neskorších predpisov (ďalej len „zákon o hmotnej núdzi“) do praxe. Člá Predmetom tejto dohody je záväzok organizátora realizovať činnosť bližšie špecifikovanú článku II tejto dohody, a to prostredníctvom osôb podľa § 1 ods. 2 zákona o pomoci v hmotnej núdzi nachádzajúcich sa v hmotnej núdzi podľa podmienok zákona o pomoci v hmotnej núdzi (ďalej len „občania“), ktorých účasť na týchto činnostiach zabezpečí úrad. Za občana sa na účely tejto dohody pova",/Users/kazimir/Desktop/BP/zmluvy_cleaned_checked_strict_valid/11817582.txt
11817598,other,,True,Zmluva o zverení majetku mesta do správy,5001,"Zmluva o zverení majetku mesta do správy uzavretá podľa § 6 zákona č. 138/1991 Zb. o majetku obci v znení neskorších predpisov, v súlade s Článkom č.3 Zásad hospodárenia s majetkom mesta Šahy Vlastník majetku: so sídlom: v zastúpení: IČO: a Preberajúci správca: so sídlom: v zastúpení: IČO: Článok L Zmluvné strany Mesto Šahy Hlavné námestie č.l, 936 01 Šahy Ing Pál Zachar, primátor mesta 00 307 513 ( ďalej len ako „vlastník“) Kultúrne stredisko Bélu Bartóka - Bartók Béla Kulturális Kozpont F. Rákócziho II. 4, 936 01 Šahy Mgr. Silvia Csákvári, riaditeľka kultúrneho strediska 57 277 443 „správca“ a spolu s vlastníkom ďalej len „zmluvné strany“) Článok II. Predmet zmluvy 1, Predmetom zmluvy je zverenie majetku Mesta Šahy uvedeného v Článku č. III. tejto zmluvy do správy. Článok III. Predmet zverenia 1. Predmetom zverenia je majetok mesta špecifikovaný v prílohe č. 1 (a-f) k tejto zmluve, ktorá tvorí jej neoddeliteľnú súčasť. 2. Zmluvné strany sa dohodli, že príloha č. 1 (a-f) bude podpísaná oboma zmluvnými stranami, pričom bude obsahovať aj dátum podpisu. V prípade aktualizácie obsahu prílohy č. 1 zmluvné strany podpíšu novú prílohu, ktorá v plnom rozsahu nahradí pôvodnú",/Users/kazimir/Desktop/BP/zmluvy_cleaned_checked_strict_valid/11817598.txt
11817601,kupa_predaj,kupna zmluva|predaj,True,Kúpna zmluva,bez čísla,"KÚPNA ZMLUVA uzavretá podľa zákona č. 40/1964 Zb. Občiansky zákonník v znení neskorších predpisov medzi týmito zmluvnými stranami: Predávajúci: Kenderes s.r.o. IČO: 44 392 681 so sídlom Hlavná ulica 1117/1, 943 54 Svodín zápis v Obchodnom registri Okresného súdu Nitra, oddiel: Sro, vložka číslo 23187/N v zast. Bc. Ildikó Sárai, konateľ (ďalej aj ako „predávajúci“) a Kupujúci: Anna Nováková, rod. Gurinová nar. trvale bytom Neded 171, 925 85 Neded št. príslušnosť: SR (ďalej aj ako „kupujúci“) Článok I. Predmet zmluvy 1. 2. 3. 4. 5. 6. 7. Predávajúci je podielovým spoluvlastníkom, veľkosť spoluvlastníckeho podielu 1/2 k celku, nehnuteľností, ktoré sú vedené Okresným úradom v Nových Zámkoch, katastrálny odbor, okres Nové Zámky, obec Svodín, katastrálne územie Nemecký Svodín, zapísané na liste vlastníctva č. 3619: pozemok parc. č. 720, reg. „E-KN“, o výmere 601 m², druh pozemku vinica pozemok parc. č. 830/100, reg. „E-KN“, o výmere 261 m², druh pozemku vinica pozemok parc. č. 1183, reg. „E-KN“, o výmere 76 m², druh pozemku záhrada. - - - Podiely jednotlivých podielových spoluvlastníkov sú nasledovné: - Kenderes s.r.o., veľkosť sp",/Users/kazimir/Desktop/BP/zmluvy_cleaned_checked_strict_valid/11817601.txt
11817609,dodatok,dodatok|dodatku,True,Zmena obchodnej marže pre služby registrácií/ callcentra na 10%,MAGZD2500217,"Dodatok č. 2 (ďalej len ako „Dodatok“) k Zmluve o poskytovaní registračnej služby/služby telefonickej podpory MAGTS2100205 medzi PAAS s.r.o. sídlo: registrácia: IČO: IBAN: zastúpenie (ďalej len ako „PAAS“) Primaciálne nám. 1, Bratislava - mestská časť Staré Mesto 811 01 Obchodný register Mestského súdu Bratislava lll, oddiel: Sro, vložka č. 16570/B 35 738 880 SK96 7500 0000 0040 0794 5101 Ing. Mário Slivka, konateľ Hlavné mesto Slovenskej republiky Bratislava sídlo: IČO: DIČ: IBAN: zastúpenie: (ďalej len ako „HMBA“) (PAAS a HMBA spolu ďalej len ako „Zmluvné strany“ alebo samostatne aj ako „Zmluvná strana“) Primaciálne nám. 1, 814 99 Bratislava 1 00 603 481 2020372596 SK37 7500 0000 0000 2582 9413 Ing. arch. Matúš Vallo, primátor Preambula Zmluvné strany uzatvorili dňa 07.10.2021 Zmluvu o poskytovaní registračnej služby/služby telefonickej podpory MAGTS2100205 (ďalej len ako „Zmluva“). Predmetom Zmluvy bola úprava vybraných práv a povinností Zmluvných súvisiacich s poskytovaním registračnej služby a služby telefonickej podpory. V súlade s ustanovením článku VII bod 7.2 Zmluvy, ktoré uvádza, že „zmluvu možno meniť, dopínať ju, alebo ju zrušiť len písomne, a to formou očíslovaný",/Users/kazimir/Desktop/BP/zmluvy_cleaned_checked_strict_valid/11817609.txt
11817611,dodatok,dodatok|dodatku,True,Zmena obchodnej marže na služby správy garáží a parkovísk na 10%.,MAGZD2500218,"Dodatok č. 7 (ďalej len ako „Dodatok“) k Zmluve o poskytovaní služieb MAGTS2100352 medzi PAAS s.r.o. sídlo: registrácia: IČO: IBAN: zastúpenie (ďalej len ako „PAAS“) Primaciálne nám. 1, Bratislava - mestská časť Staré Mesto 811 01 Obchodný register Mestského súdu Bratislava lll, oddiel: Sro, vložka č. 16570/B 35 738 880 SK96 7500 0000 0040 0794 5101 Ing. Mário Slivka, konateľ Hlavné mesto Slovenskej republiky Bratislava sídlo: IČO: DIČ: IBAN: zastúpenie: (ďalej len ako „HMBA“) (PAAS a HMBA spolu ďalej len ako „Zmluvné strany“ alebo samostatne aj ako „Zmluvná strana“) Primaciálne nám. 1, 814 99 Bratislava 1 00 603 481 2020372596 SK3775000000000025829413 Ing. arch. Matúš Vallo, primátor Preambula Zmluvné strany uzatvorili dňa 22.12.2021 Zmluvu o poskytovaní služieb MAGTS2100352 (ďalej len ako „Zmluva“). Predmetom Zmluvy bola úprava vybraných práv a povinností Zmluvných súvisiacich so zabezpečovaním služieb správy parkovania a služieb správy parkoviska. V súlade s ustanovením článku VII bod 7.2 Zmluvy, ktoré uvádza, že „Zmluvu možno meniť, dopínať ju, alebo ju zrušiť len písomne, a to formou očíslovaných dodatkov podpísaných Zmluvnými stranami,“ sa Zmluvné strany dohodli na nasl",/Users/kazimir/Desktop/BP/zmluvy_cleaned_checked_strict_valid/11817611.txt
11817613,dodatok,dodatok|dodatku,True,Zmena obchodnej marže na služby kontroly parkovania na 10%.,MAGZD2500219,"e e t o H Dodatok č. 2 (ďalej len ako „Dodatok“) k Zmluve o poskytovaní služieb kontroly parkovania MAGTS2100206 medzi PAAS s.r.o. sídlo: registrácia: IČO: IBAN: zastúpenie (ďalej len ako „PAAS“) Primaciálne nám. 1, Bratislava - mestská časť Staré Mesto 811 01 Obchodný register Mestského súdu Bratislava lll, oddiel: Sro, vložka č. 16570/B 35 738 880 SK96 7500 0000 0040 0794 5101 Ing. Mário Slivka, konateľ Hlavné mesto Slovenskej republiky Bratislava sídlo: IČO: DIČ: IBAN: zastúpenie: (ďalej len ako „HMBA“) (PAAS a HMBA spolu ďalej len ako „Zmluvné strany“ alebo samostatne aj ako „Zmluvná strana“) Primaciálne nám. 1, 814 99 Bratislava 1 00 603 481 2020372596 SK3775000000000025829413 Ing. arch. Matúš Vallo, primátor Preambula uzatvorili dňa 07.10.2021 Zmluvu o Zmluvné strany parkovania MAGTS2100206 (ďalej len ako „Zmluva“). Predmetom Zmluvy bola úprava vybraných práv a povinností Zmluvných strán súvisiacich s kontrolou parkovania na území HMBA. V súlade s ustanovením článku VII bod 7.2 Zmluvy, ktoré uvádza, že „zmluvu možno meniť, dopínať ju, alebo ju zrušiť len písomne, a to formou očíslovaných dodatkov podpísaných Zmluvnými stranami,“ sa Zmluvné strany dohodli na nasledujú",/Users/kazimir/Desktop/BP/zmluvy_cleaned_checked_strict_valid/11817613.txt
11817697,other,,True,Zmluva o obchodných a dodacích podmienkach,ZSO 01/2026,"Zmluva o obchodných a dodacích podmienkach –––––––––––––––––––––––––––––––––––––––––––––––––––––––––––––––––––––––––––––––––––––––––––––––––––––––––––– Zmluva o obchodných a dodacích podmienkach uzatvorená v zmysle §269 ods. 2 a 3 Obchodného zákonníka č. 513/1991 Zb. v znení neskorších predpisov medzi: Dodávateľ: COOP Jednota Prievidza, spotrebné družstvo Sídlo: Zastúp.: Bank. spoj.: Č. účtu: IČO: DIČ: IČ DPH: Zapísaný v: (ďalej len „Dodávateľ“) A. Hlinku I. 437, 971 68 Prievidza Ing. Janka Madajová, predsedníčka predstavenstva a družstva Slovenská sporiteľňa, a.s. Prievidza SK1409000000000371974963 00169005 2020466668 SK2020466668 Obchodný register Okresného súdu Trenčín, Oddiel: Dr., Vložka č. 121/R Odberateľ: Základná škola, Školská ulica 56/6, Oslany Sídlo: Školská ulica 56/6, 972 47 Oslany Č. účtu: SK33 0900 0000 0003 7195 1147 IČO: DIČ: Kontakt: PaeDr. Gabriela Ondrejová, riaditeľka školy, tel.: 0917 369 720 Zapísaný v: 31201741 2021373464 I. 1. Predmetom tejto Zmluvy sú dodacie, fakturačné a platobné podmienky dodávok potravinárskeho tovaru zo sortimentu Dodávateľa. 2. Dodávateľ sa zaväzuje, že za podmienok dojednaných",/Users/kazimir/Desktop/BP/zmluvy_cleaned_checked_strict_valid/11817697.txt
11817699,kupa_predaj,k u p n a,True,Kúpna zmluva,ZSO 02/2026,"K Ú P N A ZMLUVA Uzatvorená podľa paragrafu 409 a nasl. Obchodného Zákonníka č. 513/1991 Zb. v platnom znení, medzi zmluvnými stranami Predávajúci: Miroslav Vrban - Tempo Hlavná 536, 972 26 Nitrianske Rudno Zastúpený: Miroslav Vrban Bankové spojenie: Slovenská sporiteľňa, a.s. Číslo účtu: IČO: IČ DPH: DIČ: Spoločnosť zapísaná: Obvodný úrad Prievidza, živnostenské oddelenie IBAN: SK 59 0900 0000 0003 7410 6213 34343792 SK 1020580077 1020580077 Ev. č.: ŽO – 96/02484/001, reg. č. 1344/96 a Kupujúci: Školská ulica 56/6 972 47 Oslany Základná škola, Školská ulica 56/6, Oslany SK33 0900 0000 0003 7195 1147 31201741 Zastúpený: PaedDr. Gabriela Ondrejová Číslo účtu IBAN: IČO: DIČ: 2021373464 E-mail jedalen@zsoslany.sk Odberateľské číslo 8465-E Miesto dodania: Školská jedáleň ZŠ Oslany Článok I. - Predmet zmluvy 1. Predmetom tejto zmluvy je dodávanie mäsa a mäsových výrobkov zo sortimentu predávajúceho kupujúcemu. Predávajúci sa zaväzuje na základe objednávky kupujúceho dodávať kupujúcemu takýto tovar a previesť na neho vlastnícke právo k dodanému tovaru. Kupujúci sa zaväzuje dodaný tovar prevziať a zaplatiť dohodnutú kúpnu cenu.",/Users/kazimir/Desktop/BP/zmluvy_cleaned_checked_strict_valid/11817699.txt
11817703,kupa_predaj,predaj,True,Kúpno-predajná zmluva,ZSO 04/2026,"KÚPNO - PREDAJNÁ-ZMLUVA ----------------------------------------------------- Uzatvorená v zmysle § 409 a násl. zák. č. 513/1991 Zb. - obchodného zákonníka medzi týmito zmluvnými stranami takto: I. Predávajúci II. Kupujúci PAM fruit s.r.o. Základná škola, Školská ulica 56/6, Oslany M.Rázusa 684/24 Školská ulica 56/6 Topoľčany 95501 Oslany 97247 Zastúpený: Mišovych Peter Zastúpený: PaedDr. Gabriela Ondrejová IČO: 51801671 IČO: 31201741 DIČ: 2120802310 DIČ: 2021373464 Bankové spojenie: Tatra banka Ban. spojenie: Slovenská sporiteľňa, a.s. Číslo účtu: 2948059188/1100 Čís. účtu: SK3309000000000371951147 Čl. I. Predmet zmluvy Táto zmluva vymedzuje podmienky, práva a povinnosti vyššie uvedených zmluvných strán pri dodávkach ovocia, zeleniny a základných potravín z veľkoskladu predavajúceho na miesto určenia kupujúcemu. Zmluva sa po dobu svojej platnosti vzťahuje na všetky druhy dodávok tovaru medzi vyššie uvedenými stranami, pričom k uzavreniu konkrétneho obchodu postačí ďalej objednávka kupujúceho a jej akceptácia predavajúcim. Zmluvné strany sa dohodli, že kupujúci môže uskutočniť objednávku telefonicky, faxom alebo emailom, predávajúci taktiež môže t",/Users/kazimir/Desktop/BP/zmluvy_cleaned_checked_strict_valid/11817703.txt
11817705,ramcova,ramcova,True,Rámcová dohoda na dodanie potravín,ZSO 05/2026,"Rámcová dohoda na dodanie potravín Zelenina (ďalej len zmluva) uzatvorená podľa § 269 ods. 2 a § 409 Obchodného zákonníka, zákon č. 513/1991 Zb. v znení neskorších predpisov medzi týmito zmluvnými stranami I. Predávajúci: František Némethy, Družstevná 981/88, 972 47 Oslany, IČO: 18013759, IČ DPH: SK 1020579329, tel. č. 0907 503 784 II. Kupujúci: Základná škola, Školská ulica 56/6, 972 47 Oslany, IČO: 31201741, DIČ: 2021373464, tel. č. 0911 527 708 Čl. I. Predmet zmluvy Táto zmluva vymedzuje podmienky, práva a povinnosti vyššie uvedených zmluvných strán pri dodávkach ovocia a zeleniny Zmluva sa po dobu svojej platnosti vzťahuje na všetky druhy dodávok tovaru medzi vyššie uvedenými stranami, pričom k uzavretiu konkrétneho obchodu postačí objednávka kupujúceho a jej akceptácia predávajúcim. Zmluvné strany sa dohodli, že kupujúci môže uskutočniť objednávku telefonicky, predávajúci tiež môže objednávku telefonicky potvrdiť. Takto uskutočnená objednávka je pre obidve zmluvné strany záväzná. Dokladom o plnení povinnosti predávajúceho tovar dodať a o splnení povinnosti kupujúceho tovar prevziať je dodací list predávajúceho obojstranne potvrdený zmluvnými s",/Users/kazimir/Desktop/BP/zmluvy_cleaned_checked_strict_valid/11817705.txt
11817707,ramcova,ramcova|ramcovej,True,Rámcová zmluva,ZSO 06/2026,"Rámcová zmluva uzatvorená v zmysle § 409 a nasledujúcich Obchodného zákonníka Zmluvná strana č.1 obchodné meno: zastúpená: so sídlom: IČO: IČ DPH: číslo účtu: tel. (ďalej len predávajúci) Zmluvná strana č.2 T-613, s.r.o. Ing. Vladimírom Borkom Veľkonecpalská 93, 971 01 Prievidza 36 347 973 SK 2022068180 SK3002000000003311513253, SUBASKBX, VÚB obchodné meno: zastúpená: so sídlom: IČO: DIČ: číslo účtu: Základná škola, Školská ulica 56/6, Oslany PaedDr. Gabrielou Ondrejovou, riaditeľkou školy Školská ulica 56/6, 972 47 Oslany 31201741 2021373464 SK33 0900 0000 0003 7195 1147 (ďalej len kupujúci) Zmluvné strany sa dohodli na uzatvorení tejto zmluvy, ktorá má charakter rámcovej zmluvy v zmysle § 409 Zákona č. 513/1991 Zb., (ďalej len Obchodný zákonník). Zmluva sa bude uplatňovať v rámci vzájomnej činnosti pri zmluvných vzťahoch, ktoré budú upravené konkrétnymi objednávkami, v ktorých bude špecifikovaný predmet kúpy, jeho množstvo a cena (ďalej len tovar). Zmluva sa vzťahuje na všetky objednávky, ktoré budú uzatvorené medzi zmluvnými stranami. V prípade, ak nie je dohodnuté v tejto zmluve inak, sa právne vzťahy medzi zmluvnými stranami upravuj",/Users/kazimir/Desktop/BP/zmluvy_cleaned_checked_strict_valid/11817707.txt
11817711,ramcova,ramcova|ramcovej,True,Rámcová kúpna zmluva,ZSO 08/2026,"RÁMCOVÁ KÚPNA ZMLUVA č. KZ 2026/PD 020 uzatvorená podľa § 409 a nasl. Zákona 513/1991 Zb. Obchodného zákonníka a § 3 ods. 2, § 11 zákona č. 25/2006 Z.z. a o zmene a doplnení niektorých zákonov v znení neskorších predpisov medzi týmito zmluvnými stranami: Predávajúci: Obchodné meno a sídlo CHRIEN, spol. s r.o., Lieskovská cesta č.13, 960 01 Zvolen Zastúpená Ing. Alica Némethová – konateľka spoločnosti JUDr. Mario Németh – konateľ spoločnosti IČO 36008338 DIČ 2020477613 ID DPH SK 2020477613 Registrácia: Okresný súd B. Bystrica, vložka 3763/S Bankové spojenie SK61 1100 0000 0026 2478 0024 TATRABANKA Registrač. veterinárne číslo SK 112 EHS Tel. číslo, fax, mail: 045/ 5317 910, 5317 917, info@chrien.sk, www.chrien.sk Školská jedáleň PaedDr. Gabriela Ondrejová 31201741 2021373464 -- Kupujúci: Obchodné meno a sídlo Základná škola, Školská ulica 56/6, 972 47 Oslany Prev.: Zastúpená IČO DIČ IČ DPH Bankové spojenie SLSP, a.s. Číslo účtu /IBAN/ SK33 0900 0000 0003 7195 1147 Telefonický kontakt 0911 527 708 E-mail E-mail na doručenie e-faktúr: jedalen@zsoslany.sk Odberateľské číslo Neplatca DPH 8465-E I. VŠEOBECNÉ USTANOVENIA Predmetná rámcová",/Users/kazimir/Desktop/BP/zmluvy_cleaned_checked_strict_valid/11817711.txt
11817713,sluzby,veterinarn|odpadu,True,Zmluva o odbere biologicky rozložiteľného kuchynského a reštauračného odpadu,ZSO 09/2026,"Zmluva o odbere biologicky rozložiteľného kuchynského a reštauračného odpadu Článok I. Zmluvné strany Odberateľ: (Držiteľ odpadu:) Waste for taste s.r.o. Panská 18 811 01 Bratislava IČO: 46 549 625 e-mail: info@biowaste.sk tel.: 0948 755 477, 0917 973 567 Dodávateľ: (Pôvodca odpadu) obchodné meno: Základná škola, Školská ulica 56/6, Oslany názov prevádzky: Školská jedáleň pri ZŠ adresa: Školská ulica 56/6, 972 47 Oslany v zastúpení: IČO: 31201741 e-mail: ekonomka1@zsoslany.sk; jedalen@zsoslany.sk tel.: 0911 527 704, 0911 527 708 Článok II. Predmet zmluvy Odberateľ sa zaväzuje odoberať od Dodávateľa biologicky rozložiteľný kuchynský a reštauračný odpad (ďalej len „BRKaRO"") v rozsahu a za podmienok uvedených v tejto zmluve. Článok III. Spôsob plnenia 1. Odberateľ zabezpečuje odvoz BRKaRO s katalógovým číslom 20 01 08 na základe podmienok uvedených v tejto zmluve. 2. Odberateľ zapožičia Dodávateľovi adekvátne zberné nádoby v potrebnom množstve. Nádoby sú majetkom Odberateľa, Dodávateľ je povinný ich udržiavať v čistote a používať výlučne na BRKaRO. 3. Pri prevzatí odpadu bude vystavený zberný list pre vedľajšie živočíšne produkty – materiá",/Users/kazimir/Desktop/BP/zmluvy_cleaned_checked_strict_valid/11817713.txt
11817715,kolektivna,kolektivna,True,Kolektívna zmluva,24B6000240,"KOLEKTÍVNA ZMLUVA (ďalej len „Zmluva“) podľa ustanovenia § 2 ods. 3 písm. a) zákona č. 2/1991 Zb. o kolektívnom vyjednávaní v znení neskorších právnych predpisov v súlade s ustanovením čl. 10 a ustanovením § 231 zákona č. 311/2001 Z. z. Zákonník práce v znení neskorších právnych predpisov (ďalej len „Zákonník práce“) a Kolektívnou zmluvou vyššieho stupňa pre zamestnávateľov, ktorí pri odmeňovaní postupujú podľa zákona č. 553/2003 Z. z. o odmeňovaní niektorých zamestnancov pri výkone práce vo verejnom záujme v znení neskorších právnych predpisov (ďalej len „OVZ“) uzatvorená medzi týmito zmluvnými stranami: ZAMESTNÁVATEĽ: Názov: Sídlo: IČO: DIČ: IČ DPH: Zriadený: Konajúci: E-mailová adresa: Štátna filharmónia Košice, príspevková organizácia Dom umenia, Moyzesova 66, 040 01 Košice, Slovenská republika 00164844 2020762535 SK2020762535 Rozhodnutím Ministerstva kultúry Slovenskej republiky o vydaní zriaďovacej listiny Štátnej filharmónie Košice zo dňa 23.08.2021, č.: MK-6559/2021-110/18563 Mgr. Lucia Potokárová, generálna riaditeľka (ďalej len „zamestnávateľ“) a Odborový orgán: Únia - odborový zväz profesionálnych hudobníkov Slovenska (Lackova 3, 84104",/Users/kazimir/Desktop/BP/zmluvy_cleaned_checked_strict_valid/11817715.txt
11817719,najom,najom,True,Zmluva o nájme nehnuteľnosti,16/12/2025,"ZMLUVA O NÁJME NEHNUTEĽNOSTI napísaná v zmysle ustanovení § 663 Občianskeho zákonníka číslo: 16/12/2025 Čl. I Zmluvné strany Prenajímateľ: OBEC Beňatina Obecný úrad Beňatina 108 072 64 Podhoroď v zastúpení: Minčák Štefan – starosta obce IČO: 00325023 DIČ: 2020740667 Bankové spojenie: Prima banka Slovensko, a.s číslo účtu: SK50 5600 0000 0042 9564 7001 (ďalej len „Prenajímateľ“) a Nájomca: RM –DEVELOPER s.r.o Veľké Zalužice 272, 072 34, okr. Michalovce IČO: 50485121 DIČ: 2120346855 IČ DPH: SK2120346855 Bankové spojenie: ČSOB Banka, a.s. číslo účtu: SK90 7500 0000 0040 2374 5927 v zastúpení: Róbert Miško email: info@rm-developer.sk (ďalej len „Nájomca“) sa dohodli na uzatvorení tejto zmluvy o nájme nehnuteľnosti (ďalej len „Zmluva“): Čl. II. Predmet zmluvy Prenajímateľ na základe tejto zmluvy prenecháva nájomcovi na dočasné užívanie pozemky: a) parcelné číslo 53/1 o výmere 1192 m2, ktorá bude slúžiť pre uloženie stavebného materiálu b) parcelné číslo 54 o výmere 818 m2, ktorá bude slúžiť ako dočasné spevnené parkovisko pre stavebné a cestné stroje. Všetke nehnuteľnosti sú zapísané na LV číslo 224 v k. ú. Beňatina.",/Users/kazimir/Desktop/BP/zmluvy_cleaned_checked_strict_valid/11817719.txt
11817723,prispevok,prispevok,True,Zmluva o poskytnutí finančného príspevku terénnej sociálnej služby krízovej intervencie 2025,SSV/ODB/005/2025,"o, 77, 78 a 80 p o bod 2. SSV/ODB/005/2025 poskytovanej a o 2025 ako zmluva medzi 00 603 481 2020372596 banka: s. tvare IBAN: SK37 7500 0000 0000 2582 9413 osoba na podpis zmluvy: a z, v banka: tvare IBAN: Pod vinicami 3217/25, 81102 Bratislava - 42169861 2022816070 Tatra banka a.s. IBAN: SK43 1100 0000 0029 4405 9631 PharmDr. Lucia Roussier, MPH o ako ) Preambula poskytovanej ako, a, je zmysle ustanovenia 24a a o zmene a ako a ako uje zmluvu v, 77 a 78 o zmene a., ako Predmet zmluvy a Predmetom tejto pre. FPP, 77 a 78, I II. od FPP, v obdob od 01.01.2025 do 31.12.2025. FPP vo forme preddavku v zmysle sume 48 673, 68 (slovom predstavuje 50 % v transferu do 30 v dodatok k odseku. ne a FPP 30.09.2025. zmluvy. FPP FPP poskytn h, a to v eur a a je v FPP centov, a to formou. FPP 2025 30.06.2025 uzatvoria z FPP FPP FPP v tejto. V v k a) b) v formou. FPP bode 2 3328 FPP uvedie v FPP: mestu a mests, podnet na jeho, c) nebol podnet na kontrolu plnenia d) sa nemu nevedie a/alebo nie je v nemu ne e) f) s podmienkami tejto zmluvy a",/Users/kazimir/Desktop/BP/zmluvy_cleaned_checked_strict_valid/11817723.txt
11817738,prispevok,prispevok|prispevku|prispevkom|financnych prostriedk,True,DOHODA číslo: 25/29/054/1136 o zabezpečení podmienok vykonávania aktivačnej činnosti formou menších obecných služieb pre obec a o poskytnutí príspevku na aktivačnú činnosť formou menších obecných služieb obci,INE_048/2025,"Číslo záznamu: Číslo: zabezpečení podmienok vykonávania aktivačnej činnosti formou menších obecných služieb pre obec poskytnutí príspevku na aktivačnú činnosť formou menších obecných služieb obci uzatvorená podľa § 54 ods. 1 písm. c) zákona č. 5/2004 Z. z. o službách zamestnanosti doplnení niektorých zákonov v znení neskorších predpisov rámci projektu „Podpora udržania pracovných návykov – PUPN 4“ (ďalej len „dohoda“) medzi účastníkmi dohody: Úrad práce, sociálnych vecí a Sídlo: F. Lehára Zastúpený riaditeľom: PhDr. Martin Šebian, PhD. IČO: DIČ: Lučenec Lučenec (ďalej len „úrad“) Štátna pokladnica Obec Vidiná Sídlo: Športová Zastúpená štatutárnym zástupcom: Ing. Ján Šupica IČO: DIČ: Vidiná  ďalej len „obec“ kód/názov Všeobecná verejná správa IBAN účtu, na ktorý budú poukazované platby zo strany úradu. Ak uvedený IBAN nie je totožný s IBAN účtu, z ktorého/ých bude obec/kraj uskutočňovať bankové prevody na úhradu uplatňovaných oprávnených nákladov, uvedie/ú sa aj tento/tieto iný/é IBANy. Za oprávnené budú považované aj platby z iného bankového účtu/ov preukázateľne patriace obci/kraju.“ Dohoda č. Článok I Účel a predmet dohody Účelom tejto doho",/Users/kazimir/Desktop/BP/zmluvy_cleaned_checked_strict_valid/11817738.txt
11817741,spolupraca,spoluprac,True,Zmluva o spolupráci,Z2025/0851,"Zmluva o spolupráci Uzatvorená podľa § 269/2, zákona č. 513/1991 Z. z., v znení neskorších predpisov Čl. I. Zmluvné strany Poskytovateľ: Mestské služby Topoľčany, s. r. o. Štatutár: Mgr. Martin Bucko, konateľ Sídlo: Nám. M. R. Štefánika 1/1, 955 01 Topoľčany IČO: 44 818 378 DIČ: 2022854053 IČ DPH: SK2022854053 Bankové spojenie: VÚB Topoľčany Číslo účtu: SK82 0200 0000 0045 4259 6353 BIC SUBASKBX Zapísaná v Obch. registri Okresného súdu Nitra, Oddiel: S.r.o, vložka č. 24871/N /ďalej len poskytovateľ/ Organizátor: Daniela Košťálová Adresa: J. Matúšku 2250/18, 955 01 Topoľčany Číslo OP: /ďalej len organizátor/ Čl. II. Predmet zmluvy Zmluvné strany sa dohodli, že budú spolupracovať pri usporiadaní podujatia: divadelné predstavenie Mastný hrniec Spoločenský dom v Topoľčanoch 10.01.2026 od 14:00 hod do 20:00 Názov podujatia: Miesto konania Termín (ďalej len „podujatie“) Čl. III. Úhrada nákladov a technicko-organizačné zabezpečenie podujatia Zmluvné strany sa dohodli nasledovne: Poskytovateľ: - poskytne priestory Spoločenského domu v Topoľčanoch Organizátor: - na svoje náklady zabezpečí: propagáciu, bezpečnosť, zdravotnú službu, cattering,",/Users/kazimir/Desktop/BP/zmluvy_cleaned_checked_strict_valid/11817741.txt
11817743,prispevok,prispevok|prispevku|prispevkom|financnych prostriedk|nenavratn,True,"Dohoda 25/18/19B/16 o pokyt. vyrovnávacieho príspevku podľa § 19b zák. č. 112/2018 Z.z. o soc. ekonomike a soc. podnikoch a o zmene a doplnení niektorých zák. v znení neskorších predp. v rámci národ. projektu ""Poskyt. finanč.príspevkov integrač. podnikom""",Z2025/0025,"Spis: Číslo záznamu: DOHODA 25/18/19B/16 o poskytnutí vyrovnávacieho príspevku podľa § 19b zákona č. 112/2018 Z.z. o sociálnej ekonomike a sociálnych podnikoch a o zmene a doplnení niektorých zákonov v znení neskorších predpisov v rámci národného projektu „Poskytovanie finančných príspevkov integračným podnikom“ uzatvorená v súlade s § 269 ods. 2 Obchodného zákonníka č. 513/1991 Zb. v znení neskorších predpisov medzi účastníkmi dohody: (ďalej len „dohoda“), Úradom práce, sociálnych vecí a rodiny Topoľčany sídlo: Škultétyho 1577/8, 955 01 Topoľčany v mene ktorého koná: Mgr. Dárius Soboňa riaditeľ úradu IČO: 30794536 DIČ: 2021777780 IBAN: SK31 8180 0000 0070 0053 1233, SK75 8180 0000 0070 0053 1217 - Štátna pokladnica (ďalej len,,úrad“) a integračným podnikom Obchodný názov: (ďalej len „PO“) Sociálny podnik mesta Topoľčany, s. r. o. Sídlo PO: Nám. Ľ. Štúra 2357/2, 955 01 Topoľčany Miesto prevádzky: Nám. Ľ. Štúra 2357/2, 955 01 Topoľčany zastúpeným štatutárnym zástupcom: Mgr. Matej Stručka IČO: 55975500 DIČ: 2122149095 SK NACE Rev2 (kód/text) 81300 - Čin.súv.s krajin.úpravou bankové spojenie: IBAN1: X zapísaný v registri sociálnych podnikov odo dňa: 15",/Users/kazimir/Desktop/BP/zmluvy_cleaned_checked_strict_valid/11817743.txt
11817752,prispevok,prispevok|prispevku|prispevkom|financnych prostriedk,True,Dohoda  §54 Podpora udržania pracovných návykov 4,25/35/054/620,"Spis: Číslo záznamu: DOHODA Číslo: 25/35/054/620 o zabezpečení podmienok vykonávania aktivačnej činnosti formou menších obecných služieb pre obec a o poskytnutí príspevku na aktivačnú činnosť formou menších obecných služieb obci uzatvorená podľa § 54 ods. 1 písm. c) zákona č. 5/2004 Z. z. o službách zamestnanosti a o zmene a doplnení niektorých zákonov v znení neskorších predpisov v rámci projektu „Podpora udržania pracovných návykov – PUPN 4“ (ďalej len „dohoda“) medzi účastníkmi dohody: Úrad práce, sociálnych vecí a rodiny Humenné Sídlo: Kukorelliho 1, 066 01 Humenné Zastúpený riaditeľom: Mgr. Marta Helemiková IČO: 30794536 DIČ: 2021777780 IBAN: SK96 8180 0000 0070 0053 3458 - Štátna pokladnica (ďalej len „úrad“) a Obec: Obec Zbudské Dlhé Sídlo: Zbudské Dlhé 90, 067 12 Zbudské Dlhé Zastúpená štatutárnym zástupcom: František Kopej IČO: 00323845 DIČ: 2021173990 IBAN: X SK NACE Rev. 2 (kód/názov): 84110 - Všeobecná verejná správa (ďalej len „obec“) IBAN účtu, na ktorý budú poukazované platby zo strany úradu. Ak uvedený IBAN nie je totožný s IBAN účtu, z ktorého/ých bude obec/kraj uskutočňovať bankové prevody na úhradu uplatňovaných oprávnených",/Users/kazimir/Desktop/BP/zmluvy_cleaned_checked_strict_valid/11817752.txt
11817755,najom,najom,True,"Zmluva o nájme priestoru - Krátkodobý nájom 
2/2026
MS AGENCY
Rytierske hry pre amerických turistov 
Nádvorie sv. Jurajamiestnosť č. 19",22026,"ZMLUVA O KRÁTKODOBOM NÁJME NEBYTOVÉHO PRIESTORU uzatvorená podľa zákona č. 116/1990 Zb. o nájme a podnájme nebytových priestorov v znení neskorších predpisov v nadväznosti na ustanovenie § 720 zákona č. 40/1964 Zb. Občiansky zákonník v znení neskorších právnych predpisov (ďalej len „Zmluva“) č. 2/2026 (interné číslo: NPPP0000002747) medzi zmluvnými stranami: Prenajímateľ: Názov: Sídlo: Štatutárny zástupca: Zastúpený: IČO: DIČ: Bankové spojenie: IBAN: Variabilný symbol: e-mailová adresa: (ďalej ako „prenajímateľ“) a Hlavné mesto Slovenskej republiky Bratislava Primaciálne nám. 1, 814 99 Bratislava Ing. arch. Matúš Vallo, primátor v. z. Bc. Mária Bátorová, vedúca oddelenia Primaciálneho paláca, v zmysle Podpisového poriadku PP Z05 platného a účinného ku dňu podpisu tejto Zmluvy 00603481 2020372596 ČSOB, a. s. SK58 7500 0000 0000 2582 8453 nie je platcom DPH 22026 igor.cehlarik@bratislava.sk Nájomca: Obchodné meno: Sídlo: Štatutárny zástupca: IČO: DIČ: IČ DPH: Bankové spojenie: IBAN: e-mailová adresa: MS AGENCY, s.r.o. Továrenská 12, 811 09 Bratislava Mgr. Martin Sloboda 35786213 2020233842 SK2020233842 Tatra banka, a. s. SK",/Users/kazimir/Desktop/BP/zmluvy_cleaned_checked_strict_valid/11817755.txt
11817757,kolektivna,kolektivna,True,Kolektívna zmluva,202600001/2025,"Kolektívna zmluva na rok 2026 uzatvorená dňa 22. 12. 2025 medzi zmluvnými stranami: Základnou organizáciou Odborového zväzu PŠaV na Slovensku pri Materskej škole Mirka Nešpora 22, 080 01 Prešov, zastúpenou Mgr. Stanislavou Marosi, PhD., splnomocnencom na kolektívne vyjednávanie a uzatvorenie kolektívnej zmluvy podľa článku 14 ods. 1 stanov základnej organizácie a na základe splnomocnenia zo dňa 9. 12. 2025 (ďalej odborová organizácia), a Materskou školou Mirka Nešpora 22, 080 01 Prešov, zastúpenou Mgr. Katarínou Gondžurovou, riaditeľkou školy (ďalej zamestnávateľ) Prvá časť Úvodné ustanovenia Článok 1 Spôsobilosť zmluvných strán na uzatvorenie kolektívnej zmluvy 1. Odborová organizácia (IČO: 42079012) má právnu subjektivitu podľa zákona číslo 83/1990 Zb. o združovaní občanov v znení neskorších predpisov a podľa článku 15 ods. 1 stanov Odborového zväzu pracovníkov školstva a vedy na Slovensku (ďalej OZŠ). Oprávnenie rokovať a uzatvoriť túto kolektívnu zmluvu vyplýva z článku 14 ods. 1 Stanov OZŠ a zo splnomocnenia zo dňa 9. 12. 2025, ktorým ZO splnomocnila na rokovanie a uzatvorenie kolektívnej zmluvy Mgr. Stanislavu Marosi, PhD., predsedníčku základne",/Users/kazimir/Desktop/BP/zmluvy_cleaned_checked_strict_valid/11817757.txt
11817761,sluzby,sluzb|sluzieb|odpadu,True,Zmluva o poskytovaní služieb č.1/2026i,1/2026,"Zmluva o poskytovaní služieb č. 1/2026 /ďalej len „zmluva“/ uzavretá v súlade so znením § 269 a nasl. zákona č.513/ 1991 Zb. Obchodného zákonníka Čl. I. Zmluvné strany Objednávateľ: Stredná odborná škola obchodu a služieb a Stredná odborná škola potravinárska T. Vansovej 2, Topoľčany T. Vansovej 2, 95501 Topoľčany Zastúpená: Mgr. Tomášom Lacikom- riaditeľom IČO: 57038678 893480 DIČ: 2122591856 IčDPH: SK2122591856 (ďalej len „objednávateľ“) A Poskytovateľ: TOGATO plus, s.r.o. Gogoľova 2137, 955 01 Topoľčany Zapísaný v Obchodnom registri Okresného súdu Nitra, Oddiel Sro, vložka 39765/N zo dňa 14.11.2015 Zastúpený: Ľubomír Németh IČO: 36532193 DIČ: 2020137592 (ďalej len „poskytovateľ“) Čl. II. Preambula Objednávateľ na obstaranie predmetu tejto zmluvy použil par. 1 odst. 14 zákona o verejnom obstarávaní a o zmene a doplnení niektorých zákonov v znení neskorších predpisov zákona č. 343/2015 Z.Z. Kód CPV: 98310000 – 9 pranie a chemické čistenie 60000000 - 8 dopravné služby /bez prepravy odpadu Čl. III. Predmet zmluvy Predmetom tejto zmluvy sú služby: a/ pranie a chemické čistenie /vrátene dezinfekcie/ bielizne prost",/Users/kazimir/Desktop/BP/zmluvy_cleaned_checked_strict_valid/11817761.txt
11817763,prispevok,prispevok|financnych prostriedk,True,Z M L U V A č. 254170 08U02 o poskytnutí finančných prostriedkov z Environmentálneho fondu na úhradu nákladov súvisiacich so zabezpečením zvýšených záchytov uhlíka v lesnej pôde a biomase uskutočnením opatrení ochrany a starostlivosti o chránené územia pr,SNPVF-Z/132/2025,"ZMLUVA č. 254170 08U02 o poskytnutí finančných prostriedkov z Environmentálneho fondu na úhradu nákladov súvisiacich so zabezpečením zvýšených záchytov uhlíka v lesnej pôde a biomase uskutočnením opatrení ochrany a starostlivosti o chránené územia prostredníctvom organizácie ochrany prírody a krajiny zriadenej osobitným predpisom uzatvorená podľa § 4j a § 10 zákona č. 587/2004 Z. z. o Environmentálnom fonde a o zmene a doplnení niektorých zákonov v znení neskorších predpisov, podľa § 269 ods. 2 zákona č. 513/1991 Zb. Obchodný zákonník v znení neskorších predpisov a v súlade so zákonom č. 523/2004 Z. z. o rozpočtových pravidlách verejnej správy a o zmene a doplnení niektorých zákonov v znení neskorších predpisov (ďalej len „Zmluva“) Článok I. Zmluvné strany 1 Poskytovateľ: Sídlo: IČO: DIČ: Štatutárny zástupca: Právna subjektivita: Bankové spojenie: Číslo bankového účtu vo formáte IBAN: (ďalej len „Fond“) 2 Príjemca: Sídlo: Korešpondenčná adresa: IČO: DIČ: Štatutárny zástupca: Právna subjektivita: Bankové spojenie: Číslo samostatného bankového účtu vo formáte IBAN: (ďalej len „SPRÁVA NÁRODNÉHO PARKU“) Environmentálny fond Nevädzov",/Users/kazimir/Desktop/BP/zmluvy_cleaned_checked_strict_valid/11817763.txt
11817783,dodatok,dodatok|dodatku,True,Dodatok k Zmluve o poskytovaní verejne dostupných služieb,51/2025/UVLF-IKT,"Dodatok k Zmluve o poskytovaní verejne dostupných služieb (ďalej len ""Dodatok"") ID predajcu: Dátum: Ident. kód dodatku: Číslo zmluvy: SIM karta s prideleným tel. číslom: A3126597 účastníkom (ďalej len ""Účastník""): Právnická osoba Obchodné meno / Názov: Univerzita veterinárskeho lekárstva a farmácie v Košiciach Sídlo / Miesto podnikania (obec, ulica, popisné číslo, PSČ, pošta): Košice, Komenského 73, 04001, Košice 1 IČO: 00397474 Štatutárny zástupca: Ing. Róbert Schréter, PhD.,kvestor IČ DPH: Rodné číslo: Číslo a platnosť OP / pasu / povolenia na pobyt: Podnik a Účastník (ďalej spolu aj ako ""strany"") na základe vzájomnej dohody uzatvárajú tento Dodatok, ktorým upravujú a menia Zmluvu o poskytovaní verejne dostupných služieb, ktorej číslo je uvedené v záhlaví (ďalej len ""Zmluva"") v rozsahu a spôsobom uvedeným v tom- to Dodatku vo vzťahu k vyššie uvedenej SIM karte (ďalej len ""SIM karta""). Článok 1. Predmet Dodatku 1.1 Predmetom Dodatku je dohoda strán o: a) aktivácii / zmene účastníckeho programu a o aktivácii / deaktivácii ďalších služieb (údaje uvedené v Tabuľke č. 1); b) dobe a podmienkach viazanosti, počas ktorej sa Účastník zaväzuje zotrvať v zmluvnom vzťahu s P",/Users/kazimir/Desktop/BP/zmluvy_cleaned_checked_strict_valid/11817783.txt
11817792,najom,najom,True,Nájomná zmluva,22026,"ZMLUVA O NÁJME NEBYTOVÝCH PRIESTOROV uzavretá podľa § 116/1990 Zb. o nájme a podnájme nebytových priestorov v znení neskorších predpisov medzi Prenajímateľ: Kováčovce č.52, 991 06 IČO: 00319414 Obec Kováčovce Nájomca: Michal Jaňák nar. 15.6.1983 Radová 472/59, Rabča OP: JE 974 694 I. Predmet a účel nájmu 1) Predmetom nájmu sú priestory nachádzajúce sa v obecnej budove súp.číslo 14 v katastrálnom území Kováčovce. na parcele číslo. 73/1. Prenajímateľ prenecháva nájomcovi do nájmu nebytové priestory o celkovej výmere 87,58 m2 a tento ich do nájmu prijíma. 2) Nájomca bude mať na základe tejto nájomnej zmluvy právo užívať uvedené priestory v bode 1). Nájomca prehlasuje, že je s technickým stavom nebytového priestoru riadne oboznámený, tieto si prezrel a boli mu zápisnične odovzdané, sú užívaniaschopné a môžu slúžiť dohodnutému účelu nájmu. 3) Predmet nájmu uvedený v čl. 1 bod 1 a 2 bude nájomcom využívaný na nasledovný účel:,,,,,ubytovanie,,,,,,,,,,,,,,,,,,,,,,,,,,,,,,, 4) Predmet nájmu je vybavený elektrickou energiou a vodou. 5) Vyúčtovanie za energiu a vodu v zmysle faktur za odberné miesto. II. Doba nájmu 1) Nájom sa uzaviera: od,1.",/Users/kazimir/Desktop/BP/zmluvy_cleaned_checked_strict_valid/11817792.txt
11817802,spolupraca,spoluprac,True,ZMLUVA O SPOLUPRÁCI,UPJS - 899/2025,"ZMLUVA O SPOLUPRÁCI uzatvorená podľa § 269 ods. 2 zák. č. 513/1991 Z. z. Obchodný zákonník v znení neskorších predpisov (ďalej len „Obchodný zákonník“) 1. Univerzita Pavla Jozefa Šafárika v Košiciach Článok 1 Zmluvné strany Sídlo: Štatutárny orgán: Zastúpenie: IČO: Kontaktná osoba: Email: (ďalej aj „UPJŠ“) Šrobárova 2, 041 80 Košice prof. MUDr. Daniel Pella, PhD., rektor doc. RNDr. Dušan Šveda, CSc., riaditeľ Centra celoživotného vzdelávania a podpory projektov (CCVaPP) UPJŠ, na základe plnej moci rektora UPJŠ zo dňa 06.11.2023 00 397 768 doc. RNDr. JUDr. Pavol Sokol, PhD. et PhD. 2. Stredná odborná škola hotelová, Horný Smokovec 26, Vysoké Tatry Sídlo: Štatutárny orgán: IČO: Kontaktná osoba E-mail: (ďalej aj „Škola“)............... UPJŠ a Škola označovaní ďalej spoločne aj ako „Zmluvné strany“ alebo samostatne ako „Zmluvná strana“ uzatvárajú túto zmluvu o spolupráci (ďalej len „Zmluva“), za nasledovných podmienok: Článok 2 Predmet a účel Zmluvy 1. Predmetom tejto Zmluvy je realizácia vzájomne výhodnej spolupráce Zmluvných strán v oblastiach ich spoločného záujmu, ktorej cieľom je výmena poznatkov pri vykonávaní aktivít definovaných v od",/Users/kazimir/Desktop/BP/zmluvy_cleaned_checked_strict_valid/11817802.txt
11817806,sluzby,sluzb|sluzieb,True,Dohoda o hromadnom uzavretí Dodatkov k Zmluve o poskytovaní verejných služieb,52/2025/UVLF-IKT,"Dohoda o hromadnom uzavretí Dodatkov k Zmluve o poskytovaní verejných služieb ID predajcu Účastník (Osoba: právnická / fyzická podnikateľ / fyzická nepodnikateľ): Právnická osoba Meno, priezvisko, titul / Obchodné meno / Názov: Univerzita veterinárskeho lekárstva a farmácie v Košiciach Trvalý pobyt / Sídlo / Miesto podnikania (mesto / obec, ulica, popisné číslo, PSČ, pošta): Košice, Komenského 73, 04001, Košice 1 Číslo a platnosť OP / pasu: Štátne občianstvo: Rodné číslo / IČO: 00397474 Zastúpený: Ing. Róbert Schréter, PhD.,kvestor IČ DPH / DIČ: Rodné číslo: Číslo a platnosť OP / pasu / preukazu p. na pobyt: (pod skratkou ""p. na pobyt"" sa rozumie povolenie na pobyt cudzinca) (ďalej len ""Účastník"") uzatvárajú túto Dohodu o hromadnom uzavretí Dodatkov k Zmluve o poskytovaní verejných služieb (ďalej len ""Dohoda""; Dodatky k Zmluve o poskytovaní verejných služieb, ktorých uzavretie je predmetom Dohody a ktorých identifikačné kódy sú uvedené v článku 2 tejto Dohody, sa označujú tiež ako ""Dodatky""). Čl. 1 Uzavretie Dodatkov a Definície 1.1 Účastník a Podnik (ďalej tiež ""zmluvné strany"") sa za účelom uzavretia viacerých Dodatkov, predmetom ktorých je úprava podmienok kúpy",/Users/kazimir/Desktop/BP/zmluvy_cleaned_checked_strict_valid/11817806.txt
11817810,spolupraca,spoluprac,True,ZMLUVA O SPOLUPRÁCI,UPJS - 900/2025,"ZMLUVA O SPOLUPRÁCI uzatvorená podľa § 269 ods. 2 zák. č. 513/1991 Z. z. Obchodný zákonník v znení neskorších predpisov (ďalej len „Obchodný zákonník“) 1. Univerzita Pavla Jozefa Šafárika v Košiciach Článok 1 Zmluvné strany Sídlo: Štatutárny orgán: Zastúpenie: IČO: Kontaktná osoba: Email: (ďalej aj „UPJŠ“) Šrobárova 2, 041 80 Košice prof. MUDr. Daniel Pella, PhD., rektor doc. RNDr. Dušan Šveda, CSc., riaditeľ Centra celoživotného vzdelávania a podpory projektov (CCVaPP) UPJŠ, na základe plnej moci rektora UPJŠ zo dňa 06.11.2023 00 397 768 doc. RNDr. JUDr. Pavol Sokol, PhD. et PhD. 2. Gymnázium, Konštantínova 2, Prešov Sídlo: Štatutárny orgán: IČO: Kontaktná osoba E-mail: (ďalej aj „Škola“)............... UPJŠ a Škola označovaní ďalej spoločne aj ako „Zmluvné strany“ alebo samostatne ako „Zmluvná strana“ uzatvárajú túto zmluvu o spolupráci (ďalej len „Zmluva“), za nasledovných podmienok: Článok 2 Predmet a účel Zmluvy 1. Predmetom tejto Zmluvy je realizácia vzájomne výhodnej spolupráce Zmluvných strán v oblastiach ich spoločného záujmu, ktorej cieľom je výmena poznatkov pri vykonávaní aktivít definovaných v ods. 2 tohto článku rozdelených",/Users/kazimir/Desktop/BP/zmluvy_cleaned_checked_strict_valid/11817810.txt
11817813,sluzby,sluzb|sluzieb|strav|kurz|veterinarn,True,Zmluva o príprave a dovoze stravy č. 20260101,20260101,"Zmluva o príprave a dovoze stravy č. 20260101 uzatvorená v zmysle § 269 ods. 2 Obchodného zákonníka č. 513/1991 Zb. v znení neskorších predpisov a v zmysle zákona č. 343/2015 Z. z. o verejnom obstarávaní a o zmene a doplnení niektorých zákonov v znení neskorších predpisov Odberateľ: Obchodné meno: Zariadenie pre seniorov Komfort, n. o. sídlo: Podjavorinskej 2120/1, 955 01 Topoľčany zastúpený: PhDr. Mgr. Eva Riečicová, PhD., riaditeľka zariadenia IČO: 45738319 DIČ: 2023610105 bankové spojenie: VÚB, a. s., pobočka Topoľčany (ďalej len „odberateľ“) a Dodávateľ: Obchodné meno: Stredná odborná škola obchodu a služieb a Stredná odborná škola potravinárska sídlo: T. Vansovej č. 2, 955 01 Topoľčany zastúpená: Mgr. Tomášom Lacikom - riaditeľ IČO: 57038678 DIČ: 2122591859 IČO DPH: SK2122591859 Bankové spojenie: Štátna pokladnica, Bratislava (ďalej len „dodávateľ“) Článok I. Úvodné ustanovenie Táto zmluva sa uzatvára ako výsledok verejného obstarávania v zmysle zákona č. 343/2015 Z. z. o verejnom obstarávaní a o zmene a doplnení niektorých zákonov v znení neskorších predpisov (ďalej len „ZoVO“). Odberateľ na obstaranie predmetu tejto zmluvy použil postup",/Users/kazimir/Desktop/BP/zmluvy_cleaned_checked_strict_valid/11817813.txt
11817820,sluzby,uctovn,True,Zmluva o spracovaní účtovnej evidencie,VL/01/2026,"Zmluva o spracovaní účtovnej evidencie I. Zmluvné strany Spracovateľ: Ing. Aneta Nedbalová Adresa: M.Č. Trenčianskeho 735/50A, 044 42 Rozhanovce IČO: 48 034 614 číslo účtu: SK16 7500 0000 0040 3481 4959 Zadávateľ: Obec Veľká Lodina Zastúpená: Ján LUKÁČ Adresa: Veľká Lodina 48 IČO: 00691321 DIČ: 2021261407 Číslo účtu: SK04 0900 0000 0006 6056 5760 II. Úvodné ustanovenia Zmluvné strany sa dohodli, že vzájomné vzťahy pri poskytovaní účtovníckych prác upravia nepomenovanou zmluvou podľa § 269 ods. 2 Obch. zák. s nasledovným znením. III. Predmet zmluvy Spracovateľ bude pre zadávateľa vykonávať nasledovné práce: 1. Vedenie účtovnej evidencie v priebehu účtovného obdobia v sústave podvojného účtovníctva podľa zákona č. 431/2002 Z.z. o účtovníctve v znení neskorších predpisov a opatrení MF SR o vedení podvojného účtovníctva pre obce. 2. Zostavenie výročnej správy a záverečného účtu obce za rok 2025. Naplnenie schváleného rozpočtu a čerpania podľa predpisov za rok 2026 do aplikácie RIS.SAM. 3. Vedenie evidencie pohľadávok a záväzkov vyplývajúcich z obchodného styku. 4. Zostavenie finančných výkazov (FIN 1-12, FIN 2-04, FIN 3-04, FIN 4-04, FIN 5-04, F",/Users/kazimir/Desktop/BP/zmluvy_cleaned_checked_strict_valid/11817820.txt
11817824,other,,True,Darovacia zmluva,ZML-3-28/2025-KE,"DAROVACIA ZMLUVA uzavretá podľa§ 11 ods. 7 písm. b) zákona Národnej rady Slovenskej republiky č. 278/1993 Z. z. o správe majetku štátu v znení neskorších predpisov (ďalej len „zákon č. 278/1993 Z. z. "") a§ 628 a nasl. zákona č. 40/1964 Zb. Občiansky zákonník v znení neskorších predpisov (ďalej len „Občiansky zákonník"") (ďalej len „zmluva"") č. u darcu: č. u obdarovaného: ZML-3-28/2025-KE Darca: Sídlo: Zastúpený: IČO: DIČ: ( ďalej len „darca"") medzi zmluvnými stranami: SR - Štatistický úrad Slovenskej republiky Lamačská cesta 3/C, 840 00 Bratislava 4 Ing. Martin Nemky, MBA, predseda úradu 00166'197 2020830218 a Obdarovaný: Sídlo: Zastúpený: IČO: DIČ: ( ďalej len „obdarovaný"") Obec Ploské Ploské 7 4, 044 44 Kráľ ovce Ing. František Petro, starosta obce 00324621 2021244951 Zmluvné strany uzatvárajú túto zmluvu, ktorou sa bezodplatne prevádza vlastníctvo hnuteľného majetku štátu v správe darcu do vlastníctva obdarovaného na základe uvedených všeobecne záväzných právnych predpisov a nasledovných dohodnutých podmienok. Článok 1 Predmet zmluvy 1. Predmetom zmluvy je darovanie prebytočného hnuteľného majetku štátu a to osobné motorové vozidl",/Users/kazimir/Desktop/BP/zmluvy_cleaned_checked_strict_valid/11817824.txt
11817829,dodatok,dodatok|dodatku,True,Dodatok č. 2 k Dohode o prechode práv a povinností č. 1/2025,297/2025,"CEZ ÚV SR: 1304/2024 Dodatok č. 2/2025 CEZ ÚPPLVL SR: 297/2025 Dodatok č. 2 k Dohode o prechode práv a povinností uzatvorenej v súlade s § 40ay ods. 3 zákona č. 575/2001 Z. z. o organizácii činnosti vlády a organizácii ústrednej štátnej správy v znení zákona č. 201/2024 Z. z. (ďalej len „Dodatok č. 2“) medzi týmito zmluvnými stranami Názov: Sídlo: IČO: Úrad vlády Slovenskej republiky Námestie slobody 1, 813 70 Bratislava 00 151 513 Zastúpený: Juraj Gedra, vedúci Úradu vlády Slovenskej republiky ako odovzdávajúci ústredný orgán štátnej správy (ďalej aj ako „Úrad vlády“) Názov: Úrad podpredsedu vlády Slovenskej republiky pre Plán obnovy Sídlo: IČO: a znalostnú ekonomiku Tomášikova 14366/64A, 831 04 Bratislava 56565321 Zastúpený: Michal Moško, vedúci Úradu podpredsedu vlády Slovenskej republiky pre Plán obnovy a znalostnú ekonomiku ako preberajúci ústredný orgán štátnej správy (ďalej len „Úrad podpredsedu vlády“) (ďalej spoločne aj „Strany dohody“, alebo jednotlivo ako aj „Strana dohody“) Preambula 1. Strany dohody uzavreli dňa 23.1.2025 Dohodu o prechode práv a povinností (interné číslo Úradu vlády 1304/2024, intern",/Users/kazimir/Desktop/BP/zmluvy_cleaned_checked_strict_valid/11817829.txt
11817832,other,,True,Zmluva o zriadení o SoU,VL/02/2026,"ZMLUVA č.1/2025/S0Ú o zriadení Spoločného obecného úradu Budimír uzatvorená podľa $ 20a zákona SNR č. 369/1990 Zb. o obecnom zriadení v znení neskorších predpisov uzatvorená medzi: Učastníci zmluvy: 1. Názov: Obec Budimír Sídlo: Zámocká 22/4, 044 43 Budimír Zastúpená: — Vojtech Staňo, Mgr., starosta obce IČO: 00324001 DIČ: 2021235854 2. Názov: Obec Bačkovík Sídlo: Bačkovík 41, 044 45 Bačkovík Konajúca: — Milan Gábor, starosta obce IČO: 00323934 DIČ: 2021235788 3. Názov: Obec Baška Sídlo: Baška 71, 040 16 Košice 16 Konajúca: Ľubomír Demský, MUDr., starosta obce IČO: 00323942 DIČ: 2021235799 4, Názov: Obec Beniakovce Sídlo: Beniakovce 44, 044 42 Rozhanovce Konajúca: Miroslav Halás, Ing., starosta obce IČO: 00691224 DIČ: 2021261308 5. Názov: Obec Blažice Sídlo: Blažice 53, 044 16 Bohdanovce Konajúca: — Juraj Gmitro, starosta obce IČO: 00690198 DIČ: 2021261176 6. Názov: Obec Bohdanovce Sídlo: Bohdanovce 142, 044 16 Bohdanovce Konajúca: Patrik Beluš, Ing., starosta obce IČO: 00323985 DIČ: 2021235832 7. Názov: Sídlo: Konajúca: IČO: DIČ: 8. Názov: Sídlo: Konajúci: IČO: DIČ: 9. Názov: Sídlo: Konajúca: Ičo: DIČ: 10. Názov: Sídlo: Konajúca: IČO: DIC: 11. Názov: Sídlo: Konajúca: IČO: DIČ: 12",/Users/kazimir/Desktop/BP/zmluvy_cleaned_checked_strict_valid/11817832.txt
11817836,spolupraca,spoluprac,True,ZMLUVA O SPOLUPRÁCI,UPJS - 902/2025,"ZMLUVA O SPOLUPRÁCI uzatvorená podľa § 269 ods. 2 zák. č. 513/1991 Z. z. Obchodný zákonník v znení neskorších predpisov (ďalej len „Obchodný zákonník“) 1. Univerzita Pavla Jozefa Šafárika v Košiciach Článok 1 Zmluvné strany Sídlo: Štatutárny orgán: Zastúpenie: IČO: Kontaktná osoba: Email: (ďalej aj „UPJŠ“) Šrobárova 2, 041 80 Košice prof. MUDr. Daniel Pella, PhD., rektor doc. RNDr. Dušan Šveda, CSc., riaditeľ Centra celoživotného vzdelávania a podpory projektov (CCVaPP) UPJŠ, na základe plnej moci rektora UPJŠ zo dňa 06.11.2023 00 397 768 doc. RNDr. JUDr. Pavol Sokol, PhD. et PhD. 2. Hotelová akadémia, Baštová 32, Prešov Sídlo: Štatutárny orgán: IČO: Kontaktná osoba E-mail: (ďalej aj „Škola“)............... UPJŠ a Škola označovaní ďalej spoločne aj ako „Zmluvné strany“ alebo samostatne ako „Zmluvná strana“ uzatvárajú túto zmluvu o spolupráci (ďalej len „Zmluva“), za nasledovných podmienok: Článok 2 Predmet a účel Zmluvy 1. Predmetom tejto Zmluvy je realizácia vzájomne výhodnej spolupráce Zmluvných strán v oblastiach ich spoločného záujmu, ktorej cieľom je výmena poznatkov pri vykonávaní aktivít definovaných v ods. 2 tohto článku rozdelen",/Users/kazimir/Desktop/BP/zmluvy_cleaned_checked_strict_valid/11817836.txt
11817845,spolupraca,spoluprac,True,ZMLUVA O SPOLUPRÁCI,UPJS - 904/2025,"ZMLUVA O SPOLUPRÁCI uzatvorená podľa § 269 ods. 2 zák. č. 513/1991 Z. z. Obchodný zákonník v znení neskorších predpisov (ďalej len „Obchodný zákonník“) 1. Univerzita Pavla Jozefa Šafárika v Košiciach Článok 1 Zmluvné strany Sídlo: Štatutárny orgán: Zastúpenie: IČO: Kontaktná osoba: Email: (ďalej aj „UPJŠ“) Šrobárova 2, 041 80 Košice prof. MUDr. Daniel Pella, PhD., rektor doc. RNDr. Dušan Šveda, CSc., riaditeľ Centra celoživotného vzdelávania a podpory projektov (CCVaPP) UPJŠ, na základe plnej moci rektora UPJŠ zo dňa 06.11.2023 00 397 768 doc. RNDr. JUDr. Pavol Sokol, PhD. et PhD. 2. Stredná odborná škola pedagogická, Kmeťovo stromoradie 5, Prešov Sídlo: Štatutárny orgán: IČO: Kontaktná osoba E-mail: (ďalej aj „Škola“)............... UPJŠ a Škola označovaní ďalej spoločne aj ako „Zmluvné strany“ alebo samostatne ako „Zmluvná strana“ uzatvárajú túto zmluvu o spolupráci (ďalej len „Zmluva“), za nasledovných podmienok: Článok 2 Predmet a účel Zmluvy 1. Predmetom tejto Zmluvy je realizácia vzájomne výhodnej spolupráce Zmluvných strán v oblastiach ich spoločného záujmu, ktorej cieľom je výmena poznatkov pri vykonávaní aktivít definovaných v o",/Users/kazimir/Desktop/BP/zmluvy_cleaned_checked_strict_valid/11817845.txt
11817858,spolupraca,spoluprac,True,ZMLUVA O SPOLUPRÁCI,UPJS - 905/2025,"ZMLUVA O SPOLUPRÁCI uzatvorená podľa § 269 ods. 2 zák. č. 513/1991 Z. z. Obchodný zákonník v znení neskorších predpisov (ďalej len „Obchodný zákonník“) 1. Univerzita Pavla Jozefa Šafárika v Košiciach Článok 1 Zmluvné strany Sídlo: Štatutárny orgán: Zastúpenie: IČO: Kontaktná osoba: Email: (ďalej aj „UPJŠ“) Šrobárova 2, 041 80 Košice prof. MUDr. Daniel Pella, PhD., rektor doc. RNDr. Dušan Šveda, CSc., riaditeľ Centra celoživotného vzdelávania a podpory projektov (CCVaPP) UPJŠ, na základe plnej moci rektora UPJŠ zo dňa 06.11.2023 00 397 768 doc. RNDr. JUDr. Pavol Sokol, PhD. et PhD. 2. Spojená škola, Ľ. Podjavorinskej 22, Prešov Sídlo: Štatutárny orgán: IČO: Kontaktná osoba E-mail: (ďalej aj „Škola“)............... UPJŠ a Škola označovaní ďalej spoločne aj ako „Zmluvné strany“ alebo samostatne ako „Zmluvná strana“ uzatvárajú túto zmluvu o spolupráci (ďalej len „Zmluva“), za nasledovných podmienok: Článok 2 Predmet a účel Zmluvy 1. Predmetom tejto Zmluvy je realizácia vzájomne výhodnej spolupráce Zmluvných strán v oblastiach ich spoločného záujmu, ktorej cieľom je výmena poznatkov pri vykonávaní aktivít definovaných v ods. 2 tohto článku ro",/Users/kazimir/Desktop/BP/zmluvy_cleaned_checked_strict_valid/11817858.txt
11817861,sluzby,sluzb|sluzieb,True,Zmluva o poskytovaní služby podľa § 536 zákona č. 513/1991 Z. z. v znení neskorších predpisov,01/BOZP/2026,"Zmluva o poskytovaní služby podľa § 536 zákona č. 513/1991 Z. z. v znení neskorších predpisov, ktorú uzavreli tieto zmluvné strany: Objednávateľ Názov: Sídlo: Štatutárny zástupca: IČO: DIČ / IČDPH: ( ďalej len „ objednávateľ“ ) Školská jedáleň Štefana Majora 1444/83, 925 22 Veľké Úľany Irena Sebőková 37 847 481 2021774656 / - a Dodávateľ Názov: Sídlo: Štatutárny zástupca: Registrovaný: IČO: DIČ: Bankové spojenie: SLSP, a.s. IBAN: SK22 0900 0000 0052 3065 0693 (ďalej len „dodávateľ"") LZ SYSTEMS s.r.o. Jilemnického 234/27, 929 01 Dunajská Streda Lýdia Csenkeyová, Zoltán Kondé Okresný súd Trnava, Oddiel Sro, č. vl. 58781/T 56 789 416 2122456996 takto: I. Predmet plnenia Predmetom zmluvy poskytovanie služieb: je záväzok dodávateľa zabezpečiť pre objednávateľa a/ bezpečnostnotechnickej služby v súlade s § 22 zákona č. 124/2006 Z.z. o bezpečnosti a ochrane zdravia pri práci v znení neskorších predpisov prostredníctvom bezpečnostných technikov: Lýdia Csenkeyová, Zoltán Kondé, b/ technika požiarnej ochrany v zmysle § 9 ods. 2 zákona č. 314/2001 o ochrane pred požiarmi v znení neskorších predpisov prostredníctvom technika pož",/Users/kazimir/Desktop/BP/zmluvy_cleaned_checked_strict_valid/11817861.txt
11817866,najom,najom,True,Zmluva č. 1/2026_NZ o nájme nebytových priestorov,01/2026_NZ,"Zmluva č. 1/2026_NZ o nájme nebytových priestorov uzavretá v zmysle zákona č. 116/1990 o nájme a podnájme nebytových priestorov v znení neskorších zmien a doplnkov a „Zásad hospodárenia a nakladania s majetkom mesta Humenné zo dňa 08.11.2023. Zmluvné strany: Prenajímateľ: ZÁKLADNÁ ŠKOLA SNP1, Humenné so sídlom: v zastúpení: IČO: DIČ: 2021672334 Bankové spojenie: Č. ú.: SNP 1, Humenné Ing. Katarína Sninčáková, riaditeľka školy 37876732 Tatrabanka a. s., pobočka Humenné Nájomca: so sídlom: v zastúpení: IČO: DIČ: Bankové spojenie: Tel.: 1. TENISOVÝ KLUB HUMENNÉ Chemlonská 2, 066 01 Humenné Ing. Miroslav Zagora 31303188 2021233093 Článok I. Predmet a účel nájmu 1. Prenajímateľ ako správca priestorov školy, vlastníkom ktorého je mesto Humenné, prenajíma nájomcovi za nižšie uvedených podmienok nebytové priestory školského zariadenia na tréningový proces členov tenisového klubu - deti a mládeže do 18 rokov. 2. Predmetom nájmu je: veľká telocvičňa. Článok II. Doba nájmu 1. Zmluvný vzťah sa uzatvára na dobu určitú a to: od 08.01.2026 do 30.06.2026. 2. Pokiaľ sa zmluvné strany nedohodnú inak, tréningový proces nájomcu je podľa tejto zml",/Users/kazimir/Desktop/BP/zmluvy_cleaned_checked_strict_valid/11817866.txt
11817872,ukoncenie,ukoncen,True,Dohoda o ukončení nájomnej zmluvy  č. 801011002-1-2025 DUNZ,801011002-1-2025 DUNZ,"Dohoda o ukončení nájomnej zmluvy č. 801011002-1-2025 DUNZ uzatvorená v súlade s § 677 ods. 1 zákona č. 40/1964 Zb. Občiansky zákonník v znení neskorších predpisov (ďalej len „Dohoda“) medzi týmito zmluvnými stranami: Čl. I ÚČASTNÍCI DOHODY Ivan Bednárik, MBA, generálny riaditeľ Železnice Slovenskej republiky - Správa majetku ŽSR Železnice Slovenskej republiky Klemensova 8, 813 61 Bratislava iná právnická osoba Obchodný register Mestského súdu Bratislava III, 1.1 Prenajímateľ: Obchodné meno Sídlo Právna forma Registrácia Oddiel Po, Vložka číslo: 312/B Štatutárny orgán Odštepný závod Bratislava, Holekova 6, 811 04 Bratislava (ďalej len „SM“) Osoba splnomocnená na podpis Dohody IČO DIČ IČ DPH Údaje k DPH Adresa pre doručovanie písomností Štefánikova 60, 040 51 Košice (ďalej len „Prenajímateľ“) JUDr. Maroš Karšňák, riaditeľ SM 31 364 501 2020480121 SK2020480121 prenajímateľ je platiteľ DPH ŽSR – SM, Regionálne pracovisko hospodárenia s majetkom Košice a Nájomca: 1.2. Obchodné meno: Sídlo: Právna forma: Registrácia: SOLUTION s.r.o. Werferova 1/2582, 040 11 Košice Spoločnosť s ručením obmedzeným Obchodný register",/Users/kazimir/Desktop/BP/zmluvy_cleaned_checked_strict_valid/11817872.txt
11817875,najom,najom,True,Zmluva č. 2/2026_NZ o nájme nebytových priestorov,2/2026_NZ,"Zmluva č. 2/2026_NZ o nájme nebytových priestorov uzavretá v zmysle zákona č. 116/1990 o nájme a podnájme nebytových priestorov v znení neskorších zmien a doplnkov a „Zásad hospodárenia a nakladania s majetkom mesta Humenné“ zo dňa 08.11.2023. Zmluvné strany: Prenajímateľ: ZÁKLADNÁ ŠKOLA, SNP 1, Humenné so sídlom: v zastúpení: IČO: DIČ: 2021672334 Bankové spojenie: Č. ú.: IBAN: SNP 1, Humenné Ing. Katarína Sninčáková, riaditeľka školy 37876732 Tatrabanka a. s., pobočka Humenné SK85 1100 0000 0026 2106 6626 Nájomca: Centrum voľného času, Námestie slobody 1736/48, Humenné so sídlom: v zastúpení: IČO: IBAN: Námestie slobody 1736/48, 066 01 Humenné PaedDr. Ľubomír Kunáš - riaditeľ CVČ Humenné 37874586 SK05 1100 0000 0026 2055 1638 Článok I. Predmet a účel nájmu 1. Prenajímateľ ako správca priestorov, prenajíma nájomcovi za nižšie uvedených podmienok nebytové priestory školského zariadenia na účely záujmovej činnosti pre členov vo veku od 5 do 15 rokov. 2. Predmetom nájmu je: telocvičňa, miestnosti a triedy do 50 m2. Článok II. Doba nájmu 1. Zmluvný vzťah sa uzatvára na dobu určitú a to: od 08.01.2026 do 30.06.2026. 2. Nájomca bude pries",/Users/kazimir/Desktop/BP/zmluvy_cleaned_checked_strict_valid/11817875.txt
11817879,dotacia,dotacia|dotacie|dotac,True,Zmluva o poskytnutí dotácie č. 2025/1744 z Ministerstva financií SR,2025/1744,"ZMLUVA O POSKYTNUTÍ DOTÁCIE č. 2025/1744 podľa § 3 ods. 1 písm. a) Výnosu Ministerstva financií Slovenskej republiky z 9. decembra 2005 č. 26825/2005 - 441 o poskytovaní dotácií v pôsobnosti Ministerstva financií Slovenskej republiky v znení neskorších predpisov (ďalej len „výnos“) uzatvorená v súlade s § 51 zákona č. 40/1964 Zb. Občiansky zákonník v znení neskorších predpisov (ďalej len „Občiansky zákonník“), zákonom č. 523/2004 Z. z. o rozpočtových pravidlách verejnej správy a o zmene a doplnení niektorých zákonov v znení neskorších predpisov (ďalej len „zákon o rozpočtových pravidlách verejnej správy“) a zákonom č. 357/2015 Z. z. o finančnej kontrole a audite a o zmene a doplnení niektorých zákonov (ďalej len „zákon o finančnej kontrole a audite“) medzi zmluvnými stranami: (ďalej ako „zmluva“) Ministerstvo financií Slovenskej republiky Poskytovateľ: Sídlo: Štefanovičova 5, 817 82 Bratislava – mestská časť Staré Mesto Ladislav Kamenický, minister V mene ktorého koná: 00151742 IČO: Štátna pokladnica Bankové spojenie: SK71 8180 0000 0070 0011 5547 Číslo účtu v tvare IBAN: (ďalej ako „poskytovateľ“ alebo „ministerstvo“) a Príjemca: Sídlo: V mene kto",/Users/kazimir/Desktop/BP/zmluvy_cleaned_checked_strict_valid/11817879.txt
11817884,dodatok,dodatok|dodatku,True,"Dodatok č. 1 k Zmluve o zabezpečení zberu použitých textílií, odevov a obuvi",Dodatok č. 1 ku zmluve 24_2020,"Dodatok č. 1 k Zmluve o zabezpečení zberu použitých textílií, odevov a obuvi Občianske združenie: Sídlo: Korešpondenčná adresa: IČO: 50 383 230 Zástupca: Tel. kontakt: Všeobecný e-mail: (ďalej len „Občianske združenie“) EKOCHARITA SLOVENSKO SLOVENSKU, o. z. Gen. M. R. Štefánika 45 060 01 Kežmarok Rusovská cesta 9, 851 01 Bratislava JUDr. Juraj Kunák juraj@ekocharita.sk (Prezident) 0944 192 024 info@ekocharita.sk Mesto: Sídlo: Zástupca: IČO: DIČ: Email: starosta@jarovce.sk (ďalej len „Mesto/Obec“) Mestská časť Bratislava - Jarovce Palmová 394/1, 851 10 Bratislava - Jarovce JUDr. Mgr. Jozef Uhler, starosta 00304603 2020910859 (Občianske združenie a Mesto/Obec spoločne „Zmluvné strany“) Občianske združenie a Mesto/Obec uzatvorili Zmluvu o zabezpečení zberu použitých textílii, odevov a obuvi („Zmluva“), podľa ktorej Občianske združenie zabezpečuje zber a zvozy použitých textílií, odevov a obuvi v Meste/Obci dňa 17.04.2020. Zmluvné strany sa dohodli na Dodatku č. 1 k predmetnej Zmluve, ktorým sa mení: ČLÁNOK III KONTAJNERY A ICH UMIESTNENIE 1. Občianske združenie zabezpečí po dohode s Mestom/Obcou uloženie 6 ks zberných kontajnerov na voľne d",/Users/kazimir/Desktop/BP/zmluvy_cleaned_checked_strict_valid/11817884.txt
11817887,dodatok,dodatok|dodatku,True,Dodatok č. 15 k Zmluve o nájme nehnuteľnosti 262/2011,828,"DODATOK č. 15 k Zmluve o nájme nehnuteľnosti č. 262/2011 zo dňa 27.9.2011 uzavretej medzi: VPS Vysoké Tatry, s. r. o. sídlo: Starý Smokovec č. 18045, 062 01 Vysoké Tatry zastúpený Ing. Mária Hadnagyová a Michal Ovšonka, konatelia spoločnosti IČO: 43 795 773 DIČ: 2022476423 - spoločnosť zapísaná v OR OS Prešov, odd. Sro., vl. č. 19303/P (ďalej len prenajímateľ) a OTV, s.r.o. sídlo: Hlavná 188/67, 059 38 Štrba zastúpený Ing. Dagmar Vincová, konateľ IČO: 36 454 133 DIČ: 2021406497 - spoločnosť zapísaná v OR OS Prešov, odd. Sro, vložka č. 11051/P (ďalej len nájomca) I. Zmluvné strany sa dohodli, že podpisom tohto dodatku č. 15 sa Zmluva o nájme nehnuteľnosti č. 262/2011 zo dňa 27.9.2011 v znení neskorších dodatkov mení takto: Čl. IV. „Doba nájmu“ bod 1. znie: 1. Nájom je dohodnutý na dobu určitú do 31.03.2026. II. Tento Dodatok č. 15 nadobúda platnosť dňom podpísania obidvoma zmluvnými stranami a účinnosť dňom nasledujúcim po jeho zverejnení v CRZ. Dodatok tvorí nedeliteľnú súčasť Zmluvy o nájme nehnuteľnosti č. 262/2011 zo dňa 27.9.2011 v znení dodatkov. Ostatné ustanovenia citovanej zmluvy zostávajú nezmenené. Dodatok je vyhotovený v 2 exempl",/Users/kazimir/Desktop/BP/zmluvy_cleaned_checked_strict_valid/11817887.txt
11817898,other,,True,Zmluva  o výpožičke,1SprV/228/2025,"Číslo požičiavateľa: 1SprV/228/2025 Číslo vypožičiavateľa: Spr. 85/2025 ZMLUVA O VÝPOŽIČKE uzavretá podľa § 659 a nasl. zákona č. 40/1964 Zb. Občianskeho zákonníka v znení neskorších predpisov (ďalej len „Občiansky zákonník“) (ďalej len „zmluva“) Článok I. Zmluvné strany Požičiavateľ: Názov: Sídlo: Štatutárny orgán: IČO: DIČ: Bankové spojenie: IBAN: (ďalej aj len „požičiavateľ“) Správny súd v Košiciach Kuzmányho 546/2, 040 01 Košice JUDr. Pavol Tkáč, predseda súdu 54908647 2121849609 Štátna pokladnica SK54 8180 0000 0070 0068 1848 a Vypožičiavateľ: Názov: Sídlo: Štatutárny orgán: IČO: DIČ: Bankové spojenie: IBAN: (ďalej aj len „vypožičiavateľ“) (ďalej spolu aj „zmluvné strany“ alebo jednotlivo aj ako „zmluvná strana“) Justičná akadémia Slovenskej republiky Suvorovova 5/C, 902 01 Pezinok JUDr. Peter Hulla, riaditeľ 37851624 2021887967 Štátna pokladnica SK25 8180 0000 0070 0019 4169 uzatvárajú túto zmluvu s nasledovným obsahom: Článok II. Preambula 1. Zmluvné strany uzavreli dňa 27.11.2025 Memorandum o spolupráci, v zmysle ktorého sa strany zaviazali postupovať pri naplnení spolupráce a jej cieľov v súlade s relevantnými právny",/Users/kazimir/Desktop/BP/zmluvy_cleaned_checked_strict_valid/11817898.txt
11817907,najom,najom,True,Zmluva č. 3/2026_NZ o nájme nebytových priestorov,3/2026_NZ,"Zmluva č. 3/2026_NZ o nájme nebytových priestorov uzavretá v zmysle zákona č. 116/1990 o nájme a podnájme nebytových priestorov v znení neskorších zmien a doplnkov a „Zásad hospodárenia a nakladania s majetkom mesta Humenné zo dňa 08.11.2023. Zmluvné strany: Prenajímateľ: ZÁKLADNÁ ŠKOLA SNP1, Humenné so sídlom: v zastúpení: IČO: DIČ: 2021672334 Bankové spojenie: Č. ú.: IBAN: SNP 1, Humenné Ing. Katarína Sninčáková, riaditeľka školy 37876732 Tatrabanka a. s., pobočka Humenné SK85 1100 0000 0026 2106 6626 Nájomca: Využi svoj potenciál, o. z. so sídlom: Bukovec 327, 044 20 Malá Ida v zastúpení: Ing. Lucia Záhorská, predseda občianskeho združenia IČO: 55681794 Bankové spojenie: VÚB a.s. Č.ú.IBAN: SK20 0200 0000 0050 3929 Článok I. Predmet a účel nájmu 1. Prenajímateľ ako správca priestorov, vlastníkom ktorých je mesto Humenné, prenajíma nájomcovi za nižšie uvedených podmienok nebytové priestory školského zariadenia na lekcie anglického jazyka. 2. Predmetom nájmu je: trieda. Článok II. Doba nájmu 1. Zmluvný vzťah sa uzatvára na dobu určitú a to: od 08.01.2026 do 30.06.2026. 2. Nájomca bude priestory užívať v tomto časovom rozsahu: štvrto",/Users/kazimir/Desktop/BP/zmluvy_cleaned_checked_strict_valid/11817907.txt
11817911,kolektivna,kolektivna,True,Kolektívna zmluva od 1.1.2026 do 31.12.2026,122025,"GAUDEAMUS zariadenie komunitnej rehabilitácie Mokrohájska cesta 3, 845 12 Bratislava, v zastúpení: PhDr. Štefan Tvarožek – riaditeľ _______________________________________________________________ SLOVENSKÝ ODBOROVÝ ZVÄZ PRACOVNÍKOV ZDRAVOTNÍCTVA A SOCIÁLNYCH SLUŽIEB Základná Odborová Organizácia GAUDEAMUS – zariadenie komunitnej rehabilitácie, Mokrohájska cesta 3, 845 12 Bratislava, v zastúpení: Mgr. Zuzana Trunnerová – predsedníčka ZO OH a Základná odborová organizácia Slovenského odborového zväzu zdravotníctva a sociálnych služieb pri Domove sociálnych služieb Rozsutec, Furmanská 4, 841 03 Bratislava, v zastúpení: Mgr. Veronika Gábriková – predsedníčka ZO OH K O L E K T Í V N A ZMLUVA od 1. 1. 2026 do 31. 12. 2026 Kolektívna zmluva od 1.1.2026 do 31.12.2026 GAUDEAMUS - ZKR Bratislava Stránka 0 ČAS´T I. Článok 1 Všeobecné ustanovenia Táto kolektívna zmluva (ďalej len KZ) bližšie upravuje individuálne a kolektívne právne vzťahy medzi zamestnávateľom a zástupcami zamestnancov zastúpenými odborovými orgánmi (ďalej len zástupcovia zamestnancov) v súlade so zákonom č. 552/2003 Z.z. o výkone práce vo verejnom záujme a zákonom č. 553/200",/Users/kazimir/Desktop/BP/zmluvy_cleaned_checked_strict_valid/11817911.txt
11817912,sluzby,sluzb|sluzieb|kurz,True,"Čiastková zmluva Rámcovej zmluvy o poskytoaní služieb ""Odborné prehliadky, odborné skúšky technických zariadení"" č. 2025/047",38/2025,"Číslo z Registra zmlúv EASR PSK: 2025/047 Čiastková zmluva Rámcovej zmluvy o poskytovaní služieb „Odborné prehliadky, odborné skúšky technických zariadení” č. 2025/047 uzavretá podľa § 269 a nasledovných ustanovení č. 513/1991 Zb. Obchodný zákonník v znení neskorších predpisov (ďalej len „Zmluva“) medzi zmluvnými stranami Odberateľ: Názov: Centrum sociálnych služieb AMETYST, 094 01 Tovarné 117 Sídlo organizácie: 094 01 Tovarné 117 Štatutárny orgán: PhDr. Jozef Sabol, riaditeľ IČO: DIČ: 00696374 2020635485 Bankové spojenie: XXXX IBAN, SWIFT: SKXX XXXX XXXX XXXX XXXX XXXX (ďalej aj ako „Odberateľ“) a Poskytovateľ: Názov: Sídlo organizácie: Levočská 6114/1, 080 01 Prešov Energetická Agentúra Smart Regiónu PSK Štatutárny orgán: IČO: Ing. Martin Lukáč, riaditeľ 51295130 DIČ: Bankové spojenie: Štátna pokladnica 2120670827 IBAN: e-mail: sekretariat@smartp.sk SK35 8180 0000 0070 0059 2271 (ďalej aj ako „EASR PSK“ alebo „Poskytovateľ“) (spolu ako „Zmluvné strany“) Preambula 1. Prešovský samosprávny kraj má záujem o zabezpečenie centrálneho vykonávania odborných prehliadok a odborných skúšok technických zariadení v rámci vlastných",/Users/kazimir/Desktop/BP/zmluvy_cleaned_checked_strict_valid/11817912.txt
11817914,najom,najom,True,Nájomná zmluva o nájme nebytového priestoru  Domu kultúry v dňoch 02.01.2026 - 03.01.2026 - ples,Su-1/2026,"Zmluva č. 1/2026 o nájme nebytového priestoru - Domu kultúry Prenajímateľ: Obec Sulín, zastúpená starostkou obce Annou Hiľákovou IČO: 00330191, DIČ: 2020698845 Bankové spojenie: VÚB Stará Ľubovňa, IBAN:SK23 0200 00000000 1492 5602 Nájomca: Občianske združenie OZ - Sulín, Sulín 182, 065 46 Malý Lipník, IČO 42419182 sa dohodli na uzavretí tejto zmluvy o nájme nebytového priestoru v zmysle zákona č. 40/1964 Zb. - Občiansky zákonník, v znení neskorších predpisov: Čl.1 Predmet nájmu Prenajímateľ je vlastníkom nebytového priestoru – Domu kultúry súp. č. 102 v katastrálnom území Veľký Sulín. Touto zmluvou prenecháva prenajímateľ nebytový priestor – Dom kultúry nájomcovi do dočasného užívania na účel uvedený v čl. 2 tejto zmluvy. Čl. 2 Účel nájmu a doba nájmu Nebytový priestor sa prenajíma na účel: ples Nájomný vzťah sa uzatvára na dobu určitú a to: od 02. 01. 2026 do 03. 01. 2026 Čl. 3 Nájomné Nájomca sa zaväzuje zaplatiť prenajímateľovi v zmysle VZN č. 1/2023 o službách poskytovaných obcou a poplatkoch za tieto služby na území obce Sulín nájomné vo výške 80,- € + el. energia + spotreba paliva. Čl. 4 Práva a povinnosti prenajímateľa Prena",/Users/kazimir/Desktop/BP/zmluvy_cleaned_checked_strict_valid/11817914.txt
11817922,ramcova,ramcova|ramcovej,True,RÁMCOVÁ DOHODA,103.prrchbo-90/2025-10,"Podľa ustanovení zákona č. 343/2015 Z. z. o verejnom obstarávaní a o zmene a doplnení niektorých zákonov v znení zákona č. 438/2015 Z. z. RÁMCOVÁ DOHODA č. 103.prrchbo-90/2025-10 uzatvorená podľa zákona č. 343/2015 Z. z. o verejnom obstarávaní a o zmene a doplnení niektorých zákonov v znení neskorších predpisov (ďalej len „zákon č. 343/2015 Z. z.“) a podľa § 269 ods. 2 zákona č. 513/1991 Zb. Obchodný zákonník v znení neskorších predpisov (ďalej len „zmluva“) Článok I. Zmluvné strany Ministerstvo obrany Slovenskej republiky Kupujúci: 103.prápor RCHBO Rožňava Zastúpený: Sídlo Šafárikova 109, 048 01 Rožňava Osoba oprávnená konať vo veciach technických, fakturačných, platobných, reklamácie: pplk. Ing. Anton KARDOŠ, veliteľ 103.práporu RCHBO Bankové údaje: IČO IČ DPH: IBAN: SWIFT: por. Ing. Patrícia MEŠŤANOVÁ, Patricia.mestanova@mil.sk, 0960/581419 Štátna pokladnica, Radlinského 32, 810 05 Bratislava, Slovakia 30845572 SK2020947698 SK50 8180 0000 0070 0017 1215 SPSRSKBA (ďalej len „Kupujúci“) a INMEDIA, spol. s.r.o. Námestie SNP 11, 960 01 Zvolen UniCredit Bank Czech Republic and Slovakia, a.s. Predávajúci: Sídlo: Bankové spojenie: IB",/Users/kazimir/Desktop/BP/zmluvy_cleaned_checked_strict_valid/11817922.txt
11817925,najom,najom,True,Zmluva o nájme bytu,S2025/01871,"Zmluva o nájme bytu č. S2025/01871/ uzatvorená podľa §685 a nasl. zákona č. 40/1964 Zb. - Občiansky zákonník v znení neskorších predpisov a súvisiacich platných právnych predpisov medzi: I. ZMLUVNÉ STRANY Prenajímateľ: Mesto Veľký Šariš, sídlo: Námestie sv. Jakuba 1, 082 21 Veľký Šariš Štatutárny zástupca: JUDr. Viliam Kall - primátor mesta Bankové spojenie: Prima Banka a. s., pobočka Prešov, číslo účtu: 8800925024 / 5600 IČO: 00 327 972 (ďalej len „prenajímateľ“) a Nájomca: Eva KANCIANOVÁ a manžel František KANCIAN (ďalej len „nájomca“) sa dohodli na uzavretí tejto zmluvy podľa § 685 a nasl. Občianskeho zákonníka II. PREDMET A ROZSAH NÁJMU 1. Prenajímateľ prenecháva nájomcovi do užívania byt vo Veľkom Šariši. Byt, ktorý je predmetom tejto zmluvy, nemožno užívať na iné účely, ako na bývanie. 2. Prenajímateľ prenecháva nájomcovi byt uvedený v bode 1 po opakovanom prehodnotení a splnení podmienok na dobu určitú – 3 roky, a to od 01.12.2025 do 30.11.2028. Nájom bytu dojednaný na určitú dobu končí uplynutím tejto doby, ak sa neobnoví podľa bodu 4 tohto článku. 3. Nájomná zmluva sa uzatvára v súlade s uznesením MsZ vo Veľkom Šariši o pridelení mestské",/Users/kazimir/Desktop/BP/zmluvy_cleaned_checked_strict_valid/11817925.txt
11817927,najom,najom,True,Zmluva o nájme bytu,S2025/02009,"Zmluva o nájme bytu č. S2025/02009/ uzatvorená podľa §685 a nasl. zákona č. 40/1964 Zb. - Občiansky zákonník v znení neskorších predpisov a súvisiacich platných právnych predpisov medzi: I. ZMLUVNÉ STRANY Prenajímateľ: Mesto Veľký Šariš, sídlo: Námestie sv. Jakuba 1, 082 21 Veľký Šariš Štatutárny zástupca: JUDr. Viliam Kall - primátor mesta Bankové spojenie: Prima Banka a. s., pobočka Prešov, číslo účtu: 8800925024 / 5600 IČO: 00 327 972 (ďalej len „prenajímateľ“) a Nájomca: Ing. Daniel PASTULA (ďalej len „nájomca“) sa dohodli na uzavretí tejto zmluvy podľa § 685 a nasl. Občianskeho zákonníka II. PREDMET A ROZSAH NÁJMU 1. Prenajímateľ prenecháva nájomcovi do užívania byt vo Veľkom Šariši. Byt, ktorý je predmetom tejto zmluvy, nemožno užívať na iné účely, ako na bývanie. 2. Prenajímateľ prenecháva nájomcovi byt uvedený v bode 1 po opakovanom prehodnotení a splnení podmienok na dobu určitú – 3 roky, a to od 01.12.2025 do 30.11.2028. Nájom bytu dojednaný na určitú dobu končí uplynutím tejto doby, ak sa neobnoví podľa bodu 4 tohto článku. 3. Nájomná zmluva sa uzatvára v súlade s uznesením MsZ vo Veľkom Šariši o pridelení mestského nájomného bytu nájo",/Users/kazimir/Desktop/BP/zmluvy_cleaned_checked_strict_valid/11817927.txt
11817929,najom,najom,True,Zmluva o nájme bytu,S 2025/02299,"Zmluva o nájme bytu č. S 2025/02299/ uzatvorená podľa §685 a nasl. zákona č. 40/1964 Zb. - Občiansky zákonník v znení neskorších predpisov a súvisiacich platných právnych predpisov medzi: I. ZMLUVNÉ STRANY Prenajímateľ: Mesto Veľký Šariš, sídlo: Námestie sv. Jakuba 1, 082 21 Veľký Šariš Štatutárny zástupca: JUDr. Viliam Kall - primátor mesta Bankové spojenie: Prima Banka a.s., pobočka Prešov, číslo účtu: 8800925024 / 5600 IČO: 00 327 972 (ďalej len „prenajímateľ“) a Nájomca: Viliam ŽEC (ďalej len „nájomca“) sa dohodli na uzavretí tejto zmluvy podľa § 685 a nasl. Občianskeho zákonníka II. PREDMET A ROZSAH NÁJMU 1. Prenajímateľ prenecháva nájomcovi do užívania byt vo Veľkom Šariši. Byt, ktorý je predmetom tejto zmluvy, nemožno užívať na iné účely, ako na bývanie. 2. Prenajímateľ prenecháva nájomcovi byt uvedený v bode 1 po opakovanom prehodnotení a splnení podmienok na dobu určitú – 6 mesiacov, a to od 01.12.2025 do 31.05.2026. Nájom bytu dojednaný na určitú dobu končí uplynutím tejto doby, ak sa neobnoví podľa bodu 4 tohto článku. 3. Nájomná zmluva sa uzatvára v súlade s uznesením MsZ vo Veľkom Šariši o pridelení mestského nájomného bytu nájomcovi",/Users/kazimir/Desktop/BP/zmluvy_cleaned_checked_strict_valid/11817929.txt
11817931,najom,najom,True,Zmluva o nájme,2025/211,"ZMLUVA O NÁJME 1 uzatvorená v zmysle § 663 a nasl. zákona č. 40/1964 Zb. Občianskeho zákonníka a zákona č. 513/1991 Zb. Obchodného zákonníka medzi zmluvnými stranami Prenajímateľ: Obec Makov sídlo: IČO: DIČ/IČ DPH: v zastúpení: bankové spojenie: IBAN: Kontakt: (ďalej ako „Prenajímateľ“) Makov 60, 023 56 Makov 00 314 129.... Ing. Stanislav Gašparík – starosta obce SLSP, a.s....... a Nájomca: sídlo: IČO: IČ DPH: zapísaná: Akzent BigBoard, a.s. Ivanská cesta 2D, 821 04 Bratislava 44 540 957... Obchodný register Mestského súdu Bratislava III, oddiel Sa, vložka 4670/B Juraj Lindauer – na základe plnej moci zo dňa 07.10.2024 zastúpená: bankové spojenie: IBAN: kontakt: (ďalej ako „Nájomca“) 365.bank, a.s....... (Prenajímateľ a Nájomca spolu aj ako „Zmluvné strany“ alebo jednotlivo ako „Zmluvná strana“) za nasledovných podmienok: I. Predmet a účel nájmu I.1. Predmetom tejto Zmluvy o nájme (ďalej ako „Zmluva“) je úprava vzájomných práv a povinností Zmluvných strán pri umiestňovaní a prevádzkovaní Reklamnej stavby Nájomcu na nehnuteľnosti vo výlučnom vlastníctve Prenajímateľa. I.2. Predmetom nájmu sú časti pozemkov parcelné čí",/Users/kazimir/Desktop/BP/zmluvy_cleaned_checked_strict_valid/11817931.txt
11817933,ramcova,ramcova|ramcovej,True,RÁMCOVÁ DOHODA,103.prrchbo-90/2025-11,"Podľa ustanovení zákona č. 343/2015 Z. z. o verejnom obstarávaní a o zmene a doplnení niektorých zákonov v znení zákona č. 438/2015 Z. z. RÁMCOVÁ DOHODA č. 103.prrchbo-90/2025-11 uzatvorená podľa zákona č. 343/2015 Z. z. o verejnom obstarávaní a o zmene a doplnení niektorých zákonov v znení neskorších predpisov (ďalej len „zákon č. 343/2015 Z. z.“) a podľa § 269 ods. 2 zákona č. 513/1991 Zb. Obchodný zákonník v znení neskorších predpisov (ďalej len „zmluva“) Článok I. Zmluvné strany Ministerstvo obrany Slovenskej republiky Kupujúci: 103.prápor RCHBO Rožňava Zastúpený: Šafárikova 109, 048 01 Rožňava Sídlo Osoba oprávnená konať vo veciach technických, fakturačných, platobných, reklamácie: pplk. Ing. Anton KARDOŠ, veliteľ 103.práporu RCHBO Bankové údaje: IČO IČ DPH: IBAN: SWIFT: por. Ing. Patrícia MEŠŤANOVÁ, Patricia.mestanova@mil.sk, 0960/581419 Štátna pokladnica, Radlinského 32, 810 05 Bratislava, Slovakia 30845572 SK2020947698 SK50 8180 0000 0070 0017 1215 SPSRSKBA (ďalej len „Kupujúci“) a INMEDIA, spol. s.r.o. Námestie SNP 11, 960 01 Zvolen UniCredit Bank Czech Republic and Slovakia, a.s. Predávajúci: Sídlo: Bankové spojenie: IB",/Users/kazimir/Desktop/BP/zmluvy_cleaned_checked_strict_valid/11817933.txt
11817934,other,,True,Zmluva o zriadení Spoločného obecného úradu  Budimír,1/2025/SoÚ,"ZMLUVA č.1/2025/S0Ú o zriadení Spoločného obecného úradu Budimír uzatvorená podľa $ 20a zákona SNR č. 369/1990 Zb. o obecnom zriadení v znení neskorších predpisov uzatvorená medzi: Učastníci zmluvy: 1. Názov: Obec Budimír Sídlo: Zámocká 22/4, 044 43 Budimír Zastúpená: — Vojtech Staňo, Mgr., starosta obce IČO: 00324001 DIČ: 2021235854 2. Názov: Obec Bačkovík Sídlo: Bačkovík 41, 044 45 Bačkovík Konajúca: — Milan Gábor, starosta obce IČO: 00323934 DIČ: 2021235788 3. Názov: Obec Baška Sídlo: Baška 71, 040 16 Košice 16 Konajúca: Ľubomír Demský, MUDr., starosta obce IČO: 00323942 DIČ: 2021235799 4, Názov: Obec Beniakovce Sídlo: Beniakovce 44, 044 42 Rozhanovce Konajúca: Miroslav Halás, Ing., starosta obce IČO: 00691224 DIČ: 2021261308 5. Názov: Obec Blažice Sídlo: Blažice 53, 044 16 Bohdanovce Konajúca: — Juraj Gmitro, starosta obce IČO: 00690198 DIČ: 2021261176 6. Názov: Obec Bohdanovce Sídlo: Bohdanovce 142, 044 16 Bohdanovce Konajúca: Patrik Beluš, Ing., starosta obce IČO: 00323985 DIČ: 2021235832 7. Názov: Sídlo: Konajúca: IČO: DIČ: 8. Názov: Sídlo: Konajúci: IČO: DIČ: 9. Názov: Sídlo: Konajúca: Ičo: DIČ: 10. Názov: Sídlo: Konajúca: IČO: DIC: 11. Názov: Sídlo: Konajúca: IČO: DIČ: 12",/Users/kazimir/Desktop/BP/zmluvy_cleaned_checked_strict_valid/11817934.txt
11817938,dodatok,dodatok|dodatku,True,DODATOK č. 2 K ZMLUVE O POSKYTNUTÍ NENÁVRATNÉHO FINANČNÉHO PRÍSPEVKU  Číslo zmluvy: PSK-SIEA-002-2023-DV-EFRR/FFV5,DODATOK č. 2 PSK-SIEA-002-2023-DV-EFRR/FFV5/D2,"Číslo dodatku: PSK-SIEA-002-2023-DV-EFRR/FFV5/D2 DODATOK č. 2 K ZMLUVE O POSKYTNUTÍ NENÁVRATNÉHO FINANČNÉHO PRÍSPEVKU (ďalej len „Dodatok“) Číslo zmluvy: PSK-SIEA-002-2023-DV-EFRR/FFV5 uzavretý podľa § 269 ods. 2 zákona č. 513/1991 Zb. Obchodný zákonník v znení neskorších predpisov, podľa § 22 zákona č. 121/2022 Z. z. o príspevkoch z fondov Európskej únie a o zmene a doplnení niektorých zákonov v znení neskorších predpisov (ďalej len ako „zákon o príspevkoch z fondov EÚ“) a podľa § 20 ods. 2 zákona č. 523/2004 Z. z. o rozpočtových pravidlách verejnej správy a o zmene a doplnení niektorých zákonov v znení neskorších predpisov (ďalej len „zákon o rozpočtových pravidlách“) medzi: Poskytovateľom riadiaci orgán: názov: sídlo: IČO: Ministerstvo investícií, regionálneho rozvoja a informatizácie Slovenskej republiky Pribinova 25, 811 09 Bratislava 50 349 287 v zastúpení sprostredkovateľským orgánom: Slovenská inovačná a energetická agentúra Bajkalská 27, 827 99 Bratislava 00 002 801 Ing. Michal Fiala, generálny riaditeľ názov: sídlo: IČO: konajúci: na základe splnomocnenia obsiahnutého v Zmluve o poverení na vykonávanie časti úloh riadiaceho orgánu s",/Users/kazimir/Desktop/BP/zmluvy_cleaned_checked_strict_valid/11817938.txt
11817941,dodatok,dodatok|dodatku,True,D o d a t o k  č. 3 k Nájomnej zmluve č. 804096120-2-2023-NZNP,D o d a t o k  č. 3 k Nájomnej zmluve č. 804096120-2-2023-NZNP,"D o d a t o k č. 3 k Nájomnej zmluve č. 804096120-2-2023-NZNP uzatvorenej v súlade so zákonom č. 116/1990 Zb. o nájme a podnájme nebytových priestorov v znení neskorších predpisov (ďalej len „Dodatok č. 3“) medzi týmito zmluvnými stranami: ZMLUVNÉ STRANY Čl. I 1.1 Prenajímateľ: Obchodné meno Sídlo Právna forma Registrácia: Železnice Slovenskej republiky: Klemensova 8, 813 61 Bratislava: Iná právnická osoba: Obchodný register Mestského súdu Bratislava III, Oddiel: Po, Vložka číslo: 312/B Štatutárny orgán Odštepný závod: generálny riaditeľ Železnice Slovenskej republiky – Správa majetku ŽSR Bratislava, Holekova 6, 811 04 Bratislava (ďalej len „SM“) Osoba splnomocnená na podpis Dodatku č. 3 IČO DIČ IČ DPH Údaje k DPH Adresa pre doručovanie písomností: JUDr. Maroš Karšňák, riaditeľ SM: 31 364 501: 2020480121: SK2020480121: Prenajímateľ je platiteľ DPH: Železnice Slovenskej republiky – Správa majetku ŽSR Bratislava, Regionálne pracovisko hospodárenia s majetkom Bratislava, Šancová 5/c, 811 04 Bratislava (ďalej len „Prenajímateľ“) 1.2 Nájomca: Obchodné meno Sídlo Právna forma Registrácia METON SLOVAKIA, akciová spoločnosť: Šustekova 2",/Users/kazimir/Desktop/BP/zmluvy_cleaned_checked_strict_valid/11817941.txt
11817942,ramcova,ramcova|ramcovej,True,RÁMCOVÁ DOHODA,103.prrchbo-90/2025-12,"Podľa ustanovení zákona č. 343/2015 Z. z. o verejnom obstarávaní a o zmene a doplnení niektorých zákonov v znení zákona č. 438/2015 Z. z. RÁMCOVÁ DOHODA č. 103.prrchbo-90/2025-12 uzatvorená podľa zákona č. 343/2015 Z. z. o verejnom obstarávaní a o zmene a doplnení niektorých zákonov v znení neskorších predpisov (ďalej len „zákon č. 343/2015 Z. z.“) a podľa § 269 ods. 2 zákona č. 513/1991 Zb. Obchodný zákonník v znení neskorších predpisov (ďalej len „zmluva“) Článok I. Zmluvné strany Ministerstvo obrany Slovenskej republiky Kupujúci: 103.prápor RCHBO Rožňava Zastúpený: Sídlo Šafárikova 109, 048 01 Rožňava Osoba oprávnená konať vo veciach technických, fakturačných, platobných, reklamácie: pplk. Ing. Anton KARDOŠ, veliteľ 103.práporu RCHBO Bankové údaje: IČO IČ DPH: IBAN: SWIFT: por. Ing. Patrícia MEŠŤANOVÁ, Patricia.mestanova@mil.sk, 0960/581419 Štátna pokladnica, Radlinského 32, 810 05 Bratislava, Slovakia 30845572 SK2020947698 SK50 8180 0000 0070 0017 1215 SPSRSKBA (ďalej len „Kupujúci“) a INMEDIA, spol. s.r.o. Námestie SNP 11, 960 01 Zvolen UniCredit Bank Czech Republic and Slovakia, a.s. Predávajúci: Sídlo: Bankové spojenie: IB",/Users/kazimir/Desktop/BP/zmluvy_cleaned_checked_strict_valid/11817942.txt
11817947,ramcova,ramcova|ramcovej,True,RÁMCOVÁ DOHODA,103.prrchbo-90/2025-13,"Podľa ustanovení zákona č. 343/2015 Z. z. o verejnom obstarávaní a o zmene a doplnení niektorých zákonov v znení zákona č. 438/2015 Z. z. RÁMCOVÁ DOHODA č. 103.prrchbo-90/2025-13 uzatvorená podľa zákona č. 343/2015 Z. z. o verejnom obstarávaní a o zmene a doplnení niektorých zákonov v znení neskorších predpisov (ďalej len „zákon č. 343/2015 Z. z.“) a podľa § 269 ods. 2 zákona č. 513/1991 Zb. Obchodný zákonník v znení neskorších predpisov (ďalej len „zmluva“) Článok I. Zmluvné strany Ministerstvo obrany Slovenskej republiky Kupujúci: 103.prápor RCHBO Rožňava Zastúpený: Sídlo Šafárikova 109, 048 01 Rožňava Osoba oprávnená konať vo veciach technických, fakturačných, platobných, reklamácie: pplk. Ing. Anton KARDOŠ, veliteľ 103.práporu RCHBO Bankové údaje: IČO IČ DPH: IBAN: SWIFT: por. Ing. Patrícia MEŠŤANOVÁ, Patricia.mestanova@mil.sk, 0960/581419 Štátna pokladnica, Radlinského 32, 810 05 Bratislava, Slovakia 30845572 SK2020947698 SK50 8180 0000 0070 0017 1215 SPSRSKBA (ďalej len „Kupujúci“) a INMEDIA, spol. s.r.o. Námestie SNP 11, 960 01 Zvolen UniCredit Bank Czech Republic and Slovakia, a.s. Predávajúci: Sídlo: Bankové spojenie: IB",/Users/kazimir/Desktop/BP/zmluvy_cleaned_checked_strict_valid/11817947.txt
11817949,prispevok,prispevok|prispevku|prispevkom|financnych prostriedk,True,"Zmluva o poskytnutí NFP pre projekt č. PLSK.03.01-IP.01-0013/25 s názvom: ""Na bicykli okolo Tatier-spoločné cyklotrasy / Na rowerze wokół Tatr–wspólne trasy rowerowe""",1079/2025/ORR,"Umowa o dofinansowanie projektu Zmluva o poskytnutí príspevku pre projekt Umowa o dofinansowanie nr PLSK.03.01-IP.01-0013/25-00 Zmluva o poskytnutí príspevku č. PLSK.03.01-IP.01-0013/25-00 na realizację projektu „Na rowerze wokół Tatr– na realizáciu projektu „Na bicykli okolo Tatier- wspólne trasy rowerowe” spoločné cyklotrasy” zgodnie z decyzją Komitetu Monitorującego nr v súlade s rozhodnutím Monitorovacieho výboru č. 31/2025 z 22.10.2025 r., której kopia stanowi 31/2025 zo dňa 22.10.2025, ktorého kópia tvorí załącznik nr 1 do umowy, w ramach programu prílohu č. 1 k zmluve v rámci programu Interreg Interreg Polska – Słowacja 2021-2027, Poľsko-Slovensko 2021-2027 zawarta pomiędzy: uzatvorená medzi: Ministrom fondov a regionálnej politiky, Ministrem Funduszy i Polityki Regionalnej, so sídlom: z siedzibą: ul. Wspólna 2/4, 00-926 Warszawa, Polska, ul. Wspólna 2/4, 00-926 Varšava, Poľsko, pôsobiacim ako Riadiaci orgán programu Interreg działającym jako instytucja zarządzająca Interreg Poľsko-Slovensko 2021-2027 Polska – Słowacja 2021-2027, zwanym dalej „Instytucją Zarządzającą”, ďalej len „Riadiaci orgán”, v zastúpení: reprezentowanym",/Users/kazimir/Desktop/BP/zmluvy_cleaned_checked_strict_valid/11817949.txt
11817951,najom,najom,True,najomná zmluva,NZ 1/2026,"Nájomná zmluva č. 1/2026 uzatvorená podľa zákona č. 116/1990 Zb. o nájme a podnájme nebytových priestorov v platnom znení (ďalej ako „zmluva“) Článok 1 Zmluvné strany Prenajímateľ: Mesto Žilina IČO: 00 321796 Sídlo MsÚ: Námestie obetí komunizmu 1, 011 31 Žilina konajúci prostredníctvom správcu: Základná škola, Slovenských dobrovoľníkov 122/7, Slovenských dobrovoľníkov 122/7, Žilina-Budatín, 010 03, v jeho mene konajúci: PaedDr. Dáša Švaňová, riaditeľ školy, IČO: 37812980 Bankové spojenie: Prima banka Slovensko, a.s. Žilina číslo účtu pre nájomné IBAN: SK44 5600 0000 0087 0357 3004 číslo účtu pre prevádzkové náklady IBAN: SK62 5600 0000 0087 0357 2001 (ďalej len ako „prenajímateľ“) a Nájomca: Súkromné centrum voľného času Žirafa, Pivovarská 3, Žilina Sídlo: Pivovarská 3, 010 01 Žilina IČO: 420 599 92 DIČ: 2022484134 IBAN: SK65 7500 0000 0040 1752 2954 v jeho mene konajúci: PaedDr. Chodelková Ľudmila, riaditeľka SCVČ (ďalej len ako „nájomca“) (ďalej spolu aj ako „zmluvné strany“) Článok 2 Predmet a účel zmluvy (1) Prenajímateľ je na základe zákona č. 138/1991 Zb. o majetku obcí a zriaďovacej listiny stavby súp. č. 122",/Users/kazimir/Desktop/BP/zmluvy_cleaned_checked_strict_valid/11817951.txt
11817953,najom,najom,True,nájomná zmluva Brioso,NZ 2/2026,"Nájomná zmluva č. 2/2026 uzatvorená podľa zákona č. 116/1990 Zb. o nájme a podnájme nebytových priestorov v platnom znení (ďalej ako „zmluva“) Článok 1 Zmluvné strany Prenajímateľ: Prenajímateľ: Mesto Žilina Sídlo MsÚ: Námestie obetí komunizmu 1, 011 31 Žilina IČO: 00 321796 konajúci prostredníctvom správcu: Základná škola, Slovenských dobrovoľníkov 122/7, Slovenských dobrovoľníkov 122/7, Žilina-Budatín, 010 03, v jeho mene konajúci: PaedDr. Dáša Švaňová, riaditeľ školy, IČO: 37812980 Bankové spojenie: Prima banka Slovensko, a.s. Žilina číslo účtu pre nájomné IBAN: SK44 5600 0000 0087 0357 3004 číslo účtu pre prevádzkové náklady IBAN: SK62 5600 0000 0087 0357 2001 (ďalej len ako „prenajímateľ“) a Nájomca: Súkromná Základná umelecká škola BRIOSO Sídlo: Slovenských dobrovoľníkov 122/7, Žilina-Budatín, 010 03 IČO: 42221749 DIČ: 2023584442 IBAN: SK77 0900 0000 0050 6134 5224 v jeho mene konajúci: Mgr. Art. Jana Jánošová, riaditeľka školy (ďalej len ako „nájomca“) (ďalej spolu aj ako „zmluvné strany“) Článok 2 Predmet a účel zmluvy (1) Prenajímateľ je na základe zákona č. 138/1991 Zb. o majetku obcí a zriaďovacej listiny",/Users/kazimir/Desktop/BP/zmluvy_cleaned_checked_strict_valid/11817953.txt
11817959,ramcova,ramcova|ramcovej,True,RÁMCOVÁ DOHODA,103.prrchbo-90/2025-14,"Podľa ustanovení zákona č. 343/2015 Z. z. o verejnom obstarávaní a o zmene a doplnení niektorých zákonov v znení zákona č. 438/2015 Z. z. RÁMCOVÁ DOHODA č. 103.prrchbo-90/2025-14 uzatvorená podľa zákona č. 343/2015 Z. z. o verejnom obstarávaní a o zmene a doplnení niektorých zákonov v znení neskorších predpisov (ďalej len „zákon č. 343/2015 Z. z.“) a podľa § 269 ods. 2 zákona č. 513/1991 Zb. Obchodný zákonník v znení neskorších predpisov (ďalej len „zmluva“) Článok I. Zmluvné strany Ministerstvo obrany Slovenskej republiky Kupujúci: 103.prápor RCHBO Rožňava Zastúpený: Sídlo Šafárikova 109, 048 01 Rožňava Osoba oprávnená konať vo veciach technických, fakturačných, platobných, reklamácie: pplk. Ing. Anton KARDOŠ, veliteľ 103.práporu RCHBO Bankové údaje: IČO IČ DPH: IBAN: SWIFT: por. Ing. Patrícia MEŠŤANOVÁ, Patricia.mestanova@mil.sk, 0960/581419 Štátna pokladnica, Radlinského 32, 810 05 Bratislava, Slovakia 30845572 SK2020947698 SK50 8180 0000 0070 0017 1215 SPSRSKBA (ďalej len „Kupujúci“) a Predávajúci: Sídlo: Bankové spojenie: IČO DIČ Zastúpený: Zapísaný v OR SR: EUROKAF, s.r.o. Štítnická 46, 048 01 Rožňava SK40 0200 0000 0024",/Users/kazimir/Desktop/BP/zmluvy_cleaned_checked_strict_valid/11817959.txt
11817966,ramcova,ramcova|ramcovej,True,RÁMCOVÁ DOHODA,103.prrchbo-90/2025-15,"Podľa ustanovení zákona č. 343/2015 Z. z. o verejnom obstarávaní a o zmene a doplnení niektorých zákonov v znení zákona č. 438/2015 Z. z. RÁMCOVÁ DOHODA č. 103.prrchbo-90/2025-15 uzatvorená podľa zákona č. 343/2015 Z. z. o verejnom obstarávaní a o zmene a doplnení niektorých zákonov v znení neskorších predpisov (ďalej len „zákon č. 343/2015 Z. z.“) a podľa § 269 ods. 2 zákona č. 513/1991 Zb. Obchodný zákonník v znení neskorších predpisov (ďalej len „zmluva“) Článok I. Zmluvné strany Ministerstvo obrany Slovenskej republiky Kupujúci: 103.prápor RCHBO Rožňava Zastúpený: Šafárikova 109, 048 01 Rožňava Sídlo Osoba oprávnená konať vo veciach technických, fakturačných, platobných, reklamácie: pplk. Ing. Anton KARDOŠ, veliteľ 103.práporu RCHBO Bankové údaje: IČO IČ DPH: IBAN: SWIFT: por. Ing. Patrícia MEŠŤANOVÁ, Patricia.mestanova@mil.sk, 0960/581419 Štátna pokladnica, Radlinského 32, 810 05 Bratislava, Slovakia 30845572 SK2020947698 SK50 8180 0000 0070 0017 1215 SPSRSKBA (ďalej len „Kupujúci“) a Predávajúci: Sídlo: Prevádzka: Bankové spojenie: IBAN: IČO DIČ IČ DPH: Zastúpený: Zapísaný v OR SR: PENAM SLOVAKIA, a.s. Štúrova 74/138",/Users/kazimir/Desktop/BP/zmluvy_cleaned_checked_strict_valid/11817966.txt
11817972,ramcova,ramcova|ramcovej,True,RÁMCOVÁ DOHODA,103.prrchbo-90/2025-16,"Podľa ustanovení zákona č. 343/2015 Z. z. o verejnom obstarávaní a o zmene a doplnení niektorých zákonov v znení zákona č. 438/2015 Z. z. RÁMCOVÁ DOHODA č. 103.prrchbo-90/2025-16 uzatvorená podľa zákona č. 343/2015 Z. z. o verejnom obstarávaní a o zmene a doplnení niektorých zákonov v znení neskorších predpisov (ďalej len „zákon č. 343/2015 Z. z.“) a podľa § 269 ods. 2 zákona č. 513/1991 Zb. Obchodný zákonník v znení neskorších predpisov (ďalej len „zmluva“) Článok I. Zmluvné strany Ministerstvo obrany Slovenskej republiky Kupujúci: 103.prápor RCHBO Rožňava Zastúpený: Šafárikova 109, 048 01 Rožňava Sídlo Osoba oprávnená konať vo veciach technických, fakturačných, platobných, reklamácie: pplk. Ing. Anton KARDOŠ, veliteľ 103.práporu RCHBO Bankové údaje: IČO IČ DPH: IBAN: SWIFT: por. Ing. Patrícia MEŠŤANOVÁ, Patricia.mestanova@mil.sk, 0960/581419 Štátna pokladnica, Radlinského 32, 810 05 Bratislava, Slovakia 30845572 SK2020947698 SK50 8180 0000 0070 0017 1215 SPSRSKBA (ďalej len „Kupujúci“) a INMEDIA, spol. s.r.o. Námestie SNP 11, 960 01 Zvolen UniCredit Bank Czech Republic and Slovakia, a.s. Predávajúci: Sídlo: Bankové spojenie: IB",/Users/kazimir/Desktop/BP/zmluvy_cleaned_checked_strict_valid/11817972.txt
11817978,other,,True,Zmluva č.1/2025/SoÚ o zriadení Spoločného obecného úradu Budimír,2026/1,"ZMLUVA č.1/2025/S0Ú o zriadení Spoločného obecného úradu Budimír uzatvorená podľa $ 20a zákona SNR č. 369/1990 Zb. o obecnom zriadení v znení neskorších predpisov uzatvorená medzi: Učastníci zmluvy: 1. Názov: Obec Budimír Sídlo: Zámocká 22/4, 044 43 Budimír Zastúpená: — Vojtech Staňo, Mgr., starosta obce IČO: 00324001 DIČ: 2021235854 2. Názov: Obec Bačkovík Sídlo: Bačkovík 41, 044 45 Bačkovík Konajúca: — Milan Gábor, starosta obce IČO: 00323934 DIČ: 2021235788 3. Názov: Obec Baška Sídlo: Baška 71, 040 16 Košice 16 Konajúca: Ľubomír Demský, MUDr., starosta obce IČO: 00323942 DIČ: 2021235799 4, Názov: Obec Beniakovce Sídlo: Beniakovce 44, 044 42 Rozhanovce Konajúca: Miroslav Halás, Ing., starosta obce IČO: 00691224 DIČ: 2021261308 5. Názov: Obec Blažice Sídlo: Blažice 53, 044 16 Bohdanovce Konajúca: — Juraj Gmitro, starosta obce IČO: 00690198 DIČ: 2021261176 6. Názov: Obec Bohdanovce Sídlo: Bohdanovce 142, 044 16 Bohdanovce Konajúca: Patrik Beluš, Ing., starosta obce IČO: 00323985 DIČ: 2021235832 7. Názov: Sídlo: Konajúca: IČO: DIČ: 8. Názov: Sídlo: Konajúci: IČO: DIČ: 9. Názov: Sídlo: Konajúca: Ičo: DIČ: 10. Názov: Sídlo: Konajúca: IČO: DIC: 11. Názov: Sídlo: Konajúca: IČO: DIČ: 12",/Users/kazimir/Desktop/BP/zmluvy_cleaned_checked_strict_valid/11817978.txt
11817982,other,,True,ZMLUVA č.1/2025/S0Úo zriadení Spoločného obecného úradu Budimír,2026/001,"ZMLUVA č.1/2025/S0Ú o zriadení Spoločného obecného úradu Budimír uzatvorená podľa $ 20a zákona SNR č. 369/1990 Zb. o obecnom zriadení v znení neskorších predpisov uzatvorená medzi: Učastníci zmluvy: 1. Názov: Obec Budimír Sídlo: Zámocká 22/4, 044 43 Budimír Zastúpená: — Vojtech Staňo, Mgr., starosta obce IČO: 00324001 DIČ: 2021235854 2. Názov: Obec Bačkovík Sídlo: Bačkovík 41, 044 45 Bačkovík Konajúca: — Milan Gábor, starosta obce IČO: 00323934 DIČ: 2021235788 3. Názov: Obec Baška Sídlo: Baška 71, 040 16 Košice 16 Konajúca: Ľubomír Demský, MUDr., starosta obce IČO: 00323942 DIČ: 2021235799 4, Názov: Obec Beniakovce Sídlo: Beniakovce 44, 044 42 Rozhanovce Konajúca: Miroslav Halás, Ing., starosta obce IČO: 00691224 DIČ: 2021261308 5. Názov: Obec Blažice Sídlo: Blažice 53, 044 16 Bohdanovce Konajúca: — Juraj Gmitro, starosta obce IČO: 00690198 DIČ: 2021261176 6. Názov: Obec Bohdanovce Sídlo: Bohdanovce 142, 044 16 Bohdanovce Konajúca: Patrik Beluš, Ing., starosta obce IČO: 00323985 DIČ: 2021235832 7. Názov: Sídlo: Konajúca: IČO: DIČ: 8. Názov: Sídlo: Konajúci: IČO: DIČ: 9. Názov: Sídlo: Konajúca: Ičo: DIČ: 10. Názov: Sídlo: Konajúca: IČO: DIC: 11. Názov: Sídlo: Konajúca: IČO: DIČ: 12",/Users/kazimir/Desktop/BP/zmluvy_cleaned_checked_strict_valid/11817982.txt
11817997,najom,najom,True,Zmluva o krátkodobom nájme - nájom nebytových priestorov na účely výučby anglického jazyka,2026000002,"Zmluva o k itk d b b t o o om najme ne y ovyc prres orov c ' h ra '· t • "" L/J/GtJCJ.000../ 1:v..~ ~. uzavretá podľa § 116/1990 Zb. o nájme a podnájme nebytových priestorov v znení neskorších predpisov. Prenajímateľ: Mesto Košice I. Zmluvné strany štatutárny orgán: Ing. Jaroslav Polaček, DPA, primátor sídlo: Trieda SNP 48/A, 040 11 Košice bankové spojenie: Príma banka a.s. IBAN: SK46 5600 0000 0004 4248 5033 IČO: 00 691 135 (ďalej len „prenaj ímateľ"") Nájomca: Katarína Bilíková adresa bydliska: Baltická 33, 040 12 Košice bankové spojenie: IBAN: SK20 5600 0000 0004 9311 3002 IČO: 37 739 468 (ďalej len „nájomca"") II. Predmet zmluvy 1. 2. 3. zmluvy je nájom nebytových priestorov v materských školách Predmetom tejto v zriaďovateľskej pôsobnosti mesta Košice, ktoré nemajú právnu subjektivitu: a) MŠ Hemerkova 26 Košice - trieda o výmere 11 m2, b) MŠ Muškátová 7 Košice - trieda o výmere 18 m2 c) MŠ Šafárikova trieda 4 Košice-trieda o výmere 12 m2 Predmet nájmu je vo vlastníctve Mesta Košice, Trieda SNP 48/A, Košice. Prenajímateľ sa zaväzuje prenechať nájomcovi predmet nájmu uvedený v čl. II. ods. tejto zmluvy na užívanie v rozsahu uvedenom v čl. zaväzuje platiť prenají",/Users/kazimir/Desktop/BP/zmluvy_cleaned_checked_strict_valid/11817997.txt
11818002,dodatok,dodatok|dodatku,True,Zmluva o poskytovaní služieb zdravotnej starostlivosti,3,"Dodatok č. 3 k Zmluve o poskytovaní služieb zdravotnej starostlivosti uzatvorenej v súlade s ustanoveniami § 724 a nasl. Občianskeho zákonníka a zákona NR SR č. 576/2004 Z. z. o zdravotnej starostlivosti, službách súvisiacich s poskytovaním zdravotnej starostlivosti v spojení s príslušnými ustanoveniami zákona NR SR č. 578/2004 Z. z. o poskytovateľoch zdravotnej starostlivosti v platnom znení (ďalej len,,Dodatok č.1"") uzatvorený medzi: objednávateľ: Regionálna nemocnica Sobrance, n. o. Sídlo: Mieru 12, 073 01 Sobrance Zastúpená: Mgr. Tatiana Maximová, MPH - riaditeľka Bankové spojenie/IBAN: SLSP, a. s./ SK32 0900 0000 0004 8308 8042 IČO: 35582391 DIČ: 2022272659 Email: sekretariatrns@lekosonline.sk (ďalej len “objednávateľ“) a poskytovateľ: Meno a priezvisko: MUDr. Emil Paľaš Adresa: Palárikova 5/1504, 040 01 Košice Bankové spojenie/IBAN: SLSP, a. s./ SK29 0900 0000 0003 4139 5637 IČO: 54166217 DIČ: 1087013972 (ďalej “ len poskytovateľ, lekár ˮ) (ďalej len ˮ zmluvné strany ˮ) Čl. I Predmet Dodatku č.3 1. Objednávateľ a poskytovateľ uzatvorili dňa 05.05.2023 Zmluvu o poskytovaní služieb zdravotnej starostlivosti uzatvorenej v súlade s ustanoveniami §",/Users/kazimir/Desktop/BP/zmluvy_cleaned_checked_strict_valid/11818002.txt
11818005,spolupraca,spoluprac,True,ZMLUVA O SPOLUPRÁCI,UPJS - 907/2025,"ZMLUVA O SPOLUPRÁCI uzatvorená podľa § 269 ods. 2 zák. č. 513/1991 Z. z. Obchodný zákonník v znení neskorších predpisov (ďalej len „Obchodný zákonník“) 1. Univerzita Pavla Jozefa Šafárika v Košiciach Článok 1 Zmluvné strany Sídlo: Štatutárny orgán: Zastúpenie: IČO: Kontaktná osoba: Email: (ďalej aj „UPJŠ“) Šrobárova 2, 041 80 Košice prof. MUDr. Daniel Pella, PhD., rektor doc. RNDr. Dušan Šveda, CSc., riaditeľ Centra celoživotného vzdelávania a podpory projektov (CCVaPP) UPJŠ, na základe plnej moci rektora UPJŠ zo dňa 06.11.2023 00 397 768 doc. RNDr. JUDr. Pavol Sokol, PhD. et PhD. 2. Spojená škola T. Ševčenka s vyučovacím jazykom ukrajinským, Sládkovičova 4, Prešov Sídlo: Štatutárny orgán: IČO: Kontaktná osoba E-mail: (ďalej aj „Škola“)............... UPJŠ a Škola označovaní ďalej spoločne aj ako „Zmluvné strany“ alebo samostatne ako „Zmluvná strana“ uzatvárajú túto zmluvu o spolupráci (ďalej len „Zmluva“), za nasledovných podmienok: Článok 2 Predmet a účel Zmluvy 1. Predmetom tejto Zmluvy je realizácia vzájomne výhodnej spolupráce Zmluvných strán v oblastiach ich spoločného záujmu, ktorej cieľom je výmena poznatkov pri vykonávaní aktiv",/Users/kazimir/Desktop/BP/zmluvy_cleaned_checked_strict_valid/11818005.txt
11818015,najom,najom,True,Nájomná zmluva o nájme nebytových priestorov uzatvorená v zmysle §3 zákona 116/1990 Zb.o nájme a podnájme nebytových priestorov,01/2026,"NZ 01/2026 37958003 NÁJOMNÁ ZMLUVA o nájme nebytových priestorov uzatvorená v zmysle §3 zákona 116/1990 Zb. o nájme a podnájme nebytových priestorov a §663 a nasl. zákona č. 40/1964 Občiansky zákonník I. ZMLUVNÉ STRANY Prenajímateľ: Vlastník: Mesto Rimavská Sobota Svätoplukova 9, Rimavská Sobota zast.: JUDr. Jozef Šimko – primátor mesta IČO: 00319 031 Správca: Centrum voľného času RELAX Povstania 605/9, Rimavská Sobota zast. PaedDr. Ivana Pivarníková - riaditeľka Číslo účtu: SK06 5600 0000 0020 7513 0001 IČO: 379 58 003 (ďalej len „Prenajímateľ“) Nájomca: Názov a sídlo: Slovenská republika zastúpená Ministerstvom vnútra Slovenskej republiky Pribinova 2, 812 72 Bratislava zast.: Ing. Peter Laššák– riaditeľ Centra podpory Banská Bystrica na základe plnomocenstva číslo SL-OPS-2024/005265-148 Bankové spojenie: Štátna pokladnica Číslo účtu: SK78 8180 0000 0070 0018 0023 IČO: 00151866 Adresa na doručovanie: Ministerstvo vnútra Slovenskej republiky Centrum podpory Banská Bystrica Ul. 9. Mája č.1, 974 86 Banská Bystrica (ďalej len „nájomca“) II. PREDMET A ÚČEL NÁJMU 1. Mesto Rimavská Sobota je v celosti výlučným vlast",/Users/kazimir/Desktop/BP/zmluvy_cleaned_checked_strict_valid/11818015.txt
11818019,hrobove_miesto,hrobove miesto|hroboveho miesta|hrobov,True,Zmluva číslo 884/2026 o nájme miesta na pohrebisku Ražňany - Hlavný,12026,"Zmluva číslo 884/2026 o nájme miesta na pohrebisku Ražňany - Hlavný uzavretá podľa § 663 až 684 Občianskeho zákonníka a v zmysle §21, zákona č. 131/2010 Z.z. o pohrebníctve (ďalej len ""zákon o pohrebníctve"") medzi Nájomca: Ondrej Janiga Bydlisko: Šalgovská 39/13, 08261 Ražňany Prenajímateľ: Obec Ražňany Sídlo: Ražňany 235, 08261 Ražňany V zastúpení: Radovan Rokošný, starosta obce IČO: 00327689 DIČ: 2020711693 Bankové spojenie: SK92 5600 0000 0035 4266 9001 Článok I. Predmet nájmu Článok V. Nájomné 1. Predmetom zmluvy je nájom veci: hrobové miesto [884 / hrob (Dušan Janiga)] za dohodnutú odplatu a za podmienok uvedených v tejto zmluve. 1. Výška nájomného a cena za služby spojené s nájmom hrobového miesta sa riadia cenníkom prenajímateľa platným ku dňu uzatvorenia zmluvy. 2. Predmetom nájmu je užívanie veci: hrobového miesta. Článok II. Služby spojené s nájmom hrobového miesta 1. S nájmom hrobového miesta sú spojené tieto služby, ktoré bude počas trvania nájomného vzťahu poskytovať prenajímateľ nájomcovi: -- odvoz odpadu, dodávka úžitkovej vody, údržba ostatných pozemkov a stavieb, -- výsadba a údržba zelene na pohrebisku mimo prenajatých hrobových miest, -- úhrady in",/Users/kazimir/Desktop/BP/zmluvy_cleaned_checked_strict_valid/11818019.txt
11818036,spolupraca,spoluprac,True,ZMLUVA O SPOLUPRÁCI,UPJS - 908/2025,"ZMLUVA O SPOLUPRÁCI uzatvorená podľa § 269 ods. 2 zák. č. 513/1991 Z. z. Obchodný zákonník v znení neskorších predpisov (ďalej len „Obchodný zákonník“) 1. Univerzita Pavla Jozefa Šafárika v Košiciach Článok 1 Zmluvné strany Sídlo: Štatutárny orgán: Zastúpenie: IČO: Kontaktná osoba: Email: (ďalej aj „UPJŠ“) Šrobárova 2, 041 80 Košice prof. MUDr. Daniel Pella, PhD., rektor doc. RNDr. Dušan Šveda, CSc., riaditeľ Centra celoživotného vzdelávania a podpory projektov (CCVaPP) UPJŠ, na základe plnej moci rektora UPJŠ zo dňa 06.11.2023 00 397 768 doc. RNDr. JUDr. Pavol Sokol, PhD. et PhD. 2. Stredná odborná škola služieb, Košická 20, Prešov Sídlo: Štatutárny orgán: IČO: Kontaktná osoba E-mail: (ďalej aj „Škola“)............... UPJŠ a Škola označovaní ďalej spoločne aj ako „Zmluvné strany“ alebo samostatne ako „Zmluvná strana“ uzatvárajú túto zmluvu o spolupráci (ďalej len „Zmluva“), za nasledovných podmienok: Článok 2 Predmet a účel Zmluvy 1. Predmetom tejto Zmluvy je realizácia vzájomne výhodnej spolupráce Zmluvných strán v oblastiach ich spoločného záujmu, ktorej cieľom je výmena poznatkov pri vykonávaní aktivít definovaných v ods. 2 tohto člá",/Users/kazimir/Desktop/BP/zmluvy_cleaned_checked_strict_valid/11818036.txt
11818054,najom,najom,True,Nájomná zmluva a zmluva o budúcej zmluve o vecnom bremene,65801/NZ+VB-260/2025/Likavka/7596-04/0920/DPP,"Nájomná zmluva a zmluva o budúcej zmluve o vecnom bremene č. 65801/NZ+VB-260/2025/Likavka/7596-04/0920/DPP (ďalej aj ako „zmluva“) uzavretá podľa § 663 a 50a Občianskeho zákonníka č. 40/1964 Zb. v platnom znení medzi zmluvnými stranami: Prenajímateľ: Meno a priezvisko: Rodné priezvisko: Dátum narodenia: Trvalé bytom: Jozef Kozica Plavisko 1811/8, 034 01 Ružomberok (ďalej len ako „prenajímateľ“) na strane jednej a Národná diaľničná spoločnosť, a. s. Sídlo: Štatutárny orgán: v zastúpení: IČO: DIČ: IČ DPH: Bankové spojenie: IBAN: SWIFT: Právna forma: Dúbravská cesta 14, 841 04 Bratislava Predstavenstvo Ing. Filip Macháček - predseda predstavenstva PhDr. Rastislav Droppa - podpredseda predstavenstva 35 919 001 2021937775 SK2021937775 Štátna pokladnica SK95 8180 0000 0070 0069 4593 SPSRSKBA Akciová spoločnosť zapísaná v Obchodnom Bratislava I, Oddiel Sa, Vložka č. 3518/B registri Okresného súdu zastúpená na základe plnomocenstva reg. zn. NDS:PP/2014/0014 zo dňa 10.02.2014, prijaté dňa 29.04.2014: Splnomocnenec: Obchodné meno: Sídlo: IČO: Zapísaná: Štatutárny orgán: OHLA ŽS, a.s. Tuŕanka 1554/115b, Slatina, 627 00 Brno, ČR 46 342 796 v Obchodnom registri Kraj",/Users/kazimir/Desktop/BP/zmluvy_cleaned_checked_strict_valid/11818054.txt
11818066,prispevok,prispevok|prispevku|prispevkom|financnych prostriedk,True,D O H O D A číslo: 25/41/054/1809 o zabezpečení podmienok vykonávania aktivačnej činnosti formou menších obecných služieb pre obec a o poskytnutí príspevku na aktivačnú činnosť formou menších obecných služieb obci - v rámci projektu PUPN 4,25/41/054/1809,"Číslo záznamu: Číslo: zabezpečení podmienok vykonávania aktivačnej činnosti formou menších obecných služieb pre obec poskytnutí príspevku na aktivačnú činnosť formou menších ých služieb obci uzatvorená podľa § 54 ods. 1 písm. c) zákona č. 5/2004 Z. z. o službách zamestnanosti doplnení niektorých zákonov v znení neskorších predpisov rámci projektu „Podpora udržania pracovných návykov – PUPN 4“ (ďalej len „dohoda“) medzi účastníkmi dohody: Úrad práce, sociálnych vecí a Sídlo: Staničné námestie Zastúpený riaditeľom: Ing. Juraj Briškár IČO: DIČ: Košice Košice Staré Mesto Štátna (ďalej len „úrad“) Obec Hrašovík Sídlo: Hrašovík Zastúpená štatutárnym zástupcom: Renáta Demková IČO: DIČ: Hrašovík  ďalej len „obec“ kód/názov Všeobecná verejná správa IBAN účtu, na ktorý budú poukazované platby zo strany úradu. Ak uvedený IBAN nie je totožný s IBAN účtu, z ktorého/ých bude obec/kraj uskutočňovať bankové prevody na úhradu uplatňovaných oprávnených nákladov, uvedie/ú sa aj tento/tieto iný/é IBANy. Za oprávnené budú považované aj latby z iného bankového účtu/ov preukázateľne patriace obci/kraju.“ Dohoda č. Článok I Účel a predmet dohody Účelom tejto doh",/Users/kazimir/Desktop/BP/zmluvy_cleaned_checked_strict_valid/11818066.txt
11818068,other,,True,Zmluva,56/2025,"ZMLUVA č.1/2025/S0Ú o zriadení Spoločného obecného úradu Budimír uzatvorená podľa $ 20a zákona SNR č. 369/1990 Zb. o obecnom zriadení v znení neskorších predpisov uzatvorená medzi: Učastníci zmluvy: 1. Názov: Obec Budimír Sídlo: Zámocká 22/4, 044 43 Budimír Zastúpená: — Vojtech Staňo, Mgr., starosta obce IČO: 00324001 DIČ: 2021235854 2. Názov: Obec Bačkovík Sídlo: Bačkovík 41, 044 45 Bačkovík Konajúca: — Milan Gábor, starosta obce IČO: 00323934 DIČ: 2021235788 3. Názov: Obec Baška Sídlo: Baška 71, 040 16 Košice 16 Konajúca: Ľubomír Demský, MUDr., starosta obce IČO: 00323942 DIČ: 2021235799 4, Názov: Obec Beniakovce Sídlo: Beniakovce 44, 044 42 Rozhanovce Konajúca: Miroslav Halás, Ing., starosta obce IČO: 00691224 DIČ: 2021261308 5. Názov: Obec Blažice Sídlo: Blažice 53, 044 16 Bohdanovce Konajúca: — Juraj Gmitro, starosta obce IČO: 00690198 DIČ: 2021261176 6. Názov: Obec Bohdanovce Sídlo: Bohdanovce 142, 044 16 Bohdanovce Konajúca: Patrik Beluš, Ing., starosta obce IČO: 00323985 DIČ: 2021235832 7. Názov: Sídlo: Konajúca: IČO: DIČ: 8. Názov: Sídlo: Konajúci: IČO: DIČ: 9. Názov: Sídlo: Konajúca: Ičo: DIČ: 10. Názov: Sídlo: Konajúca: IČO: DIC: 11. Názov: Sídlo: Konajúca: IČO: DIČ: 12",/Users/kazimir/Desktop/BP/zmluvy_cleaned_checked_strict_valid/11818068.txt
11818074,kolektivna,kolektivna,True,Kolektívna zmluv na rok 2026,2/2026,"Kolektívna zmluva na rok 2026 uzatvorená dňa 01.01.2026 medzi zmluvnými stranami ZO OZ PŠaV pri Centre voľného času RELAX, Povstania 605/ 9, 97901 Rimavská Sobota, IČO: 45028320 splnomocnenou na kolektívne vyjednávanie zastúpenou Katarínou Sojkovou, a uzatvorenie kolektívnej zmluvy podľa stanov ZO OZ a na základe plnomocenstva zo dňa 14.06.2021/ďalej odborová organizácia/ a Centrom voľného času, Povstania 605/ 9 v Rimavskej Sobote, IČO:37958003 zastúpenou PaedDr. Ivanou Pivarníkovou, riaditeľkou zariadenia /ďalej zamestnávateľ/ nasledovne: Prvá časť Všeobecné ustanovenia 1./ Dohodnuté benefity v kolektívnych zmluvách vyššieho stupňa pre zamestnávateľov, ktorí pri odmeňovaní postupujú podľa zákona č. 553/2003 Z. z. o odmeňovaní Z. z. o odmeňovaní niektorých zamestnancov pri výkone práce vo verejnom záujme a o zmene a doplnení niektorých zákonov v znení neskorších predpisov na rok 2026 (ďalej len ""kolektívna zmluva"") je uzatvorená v súlade s § 2 ods. 3 písm. d) zákona č. 2/1991 Zb. o kolektívnom vyjednávaní v znení neskorších predpisov (ďalej len ""zákon o kolektívnom vyjednávaní"") 2./ Kolektívna zmluva je záväzná pre všetkých zamestnávateľov uvedených",/Users/kazimir/Desktop/BP/zmluvy_cleaned_checked_strict_valid/11818074.txt
11818076,najom,najom,True,Nájomná zmluva  č. 848174 119-1-2025-NZP,848174 119-1-2025-NZP,"Nájomná zmluva č. 848174 119-1-2025-NZP uzatvorená v súlade s ust. § 663 a nasl. zákona č. 40/1964 Zb. Občiansky zákonník v znení neskorších predpisov (ďalej len „Občiansky zákonník“) (ďalej len „Zmluva“) Čl. I ZMLUVNÉ STRANY 1.1 Prenajímateľ: Obchodné meno: Sídlo: Právna forma: Registrácia: Štatutárny orgán: Odštepný závod: Osoba splnomocnená na podpis Zmluvy: IČO: DIČ: IČ DPH: Údaje k DPH: Adresa pre doručovanie písomností: (ďalej len „Prenajímateľ“) Železnice Slovenskej republiky Klemensova 8, 813 61 Bratislava Iná právnická osoba Obchodný register Mestského súdu Bratislava III, oddiel Po, vložka č. 312/B generálny riaditeľ podľa aktuálneho výpisu z obchodného registra Železnice Slovenskej republiky – Správa majetku ŽSR Bratislava, Holekova 6, 811 04 Bratislava (ďalej len „SM“) JUDr. Maroš Karšňák, riaditeľ SM 31 364 501 2020480121 SK2020480121 prenajímateľ je platiteľ DPH ŽSR- SM, Regionálne pracovisko hospodárenia s majetkom Košice Štefánikova 60, 040 01 Košice Nájomca: 1.2 Obchodné meno: Sídlo: Právna forma: Registrácia: Obchodný register Okresného súdu Prešov TATRAVAGÓNKA, a.s. Štefánikova 887/53, 058 01 Poprad Akciová",/Users/kazimir/Desktop/BP/zmluvy_cleaned_checked_strict_valid/11818076.txt
11818081,ramcova,ramcova,True,Rámcová zmluva o dodávke stravy,Rámcová zmluva o dodávke stravy,"Rámcová zmluva o dodávke stravy uzatvorená v zmysle §269 ods. 2 zákona č. 513/1991 Zb. Obchodný zákonník v platnom znení (ďalej len „Obchodný zákonník"") medzi zmluvnými stranami: Dodávateľ: Gastro DS, s.r.o. Sídlo: Alžbetínske nám. 1203, 929 01 Dunajská Streda IČO: 50 808 478, DIČ: 2120479372, IČ DPH: SK 2120479372 Registrácia: Obchodný register Okresného súdu Trnava, oddiel: Sro, vložka č. 39656/T Štatutárny zástupca: Bc. Tomáš Lakky, konateľ Kontaktná osoba pre objednávky: Kovács Andrea e-mail: gastrods.cat@dunstreda.sk telefónne číslo: 0907 198 477 Kontaktná osoba pre diétne stravovanie: Ing. Karolína Vargová e-mail: gastrods.vamb@dunstreda.sk telefónne číslo: 0910 388 993 (ďalej len ako „ dodávateľ “ ) a Objednávateľ: Regionálny úrad verejného zdravotníctva so sídlom v Dunajskej Strede Sídlo: Veľkoblahovská ul. 1067/30, 929 01 Dunajská Streda IČO: 17335981, DIČ: 202 111 2500 Zastúpený: Ing. Gabriela Bíróová, MPH, poverená vykonávaním funkcie regionálneho hygienika a generálneho tajomníka Kontaktná osoba pre objednávky: Ing. Estera Koroknai e-mail: ds.ruvz@uvzsr.sk telefónne číslo: 031/59 112 52 (ďalej len ako „ objednávateľ “ ) ( objednávateľ",/Users/kazimir/Desktop/BP/zmluvy_cleaned_checked_strict_valid/11818081.txt
11818102,ramcova,ramcova|ramcovej,True,RÁMCOVÁ DOHODA,12.mpr-2-OSE-11,"Podľa ustanovení zákona č. 343/2015 Z. z. o verejnom obstarávaní a o zmene a doplnení niektorých zákonov v znení zákona č. 438/2015 Z. z. RÁMCOVÁ DOHODA 12.mpr-2-OSE-11 uzatvorená podľa zákona č. 343/2015 Z. z. o verejnom obstarávaní a o zmene a doplnení niektorých zákonov v znení neskorších predpisov (ďalej len „zákon č. 343/2015 Z. z.“) a podľa § 269 ods. 2 zákona č. 513/1991 Zb. Obchodný zákonník v znení neskorších predpisov (ďalej len „zmluva“) Článok I. Zmluvné strany Kupujúci: Zastúpený: veliteľ VÚ 1046 Nitra Sídlo Osoba oprávnená konať vo veciach technických, fakturačných, platobných, reklamácie: meno, tel.: e-mail VÚ 1046 Nitra pplk. Ing. Ľuboš SAGAN Novozámocká 1, 949 01 Nitra npor. Mgr. Lucia KYSLEROVÁ, 0960 372 452 Bankové spojenie: IČO IČ DPH: IBAN: Štátna pokladnica 30845572 SK2020947698 SK50 8180 0000 0070 0017 1215 (ďalej len „Kupujúci“) a Predávajúci: Sídlo: Bankové spojenie: IČO DIČ Zastúpený: Zapísaný v OR SR: INMEDIA, spol. s.r.o. Námestie SNP 11, 960 01 Zvolen UniCredit Bank Czech Republic and Slovakia, a.s. 36019208 2020066829 Ing. Miloš Kriho, Mgr. Lucia Krihová, konatelia spoločnosti Banská Bystric",/Users/kazimir/Desktop/BP/zmluvy_cleaned_checked_strict_valid/11818102.txt
11818110,spolupraca,spoluprac,True,ZMLUVA O SPOLUPRÁCI,UPJS - 909/2025,"ZMLUVA O SPOLUPRÁCI uzatvorená podľa § 269 ods. 2 zák. č. 513/1991 Z. z. Obchodný zákonník v znení neskorších predpisov (ďalej len „Obchodný zákonník“) 1. Univerzita Pavla Jozefa Šafárika v Košiciach Článok 1 Zmluvné strany Sídlo: Štatutárny orgán: Zastúpenie: IČO: Kontaktná osoba: Email: (ďalej aj „UPJŠ“) Šrobárova 2, 041 80 Košice prof. MUDr. Daniel Pella, PhD., rektor doc. RNDr. Dušan Šveda, CSc., riaditeľ Centra celoživotného vzdelávania a podpory projektov (CCVaPP) UPJŠ, na základe plnej moci rektora UPJŠ zo dňa 06.11.2023 00 397 768 doc. RNDr. JUDr. Pavol Sokol, PhD. et PhD. 2. Stredná odborná škola dopravná, Volgogradská 3, Prešov Sídlo: Štatutárny orgán: IČO: Kontaktná osoba E-mail: (ďalej aj „Škola“)............... UPJŠ a Škola označovaní ďalej spoločne aj ako „Zmluvné strany“ alebo samostatne ako „Zmluvná strana“ uzatvárajú túto zmluvu o spolupráci (ďalej len „Zmluva“), za nasledovných podmienok: Článok 2 Predmet a účel Zmluvy 1. Predmetom tejto Zmluvy je realizácia vzájomne výhodnej spolupráce Zmluvných strán v oblastiach ich spoločného záujmu, ktorej cieľom je výmena poznatkov pri vykonávaní aktivít definovaných v ods. 2 toht",/Users/kazimir/Desktop/BP/zmluvy_cleaned_checked_strict_valid/11818110.txt
11818120,ukoncenie,ukoncen,True,Dohoda o ukončení NZ č. 2023002455,2026000003,"Dohoda o zrušení Nájomnej zmluvy č. 2023002455 uzatvorenej podľa § 663 a násl. Občianskeho zákonníka I. ZMLUVNÉ STRANY Prenajímateľ: Mesto Košice zastúpené: Sídlo: Bankové spojenie: IBAN: IČO: DIČ: IČ DPH: Ing. Jaroslav Polaček, DPA primátor Trieda SNP 48/A, 040 11 Košice Prima banka Slovensko a.s. SK03 5600 0000 0004 4248 6001 00691135 2021186904 SK2021186904 ( ďalej len prenajímateľ) Nájomca: S 26 spol. s r.o. zastúpená: Ing. Miloslav Torda – konateľ Sídlo: Bankové spojenie: pobočka zahraničnej banky Slovenská 26, 040 01 Košice Československá obchodná banka, a.s. IBAN: IČO: DIČ: IČDPH: Spoločnosť zapísaná v obchodnom registri Mestského súdu Košice, Oddiel: Sro, SK83 7500 0000 0040 0587 5840 43 828 337 2022501657 SK2022501657 vložka č.: 20735/V. (ďalej len nájomca) Zmluvné strany sa dohodli na zrušení Nájomnej zmluvy č. 2023002455 zo dňa 26.10.2023 ku dňu 09.02.2025. Dôvodom ukončenia je skutočnosť, že nájomca v priebehu trvania nájmu dotknutého pozemku previedol vlastnícke právo k okolitým pozemkom inej právnickej osobe. Dlžnú alikvotnú časť nájomného za rok 2025 vo výške 634,07.-Eur (slovom šesťstotridsaťštyri",/Users/kazimir/Desktop/BP/zmluvy_cleaned_checked_strict_valid/11818120.txt
11818128,najom,,False,Dohoda o poskytnutí ubytovania,2.mb-19/2026,"DOHODA O POSKYTNUTÍ UBYTOVANIA č.: 2.mb-19/2026 medzi Ministerstvom obrany Slovenskej republiky zastúpeným: brig. gen. Ing. Jozef KASL, Veliteľstvo 2. mechanizovanej brigády, Námestie legionárov 4, 080 01 Prešov IČO: 30845572 číslo účtu: SK11 8180 0000 0070 0017 2402 variabilný symbol – CE OBJEKTU: 1014038 správa pre prijímateľa (meno a priezvisko ubytovaného): (ďalej len „poskytovateľ“) a ubytovaným: vojenská hodnosť, titul, meno a priezvisko: xxx Patrik JURIŠKA xxx číslo dohody1) xxx účel ubytovania2) xxx číslo občianskeho preukazu: xxx trvalý pobyt: xxx vojenský útvar, zariadenie: xxx (ďalej len „ubytovaný“) (ďalej len „strany dohody“) Čl. 1 Predmet dohody Poskytovateľ sa zaväzuje na základe žiadosti poskytnúť ubytovanému ubytovanie v ubytovni poskytovateľa CE 1014038. Ubytovaný sa zaväzuje zaplatiť poskytovateľovi cenu za ubytovanie určenú podľa čl. 4 ods. 3 dohody spôsobom uvedeným v čl. 4 ods. 1 dohody. Čl. 2 Záväzky strán dohody 1) Poskytovateľ sa zaväzuje oboznámiť ubytovaného s vnútorným poriadkom ubytovne. 2) Ubytovaný sa zaväzuje dodržiavať vnútorný poriadok ubytovne. 3) Ubytovaný sa zaväzuje predložiť poskytovateľovi potvrd",/Users/kazimir/Desktop/BP/zmluvy_cleaned_checked_strict_valid/11818128.txt
11818129,dotacia,dotacia|dotacie|dotac,True,Zmluva o poskytnutí dotácie,2025/1768,"ZMLUVA O POSKYTNUTÍ DOTÁCIE č. 2025/1768 podľa § 3 ods. 1 písm. a) Výnosu Ministerstva financií Slovenskej republiky z 9. decembra 2005 č. 26825/2005 - 441 o poskytovaní dotácií v pôsobnosti Ministerstva financií Slovenskej republiky v znení neskorších predpisov (ďalej len „výnos“) uzatvorená v súlade s § 51 zákona č. 40/1964 Zb. Občiansky zákonník v znení neskorších predpisov (ďalej len „Občiansky zákonník“), zákonom č. 523/2004 Z. z. o rozpočtových pravidlách verejnej správy a o zmene a doplnení niektorých zákonov v znení neskorších predpisov (ďalej len „zákon o rozpočtových pravidlách verejnej správy“) a zákonom č. 357/2015 Z. z. o finančnej kontrole a audite a o zmene a doplnení niektorých zákonov (ďalej len „zákon o finančnej kontrole a audite“) medzi zmluvnými stranami: (ďalej ako „zmluva“) Ministerstvo financií Slovenskej republiky Poskytovateľ: Sídlo: Štefanovičova 5, 817 82 Bratislava – mestská časť Staré Mesto Ladislav Kamenický, minister V mene ktorého koná: 00151742 IČO: Štátna pokladnica Bankové spojenie: SK71 8180 0000 0070 0011 5547 Číslo účtu v tvare IBAN: (ďalej ako „poskytovateľ“ alebo „ministerstvo“) a Príjemca: Sídlo: V mene kto",/Users/kazimir/Desktop/BP/zmluvy_cleaned_checked_strict_valid/11818129.txt
11818133,hrobove_miesto,hrobove miesto|hroboveho miesta|hrobov,True,Zmluva na hrobové miesto,01_zmluva_2026,"ZMLUVA O NÁJME hrobového miesta č. 22/2025 uzatvorená na hrobové miesto v zmysle občianskeho zákonníka § 663-684 a zákona č. 131/2010 Z.z. o pohrebníctve v znení neskorších predpisov a VZN obce č. 2/2020, zo dňa 1.7.2020 ––––––––––––––––––––––––––––––––––––––––––––––––––––––––––––––– I. Zmluvné strany Prenajímateľ: Obec Beňuš, 976 64 Beňuš IČO: 313289 DIČ: 2021223039 Bankové spojenie: 2004519001/5600 Štatutárny orgán: Katarína Srnková Nájomca: Peter Nemčok Beňuš II. Predmet zmluvy Prenajímateľ prenecháva do nájmu hrobové miesto v zmysle zákona č. 131/2010 Z.z. o pohrebníctve na uloženie ľudských pozostatkov, alebo ľudských ostatkov, ktoré musia byť v hrobovom mieste uložené najmenej 10 rokov. Hrobové miesto: 196, 303 Typ hrobového miesta: dvojhroby III. Účel a podmienky dočasného užívania 1. S cieľom zabezpečenia práva trvalého odpočinku mŕtveho, nájomca je oprávnený užívať miesto na pochovanie mŕtveho uložením do zeme. 2. Nájomca počas nájomného vzťahu je povinný: a) dodržiavať ustanovenia prevádzkového poriadku, b) užívať hrobové miesto podľa nájomnej zmluvy c) udržiavať a starať sa o úpravu prenajatého miesta v stave zodpovedajúco",/Users/kazimir/Desktop/BP/zmluvy_cleaned_checked_strict_valid/11818133.txt
11818144,najom,,False,Dohoda o poskytnutí ubytovania,2.mb-19/2026-1,"DOHODA O POSKYTNUTÍ UBYTOVANIA č.: 2.mb-19/2026-1 medzi Ministerstvom obrany Slovenskej republiky zastúpeným: brig. gen. Ing. Jozef KASL, Veliteľstvo 2. mechanizovanej brigády, Námestie legionárov 4, 080 01 Prešov IČO: 30845572 číslo účtu: SK11 8180 0000 0070 0017 2402 variabilný symbol – CE OBJEKTU: 1014038 správa pre prijímateľa (meno a priezvisko ubytovaného): (ďalej len „poskytovateľ“) a ubytovaným: vojenská hodnosť, titul, meno a priezvisko: xxx Vladimír VRBA xxx číslo dohody1) xxx účel ubytovania2) xxx číslo občianskeho preukazu: xxx trvalý pobyt: xxx vojenský útvar, zariadenie: xxx (ďalej len „ubytovaný“) (ďalej len „strany dohody“) Čl. 1 Predmet dohody Poskytovateľ sa zaväzuje na základe žiadosti poskytnúť ubytovanému ubytovanie v ubytovni poskytovateľa CE 1014038. Ubytovaný sa zaväzuje zaplatiť poskytovateľovi cenu za ubytovanie určenú podľa čl. 4 ods. 3 dohody spôsobom uvedeným v čl. 4 ods. 1 dohody. Čl. 2 Záväzky strán dohody 1) Poskytovateľ sa zaväzuje oboznámiť ubytovaného s vnútorným poriadkom ubytovne. 2) Ubytovaný sa zaväzuje dodržiavať vnútorný poriadok ubytovne. 3) Ubytovaný sa zaväzuje predložiť poskytovateľovi potvr",/Users/kazimir/Desktop/BP/zmluvy_cleaned_checked_strict_valid/11818144.txt
11818150,najom,,False,Dohoda o poskytnutí ubytovania,2.mb-19/2026-2,"DOHODA O POSKYTNUTÍ UBYTOVANIA č.: 2.mb-19/2026-2 medzi Ministerstvom obrany Slovenskej republiky zastúpeným: brig. gen. Ing. Jozef KASL, Veliteľstvo 2. mechanizovanej brigády, Námestie legionárov 4, 080 01 Prešov IČO: 30845572 číslo účtu: SK11 8180 0000 0070 0017 2402 variabilný symbol – CE OBJEKTU: 1014038 správa pre prijímateľa (meno a priezvisko ubytovaného): (ďalej len „poskytovateľ“) a ubytovaným: vojenská hodnosť, titul, meno a priezvisko: xxx Lenka VRBOVÁ xxx číslo dohody1) xxx účel ubytovania2) xxx číslo občianskeho preukazu: xxx trvalý pobyt: xxx vojenský útvar, zariadenie: xxx (ďalej len „ubytovaný“) (ďalej len „strany dohody“) Čl. 1 Predmet dohody Poskytovateľ sa zaväzuje na základe žiadosti poskytnúť ubytovanému ubytovanie v ubytovni poskytovateľa CE 1014038. Ubytovaný sa zaväzuje zaplatiť poskytovateľovi cenu za ubytovanie určenú podľa čl. 4 ods. 3 dohody spôsobom uvedeným v čl. 4 ods. 1 dohody. Čl. 2 Záväzky strán dohody 1) Poskytovateľ sa zaväzuje oboznámiť ubytovaného s vnútorným poriadkom ubytovne. 2) Ubytovaný sa zaväzuje dodržiavať vnútorný poriadok ubytovne. 3) Ubytovaný sa zaväzuje predložiť poskytovateľovi potvrd",/Users/kazimir/Desktop/BP/zmluvy_cleaned_checked_strict_valid/11818150.txt
11818157,dodatok,dodatok|dodatku,True,Dodatok č. 1 k Zmluve o zabezpečení odstraňovania vozidla a umiestňovania vozidiel na určené parkovisko - č. ISS: 669/2023,566/2025,"Dodatok č. 1 k ZMLUVE O ZABEZPEČENÍ ODSTRAŇOVANIA VOZIDLA A UMIESTŇOVANIA VOZIDIEL NA URČENÉ PARKOVISKO č. z. ISS 669/2023 uzatvorená podľa §269 ods. 2 zákona č. 513/1991 Zb. Obchodný zákonník v znení neskorších predpisov ( ďalej len,,Zmluva“) __________________________________________________________________________________ Čl. I. ZMLUVNÉ STRANY 1. Objednávateľ: Mesto Hlohovec M.R. Štefánika 1, 920 01 Hlohovec Mgr. Ivan Baranovič, MPH 00 312 509 2021279436 Sídlo: Zastúpený: IČO: DIČ: Bankové spojenie: UniCredit Bank Czech Republic and Slovakia, a.s. IBAN: Kontaktná osoba: Mgr. Bc. Lucia Halásová Telefón: E-mail: (ďalej len ako,,Objednávateľ“ alebo,,Prevádzkovateľ“) +421 947 479 228 lucia.halasova@hlohovec.sk SK97 1111 0000 0013 1573 1005 A 2. Poskytovateľ: AUTOVRAKOVISKO, s.r.o. Priemyselná 2721/11, 900 27 Bernolákovo Mgr. Erika Vargová, konateľ 35 686 375 SK2020905909 Sídlo: Zastúpený: IČO: IČ DPH: Bankové spojenie: Prima banka Slovensko, a.s. IBAN: SWIFT: Kontaktná osoba: Stanislava Šestáková Telefón: E-mail: (ďalej aj ako,,Poskytovateľ“ alebo,,Sprostredkovateľ“) (objednávateľ a poskytovateľ ďalej spoločne aj ako,,zmluvné",/Users/kazimir/Desktop/BP/zmluvy_cleaned_checked_strict_valid/11818157.txt
11818158,dodatok,dodatok|dodatku,True,Zmluva o prenájme hrobového miesta,B/316/2017 / 1,"DODATOK K ZMLUVE O NÁJME HROBOVÉHO MIESTA Dodatok č.1 ku zmluve č. B/316/2017 Nájomca: Jaroslava Jenčová Bydlisko: Malý Šariš 273, 08001 Malý Šariš Prenajímateľ: Obec Malý Šariš Sídlo: Malý Šariš 104, 08001 Malý Šariš V zastúpení: Mgr. Stanislav Mathia, starosta obce IČO: 00327441 DIČ: 2020543239 Bankové spojenie: SK56 0200 0000 00001892 2572 uzatvárajú tento dodatok k zmluve o nájme hrobového miesta. Článok I. Predmet a účel nájmu 1. Prenajímateľ prenecháva a nájomca prijíma do nájmu, za podmienok uvedených v pôvodnej zmluve o nájme hrobového miesta B / 100 / hrob (zosnulí: Jozef Racek, Helena Raceková) na cintoríne Cintorín Malý Šariš určené na vybudovanie hrobu, hrobky alebo uloženie urny za účelom uloženia ľudských pozostatkov alebo ostatkov. 1. Ak poplatok za horeuvedené miesto nie je zaplatený, uhradí nájomca na základe tohto dodatku nájomné a cenu za služby spojené s nájmom hrobového miesta na obdobie 10 rokov, s platnosťou od 31.12.2025 do 30.12.2035. Článok II. Doba nájmu Článok III. Nájomné 1. Výška nájomného a cena za služby spojené s nájmom hrobového miesta sa riadi cenníkom prenajímateľa platným ku dňu uzatvorenia tohto dodatku. V prípade, že nie je uhra",/Users/kazimir/Desktop/BP/zmluvy_cleaned_checked_strict_valid/11818158.txt
11818164,spolupraca,spoluprac,True,ZMLUVA O SPOLUPRÁCI,UPJS - 910/2025,"ZMLUVA O SPOLUPRÁCI uzatvorená podľa § 269 ods. 2 zák. č. 513/1991 Z. z. Obchodný zákonník v znení neskorších predpisov (ďalej len „Obchodný zákonník“) 1. Univerzita Pavla Jozefa Šafárika v Košiciach Článok 1 Zmluvné strany Sídlo: Štatutárny orgán: Zastúpenie: IČO: Kontaktná osoba: Email: (ďalej aj „UPJŠ“) Šrobárova 2, 041 80 Košice prof. MUDr. Daniel Pella, PhD., rektor doc. RNDr. Dušan Šveda, CSc., riaditeľ Centra celoživotného vzdelávania a podpory projektov (CCVaPP) UPJŠ, na základe plnej moci rektora UPJŠ zo dňa 06.11.2023 00 397 768 doc. RNDr. JUDr. Pavol Sokol, PhD. et PhD. 2. Stredná odborná škola gastronómie a služieb, Sídlisko duklianskych hrdinov 3, Prešov Sídlo: Štatutárny orgán: IČO: Kontaktná osoba E-mail: (ďalej aj „Škola“)............... UPJŠ a Škola označovaní ďalej spoločne aj ako „Zmluvné strany“ alebo samostatne ako „Zmluvná strana“ uzatvárajú túto zmluvu o spolupráci (ďalej len „Zmluva“), za nasledovných podmienok: Článok 2 Predmet a účel Zmluvy 1. Predmetom tejto Zmluvy je realizácia vzájomne výhodnej spolupráce Zmluvných strán v oblastiach ich spoločného záujmu, ktorej cieľom je výmena poznatkov pri vykonávaní akt",/Users/kazimir/Desktop/BP/zmluvy_cleaned_checked_strict_valid/11818164.txt
11818165,najom,,False,Dohoda o poskytnutí ubytovania,2.mb-19/2026-3,"DOHODA O POSKYTNUTÍ UBYTOVANIA č.: 2.mb-19/2026-3 medzi Ministerstvom obrany Slovenskej republiky zastúpeným: brig. gen. Ing. Jozef KASL, Veliteľstvo 2. mechanizovanej brigády, Námestie legionárov 4, 080 01 Prešov IČO: 30845572 číslo účtu: SK11 8180 0000 0070 0017 2402 variabilný symbol – CE OBJEKTU: 1014038 správa pre prijímateľa (meno a priezvisko ubytovaného): (ďalej len „poskytovateľ“) a ubytovaným: vojenská hodnosť, titul, meno a priezvisko: xxx Sára VRBOVÁ xxx číslo dohody1) xxx účel ubytovania2) xxx číslo občianskeho preukazu: xxx trvalý pobyt: xxx vojenský útvar, zariadenie: xxx (ďalej len „ubytovaný“) (ďalej len „strany dohody“) Čl. 1 Predmet dohody Poskytovateľ sa zaväzuje na základe žiadosti poskytnúť ubytovanému ubytovanie v ubytovni poskytovateľa CE 1014038. Ubytovaný sa zaväzuje zaplatiť poskytovateľovi cenu za ubytovanie určenú podľa čl. 4 ods. 3 dohody spôsobom uvedeným v čl. 4 ods. 1 dohody. Čl. 2 Záväzky strán dohody 1) Poskytovateľ sa zaväzuje oboznámiť ubytovaného s vnútorným poriadkom ubytovne. 2) Ubytovaný sa zaväzuje dodržiavať vnútorný poriadok ubytovne. 3) Ubytovaný sa zaväzuje predložiť poskytovateľovi potvrde",/Users/kazimir/Desktop/BP/zmluvy_cleaned_checked_strict_valid/11818165.txt
11818177,najom,,False,Dohoda o poskytnutí ubytovania,2.mb-19/2026-4,"DOHODA O POSKYTNUTÍ UBYTOVANIA č.: 2.mb-19/2026-4 medzi Ministerstvom obrany Slovenskej republiky zastúpeným: brig. gen. Ing. Jozef KASL, Veliteľstvo 2. mechanizovanej brigády, Námestie legionárov 4, 080 01 Prešov IČO: 30845572 číslo účtu: SK11 8180 0000 0070 0017 2402 variabilný symbol – CE OBJEKTU: 1014038 správa pre prijímateľa (meno a priezvisko ubytovaného): (ďalej len „poskytovateľ“) a ubytovaným: vojenská hodnosť, titul, meno a priezvisko: xxx Loriana VRBOVÁ xxx číslo dohody1) xxx účel ubytovania2) xxx číslo občianskeho preukazu: xxx trvalý pobyt: xxx vojenský útvar, zariadenie: xxx (ďalej len „ubytovaný“) (ďalej len „strany dohody“) Čl. 1 Predmet dohody Poskytovateľ sa zaväzuje na základe žiadosti poskytnúť ubytovanému ubytovanie v ubytovni poskytovateľa CE 1014038. Ubytovaný sa zaväzuje zaplatiť poskytovateľovi cenu za ubytovanie určenú podľa čl. 4 ods. 3 dohody spôsobom uvedeným v čl. 4 ods. 1 dohody. Čl. 2 Záväzky strán dohody 1) Poskytovateľ sa zaväzuje oboznámiť ubytovaného s vnútorným poriadkom ubytovne. 2) Ubytovaný sa zaväzuje dodržiavať vnútorný poriadok ubytovne. 3) Ubytovaný sa zaväzuje predložiť poskytovateľovi potv",/Users/kazimir/Desktop/BP/zmluvy_cleaned_checked_strict_valid/11818177.txt
11818185,najom,,False,Dohoda o poskytnutí ubytovania,2.mb-19/2026-5,"DOHODA O POSKYTNUTÍ UBYTOVANIA č.: 2.mb-19/2026-5 medzi Ministerstvom obrany Slovenskej republiky zastúpeným: brig. gen. Ing. Jozef KASL, Veliteľstvo 2. mechanizovanej brigády, Námestie legionárov 4, 080 01 Prešov IČO: 30845572 číslo účtu: SK11 8180 0000 0070 0017 2402 variabilný symbol – CE OBJEKTU: 1014038 správa pre prijímateľa (meno a priezvisko ubytovaného): (ďalej len „poskytovateľ“) a ubytovaným: vojenská hodnosť, titul, meno a priezvisko: xxx Vladimír DROZD xxx číslo dohody1) xxx účel ubytovania2) xxx číslo občianskeho preukazu: xxx trvalý pobyt: xxx vojenský útvar, zariadenie: xxx (ďalej len „ubytovaný“) (ďalej len „strany dohody“) Čl. 1 Predmet dohody Poskytovateľ sa zaväzuje na základe žiadosti poskytnúť ubytovanému ubytovanie v ubytovni poskytovateľa CE 1014038. Ubytovaný sa zaväzuje zaplatiť poskytovateľovi cenu za ubytovanie určenú podľa čl. 4 ods. 3 dohody spôsobom uvedeným v čl. 4 ods. 1 dohody. Čl. 2 Záväzky strán dohody 1) Poskytovateľ sa zaväzuje oboznámiť ubytovaného s vnútorným poriadkom ubytovne. 2) Ubytovaný sa zaväzuje dodržiavať vnútorný poriadok ubytovne. 3) Ubytovaný sa zaväzuje predložiť poskytovateľovi potv",/Users/kazimir/Desktop/BP/zmluvy_cleaned_checked_strict_valid/11818185.txt
11818195,najom,,False,Dohoda o poskytnutí ubytovania,2.mb-19/2026-6,"DOHODA O POSKYTNUTÍ UBYTOVANIA č.: 2.mb-19/2026-6 medzi Ministerstvom obrany Slovenskej republiky zastúpeným: brig. gen. Ing. Jozef KASL, Veliteľstvo 2. mechanizovanej brigády, Námestie legionárov 4, 080 01 Prešov IČO: 30845572 číslo účtu: SK11 8180 0000 0070 0017 2402 variabilný symbol – CE OBJEKTU: 1014038 správa pre prijímateľa (meno a priezvisko ubytovaného): (ďalej len „poskytovateľ“) a ubytovaným: vojenská hodnosť, titul, meno a priezvisko: xxx Dominik HUDÁK xxx číslo dohody1) xxx účel ubytovania2) xxx číslo občianskeho preukazu: xxx trvalý pobyt: xxx vojenský útvar, zariadenie: xxx (ďalej len „ubytovaný“) (ďalej len „strany dohody“) Čl. 1 Predmet dohody Poskytovateľ sa zaväzuje na základe žiadosti poskytnúť ubytovanému ubytovanie v ubytovni poskytovateľa CE 1014038. Ubytovaný sa zaväzuje zaplatiť poskytovateľovi cenu za ubytovanie určenú podľa čl. 4 ods. 3 dohody spôsobom uvedeným v čl. 4 ods. 1 dohody. Čl. 2 Záväzky strán dohody 1) Poskytovateľ sa zaväzuje oboznámiť ubytovaného s vnútorným poriadkom ubytovne. 2) Ubytovaný sa zaväzuje dodržiavať vnútorný poriadok ubytovne. 3) Ubytovaný sa zaväzuje predložiť poskytovateľovi potvr",/Users/kazimir/Desktop/BP/zmluvy_cleaned_checked_strict_valid/11818195.txt
11818203,hrobove_miesto,hrobove miesto|hroboveho miesta|hrobov,True,Zmluva o nájme hrobového miesta,8472/2025,"Zmluva o nájme hrobového miesta č.: 8472/2025 variabilný symbol: 1508009126 uzavretá podľa § 21 a nasl. zákona č. 131/2010 Z. z. o pohrebníctve medzi: Prevádzkovateľ pohrebiska: Technické služby mesta Prievidza s.r.o. Mariánska 17, 971 01 Prievidza So sídlom: Zastúpený konateľom spoločnosti:Ing. Marián Bielický IČO: IČ DPH: Bankové spojenie: Číslo účtu: Registrácia: 31 579 183 SK2020467350 VÚB a.s., pobočka Prievidza OR OS Trenčín, Oddiel: Sro, Vložka č.: 2223/R a Nájomcom: Meno a priezvisko: Bc. Ivan Bahýl Narodený: ___________________________________________ Trvalé bydlisko: _______________________________________ _____________________________________________________________________ Číslo OP: ________________________ Telefón: __________________________ E-mail: ___________________________ I. Úvodné ustanovenie 1.1. Prevádzkovateľ pohrebiska je správcom pohrebísk (cintorínov) na území mesta Prievidza, ktorú činnosť vykonáva na základe Komisionárskej zmluvy uzatvorenej s mestom Prievidza a na základe Úplného znenia zmluvy o nájme hnuteľného a nehnuteľného majetku č. 22/20 uzatvoreného s mestom Prievidza. II. Predmet zmluvy 2.1. Pred",/Users/kazimir/Desktop/BP/zmluvy_cleaned_checked_strict_valid/11818203.txt
11818207,hrobove_miesto,hrobove miesto|hroboveho miesta|hrobov,True,Zmluva o prenájme hrobového miesta,A/245/2026,"NÁJOMNÁ ZMLUVA HROBOVÉHO MIESTA č.: A/245/2026 Zmluvné strany Prenajímateľ: Technické služby mesta Svit, Ul. Hviezdoslavova 32, 059 21 Svit, Pohrebné a cintorínske služby, Nábrežie Jána Pavla II. 936/1, 059 21 Svit IČO: 00 186 864 DIČ: 2021212545 IČ DPH: SK 2021212545 Zastúpené: Ing. Igor Hus – riaditeľ TS za veci organizačné: Bc. Richard Holzbár – vedúci PaCs tel.: 0908 026 566 (ďalej len „prenajímateľ“) Nájomca: Ľudmila Budiseličová trvale bytom: Kpt. Nálepku 97, 059 21 Svit dátum narodenia: tel.: ********* (ďalej len „nájomca“) uzatvárajú podľa § 21 zákona č. 131/2010 Z.z. o pohrebníctve (ďalej len „zákon o pohrebníctve“) a podľa ustanovenia § 663 a nasl. Občianskeho zákonníka túto zmluvu o nájme hrobového miesta. Článok I. Predmet a účel nájmu 1. Prenajímateľ prenecháva a nájomca prenajíma do nájmu, za podmienok uvedených v tejto zmluve: hrobové miesto č: 245 sekcia: A urna na pohrebisku Svit určené na vybudovanie hrobu, hrobky alebo uloženie urny za účelom uloženia ľudských pozostatkov alebo ostatkov. 2. Prenajímateľ nie je oprávnený dať hrobové miesto do podnájmu tretej osobe. Takýto podnájom by bol neplatný. Článok II. Doba nájmu 1. Nájomná zmluva sa uzatvára na",/Users/kazimir/Desktop/BP/zmluvy_cleaned_checked_strict_valid/11818207.txt
11818215,hrobove_miesto,hrobove miesto|hroboveho miesta|hrobov,True,Zmluva o nájme hrobového miesta,8473/2025,"Zmluva o nájme hrobového miesta č.: 8473/2025 variabilný symbol: 1601001293 uzavretá podľa § 21 a nasl. zákona č. 131/2010 Z. z. o pohrebníctve medzi: Prevádzkovateľ pohrebiska: Technické služby mesta Prievidza s.r.o. Mariánska 17, 971 01 Prievidza So sídlom: Zastúpený konateľom spoločnosti:Ing. Marián Bielický IČO: IČ DPH: Bankové spojenie: Číslo účtu: Registrácia: 31 579 183 SK2020467350 VÚB a.s., pobočka Prievidza OR OS Trenčín, Oddiel: Sro, Vložka č.: 2223/R a Nájomcom: Meno a priezvisko: Mgr. Mária Poliaková Narodený: ___________________________________________ Trvalé bydlisko: _______________________________________ _____________________________________________________________________ Číslo OP: ________________________ Telefón: __________________________ E-mail: ___________________________ I. Úvodné ustanovenie 1.1. Prevádzkovateľ pohrebiska je správcom pohrebísk (cintorínov) na území mesta Prievidza, ktorú činnosť vykonáva na základe Komisionárskej zmluvy uzatvorenej s mestom Prievidza a na základe Úplného znenia zmluvy o nájme hnuteľného a nehnuteľného majetku č. 22/20 uzatvoreného s mestom Prievidza. II. Predmet zmluvy 2.1",/Users/kazimir/Desktop/BP/zmluvy_cleaned_checked_strict_valid/11818215.txt
11818227,dodatok,dodatok|dodatku,True,Dodatok č.3 k zmluva č. 9500000145 o združenej dodávke elektriny,2/2026,"Dodatok č. 3 k zmluve č. 9500000145 o združenej dodávke elektriny Dodatok č. 3 k zmluve č. 9500000145 o združenej dodávke elektriny Zmluvné strany: Obchodné meno: V-Elektra Slovakia, a.s. Sídlo: Webové sídlo: Zastúpená: IČO: DIČ: IČ DPH: Registrácia: Licencia: Moyzesova 17, 036 01 Martin www.v-elektra.sk Ing. Igor Zumrik, predseda predstavenstva Ing. Ladislav Bekéni, podpredseda predstavenstva 36421693 2021864900 SK2021864900 Spoločnosť zapísaná v OR Okresného súdu Žilina, v odd. Sa, vo vložke č. 10862/L Povolenie č. 2006E 0208 Bankové spojenie: Tatra banka, a.s. Číslo účtu: 2926876953/1100 (IBAN: SK7011000000002926876953, SWIFT: TATRSKBX ) Identifikačné údaje pracovníka dojednávajúceho túto zmluvu:................................................ Meno a priezvisko:................................................ ČOP: na strane jednej, ďalej len ako „dodávateľ“ a Obchodné meno: Obec Miezgovce Sídlo: Zastúpená: IČO: DIČ: IČ DPH: Registrácia: Miezgovce 64, 957 01 Bánovce nad Bebravou Juraj Trgyňa, starosta 00310760 2021053463 Bankové spojenie: Prima banka Slovensko, a.s. Číslo účtu: SK485600 0000 0",/Users/kazimir/Desktop/BP/zmluvy_cleaned_checked_strict_valid/11818227.txt
11818231,other,,True,Zmluva o zriadení vecného bremena,986/2025/KRÚ,"Zmluva o zriadení vecného bremena číslo ŽSK: 986/2025/KRÚ uzatvorená podľa § 151n a nasl. zákona č. 40/1964 Zb. Občiansky zákonník v znení neskorších predpisov Článok I. Zmluvné strany 1. Povinný z vecného bremena Názov: Sídlo: Štatutárny orgán: IČO: DIČ: IČ DPH: Bankové spojenie: Číslo účtu/IBAN: Žilinský samosprávny kraj Komenského 48, 011 09 Žilina Ing. Erika Jurinová, predsedníčka ŽSK 37 808 427 202 162 66 95 nie je platcom DPH Štátna pokladnica IBAN SK48 8180 0000 0070 0050 3670 (ďalej ako „ŽSK“ alebo „povinný z vecného bremena“) a 2. Oprávnení z vecného bremena v rade 1: Meno a priezvisko: Bytom: Dátum nar.: Rod. číslo: Štátne občianstvo: a manželka Meno a priezvisko: Bytom: Dátum nar.: Rod. číslo: Štátne občianstvo: v rade 2: Meno a priezvisko: Bytom: Dátum nar.: Juraj Grusman, rod. Grusman Dolné Jaseno 256, 038 02 Turčianske Jaseno SR Michala Grusmanová, rod. Balátová Dolné Jaseno 256, 038 02 Turčianske Jaseno SR JUDr. Soňa Pullmann, rod. Ducháčková Dolné Jaseno 257, 038 02 Turčianske Jaseno Rod. číslo: Štátne občianstvo: SR (ďalej ako „oprávnení z vecného bremena“) (ďalej spolu aj ako „zmluvné stran",/Users/kazimir/Desktop/BP/zmluvy_cleaned_checked_strict_valid/11818231.txt
11818233,sluzby,sluzb|sluzieb|servis,True,Servisná zmluva č. 2025/153,81/2025,"SERVISNÁ ZMLUVA č. 2025/153 uzatvorená podľa § 269 ods. 2 zákona č. 513/1991 Z. z. Obchodný zákonník v platnom znení na servis výpočtovej, kancelárskej a telekomunikačnej techniky (ďalej len „zmluva“) Zmluvné strany Poskytovateľ: Názov: Štatutárny orgán: Sídlo: IČO: DIČ: Zapísaný v: Bankové spojenie: Číslo účtu: Tel: e-mail: EVISION SERVIS, spol. s r. o. Meško Martin, konateľ Vyšovec 20, 976 11 Selce Slovenská republika Vajnorská 137, Bratislava 831 04 Slovenská republika 46634029 2023530014 OR SR Bratislava I, Oddiel: Sro, Vložka číslo: 81514/B 2929877556/1100, Tatra banka, a.s. SWIFT TATRSKBX +421 905 368 821 martin.mesko@evision.sk (ďalej len „poskytovateľ“) a Objednávateľ: Názov: Štatutárny orgán: Sídlo: IČO: DIČ: Registrácia: UMELECKÝ SÚBOR LÚČNICA Ing. Mgr. art. Pavol Pilař, generálny riaditeľ Kollárovo nám. 10, 811 07 Bratislava 00164828 2020829976 Zriadený Ministerstvom kultúry SR na základe zriaďovacej listiny Bankové spojenie: Číslo účtu: Tel: e-mail: č. MK–1510/2000–1 z 20. 9. 2000 a v zmysle neskorších rozhodnutí MK SR o doplnení zriaďovacej listiny Štátna pokladnica SWIFT SPSRSKBA +421 2 204 86 10",/Users/kazimir/Desktop/BP/zmluvy_cleaned_checked_strict_valid/11818233.txt
11818235,splatky_dlh,splat|dlh,True,Dohoda o splátkach k zmluve č. 2011014 o nájme nebytových priestorov - nebytové priestory v objekte podchodu pre peších na Ul. Kohútova 1/65 v Martine,1/2026,"Dohoda o splátkach uzatvorená v zmysle § 51 zákona č. 40/1964 Zb. Občianskeho zákonníka v znení neskorších predpisov Veriteľ: MESTO MARTIN so sídlom: Nám. S. H. Vajanského č. 1, 036 49 Martin zastúpené: Ján Danko, primátor mesta Martin bankové spojenie: ČSOB, a. s. pobočka Martin číslo účtu: SK26 7500 0000 0040 0249 2342 IČO: 00316792 (ďalej aj ako „veriteľ“) a Dlžník: Michal Šujanský miesto podnikania: 036 01 Martin, Ul. J. Mazúra 4453/6 IČO: 41 525 361, č. ŽR: 550-15624 (ďalej aj ako „dlžník“) (ďalej veriteľ a dlžník spolu aj ako „zmluvné strany“) Článok I. Úvodné ustanovenia 1. Dlžník užíval na základe Zmluvy o nájme nebytových priestorov č. 2011 014 uzatvorenej dňa 03.02.2011 nachádzajúce sa v objekte podchodu pre peších na Ul. Kohútova 1/65, k.ú. Martin o celkovej výmere 63,65 m2. Táto zmluva bola ukončená dňom 31.12.2025, a to dohodou o ukončení uzatvorenou dňa 23.12.2025. 2. V súlade s článkom V. zmluvy o nájme nebytových priestorov uvedenej v ods. 1 tohto článku tejto dohody veriteľ vystavil faktúry na úhradu nájomného: a) faktúra č. 20252035, fakturovaná suma 600,30 EUR, dátum splatnosti 25.09.2025, neuhradená suma 600,30 EUR b) f",/Users/kazimir/Desktop/BP/zmluvy_cleaned_checked_strict_valid/11818235.txt
11818236,ukoncenie,ukoncen,True,Dohoda o ukončení nájomnej zmluvy č. 2020000352,2026000005,"DOHODA O UKONČENÍ NÁJOMNEJ ZMLUVY č. 2020000352 uzatvorená podľa ust. § 677 ods. 1 zákona č. 40/1964 Zb. Občiansky zákonník v znení neskorších predpisov ────────────────────────────────────────────────────────────── PRENAJÍMATEĽ: Mesto Košice Štatutárny orgán: Ing. Jaroslav Polaček, DPA - primátor Sídlo: Tr. SNP 48/A, 040 11 Košice Bankové spojenie: Prima banka Slovensko a.s. IBAN: SK03 5600 0000 0004 4248 6001 IČO: 00 691 135 DIČ: 2021186904 IČ DPH: SK 2021186904 (ďalej len prenajímateľ) a NÁJOMCA: MUDr. Jana Kardosová (ďalej len nájomca) Článok I 1.1 Zmluvné strany uzatvorili dňa 07.02.2020 Nájomnú zmluvu, na základe ktorej prenajímateľ prenajal nájomcovi predmet nájmu – časť pozemku registra C KN parcela č. 4697/229 – ostatná plocha o výmere 72 m2. Článok II 2.1 Mestský súd Košice Rozsudkom sp. zn. 67C/25/2024-149 zo dňa 15.01.2025 určil, že výlučnou vlastníčkou novo vytvorenej parcely č. 4697/270 s výmerou 72m2, zastavaná plocha a nádvorie v obci Košice Západ, katastrálne územie Terasa, ktorá bola odčlenená od parcely registra C, parcela č. 4697/229, zapísanej na LV č.12576 s výmerou 6 155 m2 ostatná plocha v obci Košice – Západ je žalo",/Users/kazimir/Desktop/BP/zmluvy_cleaned_checked_strict_valid/11818236.txt
11818246,spolupraca,spoluprac,True,ZMLUVA O SPOLUPRÁCI,UPJS - 911/2025,"ZMLUVA O SPOLUPRÁCI uzatvorená podľa § 269 ods. 2 zák. č. 513/1991 Z. z. Obchodný zákonník v znení neskorších predpisov (ďalej len „Obchodný zákonník“) 1. Univerzita Pavla Jozefa Šafárika v Košiciach Článok 1 Zmluvné strany Sídlo: Štatutárny orgán: Zastúpenie: IČO: Kontaktná osoba: Email: (ďalej aj „UPJŠ“) Šrobárova 2, 041 80 Košice prof. MUDr. Daniel Pella, PhD., rektor doc. RNDr. Dušan Šveda, CSc., riaditeľ Centra celoživotného vzdelávania a podpory projektov (CCVaPP) UPJŠ, na základe plnej moci rektora UPJŠ zo dňa 06.11.2023 00 397 768 doc. RNDr. JUDr. Pavol Sokol, PhD. et PhD. 2. Spojená škola, Masarykova 24, Prešov Sídlo: Štatutárny orgán: IČO: Kontaktná osoba E-mail: (ďalej aj „Škola“)............... UPJŠ a Škola označovaní ďalej spoločne aj ako „Zmluvné strany“ alebo samostatne ako „Zmluvná strana“ uzatvárajú túto zmluvu o spolupráci (ďalej len „Zmluva“), za nasledovných podmienok: Článok 2 Predmet a účel Zmluvy 1. Predmetom tejto Zmluvy je realizácia vzájomne výhodnej spolupráce Zmluvných strán v oblastiach ich spoločného záujmu, ktorej cieľom je výmena poznatkov pri vykonávaní aktivít definovaných v ods. 2 tohto článku rozdelený",/Users/kazimir/Desktop/BP/zmluvy_cleaned_checked_strict_valid/11818246.txt
11818251,spolupraca,spoluprac,True,Zmluva o spolupráci - propagácia podujatí Múzea liptovskej dediny v Pribyline v informačných kanáloch obce Pribylina v roku 2026,79/2025,"Zmluva o spolupráci č. uzatvorená v zmysle ust. § 51 zákona č. 40/1964 Zb. Občiansky zákonník v znení neskorších predpisov medzi zmluvnými stranami (ďalej len „zmluva“) medzi zmluvnými stranami: Obecný úrad Pribylina (ďalej len „Obec“) Obecná ulica 384/6, 032 42 Pribylina Daniel Pokrievka 00315711 2020581640 Sídlo: Zastúpený: IČO: DIČ: Bankové spojenie: Prima banka Slovensko IBAN: Tel.č.: 044/5293210 SK91 5600 0000 0016 0259 2001 a Liptovské múzeum (ďalej len „Múzeum“) Námestie Š. N. Hýroša 10, 034 50 Ružomberok Mgr. Martinom Hromadom, PhD., riaditeľom múzea 35993154 2020590363 Sídlo: Zastúpený: IČO: DIČ: Bankové spojenie: Štátna pokladnica IBAN: Tel.č.: 044/432 24 68 Vznik: podľa zriaďovacej listiny vydanej Žilinským samosprávnym krajom č. 2002/77 zo dňa 1.4.2002 Zriaďovateľ: Žilinský samosprávny kraj, ul. Komenského 48, 011 09 Žilina SK44 8180 0000 0070 0048 1432 Čl. I. Predmet zmluvy 1. Predmetom zmluvy medzi zúčastnenými stranami sú podmienky spolupráce pri celoročnej propagácii Múzea liptovskej dediny v Pribyline v informačných kanáloch Obecného úradu Pribylina (ďalej len „Obce""). Čl. II. Záväzky zmluvných strán 1. Záv",/Users/kazimir/Desktop/BP/zmluvy_cleaned_checked_strict_valid/11818251.txt
11818257,other,,True,Darovacia zmluva,Darovacia zmluva,"DAROVACIA ZNILUVA uzatvoreni v zmysle ustanovenf a podl'a $ 628 a nasl. Obiianskeho zdkonnika Obchodnd meno: Sidlo: ICo: DIi: IBAN: Registr6cia: Statut6rny org6n: (d alej ako,,Darca"") a Obchodn6 meno: Sidlo: tdo: DIC: Registr6cia: Statut6my org6n: (dalej len,,Obdarovany"") medzi DT.MAX 64 s.r.o. Moldavsk6 cesta 8/A, 040 11 Ko5ice 47 68s 361 2024076923 SK67 1111 0000 0012 4469 0006 OR OS KE I, odd. Sro, vloZka d. 35553/V Ing. Mari6n J6no5, MBA, konatel' re nps: sK712oooo19s Obec Predmier Predmier 169,013 51 Predmier 00321s67 2020618534 Okresnj, iradLilina, dislo Zivnostensk6ho registra: 501-2947 Stefan Klus td oPtt: (Darca a Obdarovan;i spolodne d alej ako,,Zmluvnd strany"") ktori sa dohodli na tejto zmluve: I. Predmet zmluvy L Predmetom tejto zmluvy je prejav v61e Darcu bezodplatne jednor6zovo previest' na Obdarovan6ho - darovat'nepeiaLny Oar,il.predmetomdarujeDardekov6kartaDr.Max urdendnan6kupzdrav,matreri6lu a podobn6ho tovaru v sieti lik6rni Dr.Max v hodnote 350,- EUR (slovom: tristopiit'desiat eur) (d'alej ako,,bredmet daru"") a sirdasne prejav v0le obdarovan6ho Predmet daru prijat a nadobudnirt' od Darcu do svojho vlashrictva. Z. Darca touto zmluvon d",/Users/kazimir/Desktop/BP/zmluvy_cleaned_checked_strict_valid/11818257.txt
11818261,hrobove_miesto,hrobove miesto|hroboveho miesta|hrobov,True,Zmluva o nájme hrobového miesta,01/01/2026,"ZMLUVA O NÁJME HROBOVÉHO MIESTA Zmluvné strany: Mesto Senica so sídlom Štefánikova č.1408/56, 905 25 Senica IČO: 00 309 974 zastúpené správcom Sociálny podnik mesta Senica, s. r. o. so sídlom Štefánikova 1318/69A, 905 01 Senica IČO: 53478495, DIČ: 2121384705 registrácia: OR OS Trnava, oddiel: Sro, vložka číslo: 48142/T zastúpený Ľubicou Kňazovičovou na základe poverenia (ďalej len ""prenajímateľ"") Jana Vilímová, r. Pupková Bydlisko: Dátum nar.: (ďalej len ""nájomca"") uzatvárajú podľa § 663 až 684 Občianskeho zákonníka a zákona č. 131/2010 Z.z. o pohrebníctve (ďalej len ""zákon o pohrebníctve"") túto zmluvu o nájme hrobového miesta Článok I Predmet a účel nájmu 1. 2. Prenajímateľ prenecháva a nájomca prijíma do nájmu, za podmienok uvedených v tejto zmluve, hrobové miesto č. 9, v sekcii UH, na cintoríne ""Senica"" v Senici zomrelí: Ján Vilím, Jana Vilímová určené na vybudovanie hrobu, hrobky alebo uloženie urny za účelom uloženia ľudských pozostatkov alebo ostatkov. Podnájom hrobového miesta je zakázaný. Článok II Služby spojené s nájmom hrobového miesta S nájmom hrobového miesta sú spojené tieto služby, ktoré bude počas trvania nájomného vzťahu poskytovať prena",/Users/kazimir/Desktop/BP/zmluvy_cleaned_checked_strict_valid/11818261.txt
11818262,hrobove_miesto,hrobove miesto|hroboveho miesta|hrobov,True,Zmluva o nájme hrobového miesta č. 48/33112/2025/CP - jednohrob,2/2026,"ZMLUVA O NÁJME č. 48/33112/2025/CP uzatvorená podľa § 663 a nasl. Občianskeho zákonníka, § 21 a 22 zákona č. 131/2010 Z. z. o pohrebníctve a Všeobecne záväzného nariadenia Mesta Martin o prevádzkovom poriadku pre pohrebisko v Martine - Priekopa medzi Prenajímateľ: Mesto Martin dátum zverejnenia zmluvy dátum nadobudnutia účinnosti so sídlom: Nám. S. H. Vajanského č.1, 036 49 Martin zastúpené: Ing. Andreou Demáčekovou - referentom pre cintoríny na základe poverenia IČO: 00316 792 ďalej len „prenajímateľ"" a Nájomca: meno a priezvisko: Jana Šusteková Závadská trvalý pobyt: Predmestská 1709/56, 010 01 Žilina ďalej len „nájomca"" takto: Článok 1 Predmet a účel nájmu 1. Prenajímateľ prenecháva nájomcovi za nájomné do užívania hrobové miesto: druh hrobového miesta: jednohrob číslo hrobového miesta: 331,12,S číslo hrobu: 331 rad: 12 sektor: S pohrebisko: v Martine - Priekopa 2. Prenajímateľ prenecháva nájomcovi hrobové miesto na uloženie ľudských pozostatkov alebo ľudských ostatkov. 3. Pri úmrtí nájomcu hrobového miesta má prednostné právo na uzavretie novej nájomnej zmluvy na hrobové miesto osoba blízka; ak je blízkych osôb viac; tá blízka osoba,",/Users/kazimir/Desktop/BP/zmluvy_cleaned_checked_strict_valid/11818262.txt
11818269,hrobove_miesto,hrobove miesto|hroboveho miesta|hrobov,True,Zmluva o nájme hrobového miesta č. 49/33112/2025/CP - jednohrob,3/2026,"ZMLUVA O NÁJME č. 49/33212/2025/CP uzatvorená podľa § 663 a nasl. Občianskeho zákonníka, § 21 a 22 zákona č. 131/2010 Z. z. o pohrebníctve a Všeobecne záväzného nariadenia Mesta Martin o prevádzkovom poriadku pre pohrebisko v Martine - Priekopa dátum zverejnenia zmluvy dátum nadobudnutia účinnosti medzi Prenajímateľ: Mesto Martin so sídlom: Nám. S. H. Vajanského 6.1, 036 49 Martin zastúpené: Ing. Andreou Demáčekovou - referentom pre cintoríny na základe poverenia IČO: 00316 792 ďalej len „prenajímateľ"" a Nájomca: meno a priezvisko: Jana Šusteková Závadská trvalý pobyt: Predmestská 1709/56, 010 01 Žilina ďalej len „nájomca"" takto: Článok 1 Predmet a účel nájmu 1. Prenajímateľ prenecháva nájomcovi za nájomné do užívania hrobové miesto: druh hrobového miesta: jednohrob číslo hrobového miesta: 332,12,S číslo hrobu: 332 rad: 12 sektor: S pohrebisko: v Martine - Priekopa 2. Prenajímateľ prenecháva nájomcovi hrobové miesto na uloženie ľudských pozostatkov alebo ľudských ostatkov. 3. Pri úmrtí nájomcu hrobového miesta má prednostné právo na uzavretie novej nájomnej zmluvy na hrobové miesto osoba blízka; ak je blízkych osôb viac; tá blízka oso",/Users/kazimir/Desktop/BP/zmluvy_cleaned_checked_strict_valid/11818269.txt
11818271,hrobove_miesto,hrobove miesto|hroboveho miesta|hrobov,True,Zmluva o nájme hrobového miesta č. 50/33112/2025/CP - jednohrob,4/2026,"1 ZMLUVA O NÁJME č. 50/28511/2025/CP uzatvorená podľa § 663 a nasl. Občianskeho zákonníka, § 21 a 22 zákona č. 131/2010 Z. z. o pohrebníctve a Všeobecne záväzného nariadenia Mesta Martin o prevádzkovom poriadku pre pohrebisko v Martine - Priekopa medzi Prenajímateľ: Mesto Martin dátum zverejnenia zmluvy. dátum nadobudnutia účinnosti so sídlom: Nám. S. H. Vajanského č.1, 036 49 Martin zastúpené: Ing. Andreou Demáčekovou - referentom pre cintoríny na základe poverenia IČO: 00316 792 ďalej len „prenajímateľ a Nájomca: meno a priezvisko: Jana Šusteková Závadská trvalý pobyt: Predmestská 1709/56, 010 01 Žilina ďalej len „nájomca"" takto: Článok 1 Predmet a účel nájmu 1. Prenajímateľ prenecháva nájomcovi za nájomné do užívania hrobové miesto: druh hrobového miesta: jednohrob číslo hrobového miesta: 285,11,S číslo hrobu: 285 rad: 11 sektor: S pohrebisko: v Martine - Priekopa 2. Prenajímateľ prenecháva nájomcovi hrobové miesto na uloženie ľudských pozostatkov alebo ľudských ostatkov. 3. Pri úmrtí nájomcu hrobového miesta má prednostné právo na uzavretie novej nájomnej zmluvy na hrobové miesto osoba blízka; ak je blízkych osôb viac; tá blízka",/Users/kazimir/Desktop/BP/zmluvy_cleaned_checked_strict_valid/11818271.txt
11818275,najom,najom,True,Zmluva o nájme spoločenských priestorov v budove Obecného domu v Belej nad Cirochou č. ZOD-01/2026,ZOD 01/2026,"ZMLUVA o nájme spoločenských priestorov Zasadačky v budove Obecného domu v Belej nad Cirochou č. ZOD-01/2026 medzi 1/ Obcou Belá nad Cirochou Sídlo: Zastúpená: IČO: DIČ: Osloboditeľov 535/33, 067 81 Belá nad Cirochou Jánom Vajdom, starostom obce 00322814 2020794435 Bankové spojenie: Všeobecná úverová banka, a.s. Číslo účtu: SK59 0200 0000 0000 2242 0532 Telefónne číslo: E-mail: obecbelanadcirochou@gmail.com na strane jednej ako Prenajímateľ (ďalej len „Prenajímateľ“) a 2/ Meno a Priezvisko: Štefan Miško Adresa: Dátum narodenia: Telefónne číslo: na strane druhej ako Nájomca (ďalej len „Nájomca“) I. Predmet a účel nájmu 1. Prenajímateľ prenecháva Nájomcovi do krátkodobého užívania spoločenské priestory nachádzajúce sa na prízemí v budove Obecného domu v Belej nad Cirochou, ktoré sú vo vlastníctve Prenajímateľa. 2. Predmetom nájmu sú nasledovné priestory: a) Zasadacia miestnosť, b) Vstupné a hygienické priestory. 3. Účelom nájmu je usporiadanie rodinnej oslavy dňa 02.01.2026 v čase od 15:00 hod. do 20:00 hod. 4. Počet osôb, ktoré sa budú zdržiavať v prenajatých priestoroch podľa čl. I ods. 2 tejto z",/Users/kazimir/Desktop/BP/zmluvy_cleaned_checked_strict_valid/11818275.txt
11818283,ramcova,ramcova|ramcovej,True,"Potraviny - Mäso, hydina a mäsové výrobky",245012026,"Rámcová dohoda č. 245012026 uzavretá podľa § 83 zákona č. 343/2015 Z. z. o verejnom obstarávaní a o zmene a doplnení niektorých zákonov v znení neskorších predpisov a v súlade s ustanovením § 409 zákona č. 513/1991 Zb. - Obchodný zákonník v znení neskorších predpisov Článok I. Strany dohody 1. Predávajúci Obchodné meno: Sídlo: Štatutárny orgán: IČO: IČ DPH: Bankové spojenie: IBAN: Kontakt e-mail: Tel./fax.č.: Zápis v obch. registri: (ďalej len „predávajúci“) MITESO s.r.o. Textilná 4, Košice - mestská časť Nad jazerom 040 12 Ing. Michal Tešinský 53056019 SK2121241903 Československá obchodná banka a.s. SK42 7500 0000 0040 3077 8612 tesinsky@miteso.sk +421 917300897 Obchodnom registri Mestského súdu Košice Oddiel: Sro, Vložka číslo: 48819/V. 2. Kupujúci Obchodné meno: Základná škola Považská 12 Sídlo: Považská 12, 040 11 Košice RNDr. Ľuboš Hvozdovič – riaditeľ 35542861 2021669474 Štatutárny orgán: IČO: IČ DPH SK: Bankové spojenie: Prima banka, a.s. IBAN Kontakt e-mail: Tel./fax.č.: (ďalej len „kupujúci“) (ďalej spoločne ako „účastníci dohody“) SK1656000000000502796002 zspovke12@gmail.com Článok II. Podklady pre uzatvore",/Users/kazimir/Desktop/BP/zmluvy_cleaned_checked_strict_valid/11818283.txt
11818289,ramcova,ramcova|ramcovej,True,Potraviny - Sirupy a čaje,245022026,"Rámcová dohoda č. 245022026 uzavretá podľa § 83 zákona č. 343/2015 Z. z. o verejnom obstarávaní a o zmene a doplnení niektorých zákonov v znení neskorších predpisov a v súlade s ustanovením § 409 zákona č. 513/1991 Zb. - Obchodný zákonník v znení neskorších predpisov Článok I. Strany dohody 1. Predávajúci Obchodné meno: Sídlo: Štatutárny orgán: IČO: IČ DPH: Bankové spojenie: IBAN: Kontakt e-mail: Tel./fax.č.: Zápis v obch. registri: (ďalej len „predávajúci“) AG FOODS SK s.r.o. Štúrova 60/1 ho, 949 01 Nitra Richard Ihlár, Ing. Radomír Havlíček, konatelia spoločnosti 34144579 SK2020361772 SLSP, a.s. SK51 0900 0000 005d 8987 7967 info.sk@agfoods.eu +421 901 701 991 Okresný súd Nitra, vložka č. 75118/N 2. Kupujúci Obchodné meno: Základná škola Považská 12 Sídlo: Považská 12, 040 11 Košice Štatutárny orgán: IČO: IČ DPH SK: RNDr. Ľuboš Hvozdovič – riaditeľ 35542861 2021669474 Bankové spojenie: Prima banka, a.s. IBAN Kontakt e-mail: Tel./fax.č.: (ďalej len „kupujúci“) (ďalej spoločne ako „účastníci dohody“) SK1656000000000502796002 zspovke12@gmail.com Článok II. Podklady pre uzatvorenie dohody Táto rámcová dohoda je uzatvo",/Users/kazimir/Desktop/BP/zmluvy_cleaned_checked_strict_valid/11818289.txt
11818293,kupa_predaj,kupna zmluva|predaj,True,Kúpna zmluva o  prevode vlastníctva k nehnuteľnosti,2025/026,"Kúpna zmluva o prevode vlastníctva k nehnuteľnosti uzatvorená podľa § 588 a nasl. Občianskeho zákonníka v znení neskorších predpisov spísaná medzi: Predávajúca: Kupujúci: Obec Búč IČO: 00 306 398 so sídlom: Tesárska ulička 91, 946 35 Búč konajúca prostredníctvom: Ing. Ján Karkó - starostom obce (ďalej ako „predávajúca“) Peter Pór, rod. Pór Dátum narodenia: rodné číslo: trvale bytom: 946 35 Búč č. 271, SR občan SR (ďalej ako,,kupujúci“) (ďalej predávajúca a kupujúci spolu aj ako,,zmluvné strany“) I. Predmet zmluvy 1.1. Predávajúca je výlučnou vlastníčkou nehnuteľnosti evidovanej na LV č. 883 vedenom na Okresnom úrade Komárno, katastrálny odbor pre kat. úz. Búč, obec: Búč, označená ako: ‒ parcela reg. „C“ KN č.: 238, druh pozemku – Záhrada o výmere 219 m2. 1.2. Predávajúca predáva nehnuteľnosť špecifikovanú v čl. I. bod 1.1. tejto zmluvy (ďalej len ako,,predmet kúpy”) z jej výlučného vlastníctva do výlučného vlastníctva kupujúceho. 1.3. Kupujúci kupuje predmet kúpy od predávajúcej do svojho výlučného vlastníctva. 1.4. Predávajúca prehlasuje, že je oprávnená nakladať s predmetom kúpy v plnom rozsahu a jej zmluvná voľnosť nie je nikým a nič",/Users/kazimir/Desktop/BP/zmluvy_cleaned_checked_strict_valid/11818293.txt
11818295,ramcova,ramcova|ramcovej,True,Potraviny - Mlieko a mliečne výrobky,245032026,"Rámcová dohoda č. 245032026 uzavretá podľa § 83 zákona č. 343/2015 Z. z. o verejnom obstarávaní a o zmene a doplnení niektorých zákonov v znení neskorších predpisov a v súlade s ustanovením § 409 zákona č. 513/1991 Zb. - Obchodný zákonník v znení neskorších predpisov Článok I. Strany dohody 1. Predávajúci Obchodné meno: Sídlo: Štatutárny orgán: IČO: IČ DPH: Bankové spojenie: IBAN: Kontakt e-mail: Tel./fax.č.: Zápis v obch. registri: (ďalej len „predávajúci“) A.P.S.-FOOD s.r.o. Bukovec 153, 044 20 Bukovec Peter Figura, Ing. Andrej Nagy, Stanislav Duleba 50 208 853 SK2120212138 ČSOB a.s. SK3875000000004024413350 info@apsfood.sk +421 9040 503 303 Okresného súdu Košice I, Oddiel: Sro, Vložka číslo:38682/V 2. Kupujúci Obchodné meno: Základná škola Považská 12 Sídlo: Považská 12, 040 11 Košice Štatutárny orgán: IČO: IČ DPH SK: RNDr. Ľuboš Hvozdovič – riaditeľ 35542861 2021669474 Bankové spojenie: Prima banka, a.s. IBAN Kontakt e-mail: Tel./fax.č.: (ďalej len „kupujúci“) (ďalej spoločne ako „účastníci dohody“) SK1656000000000502796002 zspovke12@gmail.com Článok II. Podklady pre uzatvorenie dohody Táto rámcová dohoda je uza",/Users/kazimir/Desktop/BP/zmluvy_cleaned_checked_strict_valid/11818295.txt
11818301,ramcova,ramcova|ramcovej,True,Potraviny - Základné potraviny,245042026,"Rámcová dohoda č. 245042026 uzavretá podľa § 83 zákona č. 343/2015 Z. z. o verejnom obstarávaní a o zmene a doplnení niektorých zákonov v znení neskorších predpisov a v súlade s ustanovením § 409 zákona č. 513/1991 Zb. - Obchodný zákonník v znení neskorších predpisov Článok I. Strany dohody 1. Predávajúci Obchodné meno: Sídlo: Štatutárny orgán: IČO: IČ DPH: Bankové spojenie: IBAN: Kontakt e-mail: Tel./fax.č.: Zápis v obch. registri: (ďalej len „predávajúci“) A.P.S.-FOOD s.r.o. Bukovec 153, 044 20 Bukovec Peter Figura, Ing. Andrej Nagy, Stanislav Duleba 50 208 853 SK2120212138 ČSOB a.s. SK3875000000004024413350 info@apsfood.sk +421 9040 503 303 Okresného súdu Košice I, Oddiel: Sro, Vložka číslo:38682/V 2. Kupujúci Obchodné meno: Základná škola Považská 12 Sídlo: Považská 12, 040 11 Košice Štatutárny orgán: IČO: IČ DPH SK: RNDr. Ľuboš Hvozdovič – riaditeľ 35542861 2021669474 Bankové spojenie: Prima banka, a.s. IBAN Kontakt e-mail: Tel./fax.č.: (ďalej len „kupujúci“) (ďalej spoločne ako „účastníci dohody“) SK1656000000000502796002 zspovke12@gmail.com Článok II. Podklady pre uzatvorenie dohody Táto rámcová dohoda je uza",/Users/kazimir/Desktop/BP/zmluvy_cleaned_checked_strict_valid/11818301.txt
11818305,ramcova,ramcova|ramcovej,True,Potraviny - Mrazené potraviny,245052026,"Rámcová dohoda č. 245052026 uzavretá podľa § 83 zákona č. 343/2015 Z. z. o verejnom obstarávaní a o zmene a doplnení niektorých zákonov v znení neskorších predpisov a v súlade s ustanovením § 409 zákona č. 513/1991 Zb. - Obchodný zákonník v znení neskorších predpisov Článok I. Strany dohody 1. Predávajúci Obchodné meno: Sídlo: Štatutárny orgán: IČO: IČ DPH: Bankové spojenie: IBAN: Kontakt e-mail: Tel./fax.č.: Zápis v obch. registri: (ďalej len „predávajúci“) A.P.S.-FOOD s.r.o. Bukovec 153, 044 20 Bukovec Peter Figura, Ing. Andrej Nagy, Stanislav Duleba 50 208 853 SK2120212138 ČSOB a.s. SK3875000000004024413350 info@apsfood.sk +421 9040 503 303 Okresného súdu Košice I, Oddiel: Sro, Vložka číslo:38682/V 2. Kupujúci Obchodné meno: Základná škola Považská 12 Sídlo: Považská 12, 040 11 Košice Štatutárny orgán: IČO: IČ DPH SK: RNDr. Ľuboš Hvozdovič – riaditeľ 35542861 2021669474 Bankové spojenie: Prima banka, a.s. IBAN Kontakt e-mail: Tel./fax.č.: (ďalej len „kupujúci“) (ďalej spoločne ako „účastníci dohody“) SK1656000000000502796002 zspovke12@gmail.com Článok II. Podklady pre uzatvorenie dohody Táto rámcová dohoda je uza",/Users/kazimir/Desktop/BP/zmluvy_cleaned_checked_strict_valid/11818305.txt
11818314,ramcova,ramcova|ramcovej,True,Potraviny - Chlieb a pečivo,245072026,"Rámcová dohoda č. 245072026 uzavretá podľa § 83 zákona č. 343/2015 Z. z. o verejnom obstarávaní a o zmene a doplnení niektorých zákonov v znení neskorších predpisov a v súlade s ustanovením § 409 zákona č. 513/1991 Zb. - Obchodný zákonník v znení neskorších predpisov Článok I. Strany dohody 1. Predávajúci Obchodné meno: Sídlo: Štatutárny orgán: IČO: IČ DPH: Bankové spojenie: IBAN: Kontakt e-mail: Tel./fax.č.: Zápis v obch. registri: 26710/V (ďalej len „predávajúci“) FIPEK s.r.o. Remetské Hámre 85, 072 41 Remetské Hámre Martin Fiľko 45897077 SK2023148974 VÚB banka SK9602000000002839649357 pekarenfilko@gmail.com Obchodný register Mestského súdu Košice, Odd. Sro, Vložka č. 2. Kupujúci Obchodné meno: Základná škola Považská 12 Sídlo: Považská 12, 040 11 Košice Štatutárny orgán: IČO: IČ DPH SK: RNDr. Ľuboš Hvozdovič – riaditeľ 35542861 2021669474 Bankové spojenie: Prima banka, a.s. IBAN Kontakt e-mail: Tel./fax.č.: (ďalej len „kupujúci“) (ďalej spoločne ako „účastníci dohody“) SK1656000000000502796002 zspovke12@gmail.com Článok II. Podklady pre uzatvorenie dohody Táto rámcová dohoda je uzatvorená ako výsledok zadávania z",/Users/kazimir/Desktop/BP/zmluvy_cleaned_checked_strict_valid/11818314.txt
11818320,ramcova,ramcova|ramcovej,True,Potraviny - Vajcia,245082026,"Rámcová dohoda č. 245082026 uzavretá podľa § 83 zákona č. 343/2015 Z. z. o verejnom obstarávaní a o zmene a doplnení niektorých zákonov v znení neskorších predpisov a v súlade s ustanovením § 409 zákona č. 513/1991 Zb. - Obchodný zákonník v znení neskorších predpisov Článok I. Strany dohody 1. Predávajúci Obchodné meno: Sídlo: Štatutárny orgán: IČO: IČ DPH: Bankové spojenie: IBAN: Kontakt e-mail: Tel./fax.č.: Zápis v obch. registri: (ďalej len „predávajúci“) Dugy Plus sro Suchodolinska 2 Lucansky Peter 36605549 SK2022176695 Vub Bardejov SK0302000000002313447953 dugypo@dugz.sk 0915964216................................................... 2. Kupujúci Obchodné meno: Základná škola Považská 12 Sídlo: Považská 12, 040 11 Košice Štatutárny orgán: IČO: IČ DPH SK: RNDr. Ľuboš Hvozdovič – riaditeľ 35542861 2021669474 Bankové spojenie: IBAN Kontakt e-mail: Tel./fax.č.: (ďalej len „kupujúci“) (ďalej spoločne ako „účastníci dohody“) Prima banka, a.s. SK1656000000000502796002 zspovke12@gmail.com Článok II. Podklady pre uzatvorenie dohody Táto rámcová dohoda je uzatvorená ako výsledok zadávania zákazky podľa § 1 ods. 13 písm. ab)zá",/Users/kazimir/Desktop/BP/zmluvy_cleaned_checked_strict_valid/11818320.txt
11818325,ramcova,ramcova|ramcovej,True,Potraviny - Ovocie a zelenina,245062026,"Rámcová dohoda č. 245062026 uzavretá podľa § 83 zákona č. 343/2015 Z. z. o verejnom obstarávaní a o zmene a doplnení niektorých zákonov v znení neskorších predpisov a v súlade s ustanovením § 409 zákona č. 513/1991 Zb. - Obchodný zákonník v znení neskorších predpisov Článok I. Strany dohody 1. Predávajúci Obchodné meno: Sídlo: Štatutárny orgán: IČO: IČ DPH: Bankové spojenie: IBAN: Kontakt e-mail: Tel./fax.č.: Zápis v obch. registri: (ďalej len „predávajúci“) EMATRADE s.r.o. Krosnianska79, 040 22 Košice Erik Leško, konateľ 46954767 SK2023670495 Tatra banka SKI 1 1100 0000 0029 2089 4085 erik.lesko@ematrade.sk 0907 918612 ObU-KE-OZP1-2012/13426-2 živnosť, Register 820-73868 2. Kupujúci Obchodné meno: Základná škola Považská 12 Sídlo: Považská 12, 040 11 Košice Štatutárny orgán: IČO: IČ DPH SK: RNDr. Ľuboš Hvozdovič – riaditeľ 35542861 2021669474 Bankové spojenie: Prima banka, a.s. IBAN Kontakt e-mail: Tel./fax.č.: (ďalej len „kupujúci“) (ďalej spoločne ako „účastníci dohody“) SK1656000000000502796002 zspovke12@gmail.com Článok II. Podklady pre uzatvorenie dohody Táto rámcová dohoda je uzatvorená ako výsledok zadávania",/Users/kazimir/Desktop/BP/zmluvy_cleaned_checked_strict_valid/11818325.txt
11818344,hrobove_miesto,hrobove miesto|hroboveho miesta|hrobov,True,Zmluva o prenájme hrobového miesta,350/2025,"Zmluva číslo 350/2025 o nájme miesta na pohrebisku Liptovská Štiavnica - Liptovská Štiavnica uzavretá podľa § 663 až 684 Občianskeho zákonníka a v zmysle §21, zákona č. 131/2010 Z.z. o pohrebníctve (ďalej len ""zákon o pohrebníctve"") medzi Nájomca: Edita Haluzová Bydlisko: Klačno 21, 03401 Ružomberok Prenajímateľ: Obec Liptovská Štiavnica Sídlo: Hlavná 39/53, 03401 Liptovská Štiavnica V zastúpení: RNDr. Dušan Dírer, starosta IČO: 00315427 DIČ: 2020589615 Bankové spojenie: SK56 5600 0000 0083 0073 1012 Článok I. Predmet nájmu Článok V. Nájomné 1. Predmetom zmluvy je nájom veci: hrobové miesto [350 / dvojhrob (Eduard Húlek,Ludmila Húleková)] za dohodnutú odplatu a za podmienok uvedených v tejto zmluve. 1. Výška nájomného a cena za služby spojené s nájmom hrobového miesta sa riadia cenníkom prenajímateľa platným ku dňu uzatvorenia zmluvy. 2. Predmetom nájmu je užívanie veci: hrobového miesta. Článok II. Služby spojené s nájmom hrobového miesta 1. S nájmom hrobového miesta sú spojené tieto služby, ktoré bude počas trvania nájomného vzťahu poskytovať prenajímateľ nájomcovi: -- odvoz odpadu, dodávka úžitkovej vody, údržba ostatných pozemkov a stavieb, -- výsadba a údržba z",/Users/kazimir/Desktop/BP/zmluvy_cleaned_checked_strict_valid/11818344.txt
11818346,hrobove_miesto,hrobove miesto|hroboveho miesta|hrobov,True,Zmluva o prenájme hrobového miesta,324/2025,"Zmluva číslo 324/2025 o nájme miesta na pohrebisku Liptovská Štiavnica - Liptovská Štiavnica uzavretá podľa § 663 až 684 Občianskeho zákonníka a v zmysle §21, zákona č. 131/2010 Z.z. o pohrebníctve (ďalej len ""zákon o pohrebníctve"") Prenajímateľ: Obec Liptovská Štiavnica Sídlo: Hlavná 39/53, 03401 Liptovská Štiavnica V zastúpení: RNDr. Dušan Dírer, starosta IČO: 00315427 DIČ: 2020589615 Bankové spojenie: SK56 5600 0000 0083 0073 1012 medzi Nájomca: Magdaléna Papajová Bydlisko: ul. Československej armády 359, 03301 Liptovský Hrádok Článok I. Predmet nájmu Článok V. Nájomné 1. Predmetom zmluvy je nájom veci: hrobové miesto [324 / dvojhrob (Jozef Mikulec,Hortenzia Mikulcová)] za dohodnutú odplatu a za podmienok uvedených v tejto zmluve. 1. Výška nájomného a cena za služby spojené s nájmom hrobového miesta sa riadia cenníkom prenajímateľa platným ku dňu uzatvorenia zmluvy. 2. Predmetom nájmu je užívanie veci: hrobového miesta. Článok II. Služby spojené s nájmom hrobového miesta 1. S nájmom hrobového miesta sú spojené tieto služby, ktoré bude počas trvania nájomného vzťahu poskytovať prenajímateľ nájomcovi: -- odvoz odpadu, dodávka úžitkovej vody, údržba ostatných pozemk",/Users/kazimir/Desktop/BP/zmluvy_cleaned_checked_strict_valid/11818346.txt
11818348,najom,najom,True,Zmluva o nájme nebytových priestorov-KD,1/2026 INT,"Zmluva o nájme nebytových priestorov uzavretá podľa ust. § 720 zákona č. 40/1964 Zb. Občiansky zákonník v znení neskorších predpisov a ust. § 3 a nasl. zákona č. 116/1990 Zb. o nájme a podnájme nebytových priestorov v znení neskorších predpisov medzi: Prenajímateľ: Obec Sady nad Torysou so sídlom Byster 189, 044 41 Sady nad Torysou štatutárny orgán: Iveta Tomková, starostka obce IČO: 00324680 DIČ: 2021244984 bankové spojenie: Prima banka, a. s. pobočka Košice č. ú.: 0406346001/5600 tel./fax: 0907953804, 055/6854130 (ďalej len,,prenajímateľ"") Nájomca: František Hertneki trvale bytom: nar.: tel. č: e-mail: (ďalej len,,nájomca"") (spolu ďalej len,,zmluvné strany"") I. Úvodné ustanovenia 1. Prenajímateľ je výlučným vlastníkom nehnuteľnosti: viacúčelová budova parc. č. 307/6 zapísanej na LV č. 779 pre kat. územie Byster. 2. Nájomca je fyzická osoba. II. Predmet zmluvy 1. Prenajímateľ prenajíma nájomcovi za nižšie uvedených podmienok nebytové priestory: veľká sála o výmere 255,07 m2, sociálne zariadenie o výmere 17 m2 a kuchyňa o výmere 32,66 m2, chladiaci box. 2. Ide o nebytové priestory nachádzajúce sa na poschodí a prízemí kultúrn",/Users/kazimir/Desktop/BP/zmluvy_cleaned_checked_strict_valid/11818348.txt
11818350,hrobove_miesto,hrobove miesto|hroboveho miesta|hrobov,True,Zmluva číslo B/291/2025 o prenájme  miesta na pohrebisku,B/291/2025,"Zmluva číslo B/291/2025 o prenájme miesta na pohrebisku Hranovnica - Hlavný uzavretá podľa § 663 až 684 Občianskeho zákonníka a v zmysle §21, zákona č. 131/2010 Z.z. o pohrebníctve (ďalej len ""zákon o pohrebníctve"") medzi Nájomca: František Šoltýs Bydlisko: Víťazstva 373/19, 059 16 Hranovnica Prenajímateľ: Obec Hranovnica Sídlo: ul.Sládkovičova 398/14, 05916 Hranovnica V zastúpení: PhDr. Angelika Farkašová, starostka obce IČO: 00326224 DIČ: 2020674898 Bankové spojenie: SK86 5600 0000 0034 4994 7003 Článok I. Predmet nájmu Článok V. Nájomné 1. Predmetom zmluvy je nájom veci: hrobové miesto [B / 291 / dvojhrob prehĺbený (Šebestian Šoltýs,Barbora Šoltýsová,Peter Šoltýs)] za dohodnutú odplatu a za podmienok uvedených v tejto zmluve. 2. Predmetom nájmu je užívanie veci: hrobového miesta. Článok II. Služby spojené s nájmom hrobového miesta 1. S prenájmom hrobového miesta sú spojené tieto služby, ktoré bude počas trvania nájomného vzťahu poskytovať prenajímateľ nájomcovi: -- odvoz odpadu, dodávka úžitkovej vody, údržba ostatných pozemkov a stavieb, -- výsadba a údržba zelene na pohrebisku mimo prenajatých hrobových miest, -- úhrady investičných a neinvestičných nákladov spo",/Users/kazimir/Desktop/BP/zmluvy_cleaned_checked_strict_valid/11818350.txt
11818356,hrobove_miesto,hrobove miesto|hroboveho miesta|hrobov,True,Zmluva o nájme hrobového miesta č. 01/492605/2025/MC - urnové miesto v kolumbáriu,5/2026,"ZMLUVA O NÁJME č. 01/492605/2026/MC uzatvorená podľa § 663 a nasl. Občianskeho zákonníka, § 21 a 22 zákona č. 131/2010 Z. z. o pohrebníctve a Všeobecne záväzného nariadenia Mesta Martin o prevádzkovom poriadku pre pohrebisko v Martine, Sklabinská ul. medzi Prenajímateľ: Mesto Martin so sídlom: Nám. S. H. Vajanského č.1, 036 49 Martin zastúpené: Mgr. Adrianou Matuškovou – referentom pre cintoríny na základe poverenia IČO: 00316 792 Nájomca: meno a priezvisko: Kvetoslava Huličiarová trvalý pobyt: F. Štefunku 4684/16, Martin - Košúty takto: Článok 1 Predmet a účel nájmu 1. Prenajímateľ prenecháva nájomcovi za nájomné do užívania hrobové miesto: druh hrobového miesta: urnové miesto v kolumbáriu číslo hrobového miesta: C61, kolumbárium číslo urnového miesta: C61 rad: - sektor: kolumbárium pohrebisko: v Martine, Sklabinská ul. 2. Prenajímateľ prenecháva nájomcovi hrobové miesto na uloženie ľudských pozostatkov alebo ľudských ostatkov. 3. Pri úmrtí nájomcu hrobového miesta má prednostné právo na uzavretie novej nájomnej zmluvy na hrobové miesto osoba blízka; ak je blízkych osôb viac; tá blízka osoba, ktorá doručí písomnú žiadosť ako prvá, preukáže svo",/Users/kazimir/Desktop/BP/zmluvy_cleaned_checked_strict_valid/11818356.txt
11818376,sluzby,kurz,True,Zmluva o vykonaní kurzu korčuľovania,62/2025,"ZMLTIVA O VYKONANi KURZU KORIUTOVANIA uzrvret{ podl'a ustrnoyeni. S 269. msl. zikonr 4.513/lE l Zb. Obchodn6ho z{konnlLa v znetrI n€skorfich predpisov (delej len ""ObchodnJ zikonnlk"") Zmluvn6 stranv Moravslcf Svitj Jrin 803, 908 7l Moravskj Svirj Jrin Objednivetel': Obchodnd meno: Obcc Monvskf Svttf Jlu Sldlo: Sta$timy zistupca: Anton Emrich teo: cf3cB737 DIC: 20210!;95/7 Bank. spoj.: Prima banka Cislo riatu - IBAN: SK05 56fi) fiXx) 0032 6553 4001 (dakj len,,ruijomca"") a I)odlvetel': Obchodn6 meno: Sidlo: Staotrimy zisnrpca.: reo: Bar*. spoj.: e islo iEnr - IBnN: SPORT CLUBRLJDA& oz Sama Chaltpku 995/l l,900 3l Sopava Rudolf DraSkoviC 52716376 VUB,a-s. sK67 0200 0000 004174682251 (dalej len ako,,dddvatel"" ) elmokl Predmet aluvy l. Dodiivatel'sa zavtizuje, Ze pre objedniivatela vykonri/zrealizuje kurz korCulovania pre Ziakov Skoly. Rozsah kurar korEulovania je 5 hodin v piatich pracovnjch df,och. Kurz kortulovania bude vykonan! v priestoroch lhdovej plochy Sport arena Malacky. 2. Po{et Ziakov om:imi objedndvatel prostrednictvom mailu na manazer@rudar.sk 3. Kurz budri vykondvaf len kvalifikovani inttruktori/tEneri. Na katdj (aj nedokondenf) poiet 8 Ziakov bude pridelenj",/Users/kazimir/Desktop/BP/zmluvy_cleaned_checked_strict_valid/11818376.txt
11818383,najom,najom,True,Zmluva o nájme bytu,16/2025,"Zmluva o nájme bytu uzavretá podľa § 663, 685 a nasl. z. č. 40/1964 Zb., Občianskeho zákonníka a § 12 z. č. 443/2010 Z. z. o dotáciách na rozvoj bývania a o sociálnom bývaní medzi Prenajímateľom: Obec Tvrdošovce so sídlom: Novozámocká cesta 56, 941 10 Tvrdošovce konajúci prostredníctvom: Ing. Mariánom Tóthom, MBA starostom obce IČO: DIČ: 00309338 202 106 0811 Bankové spojenie: Slovenská sporiteľňa, a.s. IBAN: SK09 0900 0000 0051 8417 5608 (ďalej aj ako „prenajímateľ“) a Nájomcom: Illés Imrich nar. bytom: Tvrdošovce, Školská 17 (ďalej aj ako „nájomca“) (spolu prenajímateľ a nájomca označovaní ak aj „zmluvné strany“) za nasledovných podmienok: I. Predmet nájmu 1. Prenajímateľ je oprávneným užívateľom bytového domu nachádzajúceho sa v k. ú. Tvrdošovce, na parcele č.859/1 orientačné číslo 17, súpisné číslo 2112, postavený s podporou štátu, byt I. kategórie. 2. Prenajímateľ prenecháva nájomcovi do dočasného užívania byt č. 3 na 1.poschodí obytného domu súpisné číslo 2112 na Školskej č. 17, ktorý pozostáva z nasledovných miestností: kuchyňa, jedáleň, obývačka, 2x izba, chodba, špajza, kúpeľňa, WC, balkón, spoločné plochy: schod",/Users/kazimir/Desktop/BP/zmluvy_cleaned_checked_strict_valid/11818383.txt
11818385,dodatok,dodatok|dodatku,True,Dodatok č. 3 k zmluve č. 897/2005 o zverení majetku mesta do správy (2005000897),2026000006,"Dodatok 3 k zmluve č. 897/2005 o zverení majetku mesta do správy zo dňa 15.11. 2005 uzatvorená podľa § 6 ods. 2 Zákona č. 138/1991 Zb. o majetku obcí v platnom znení Zmluvné strany: 1. Vlastník: Sídlo: Štatutárny orgán: IČO: DIČ: IČ DPH: Bankové spojenie: Číslo účtu: 2. Správca: Sídlo: Štatutárny orgán: IČO: Bankové spojenie: Číslo účtu: I. Mesto Košice Trieda SNP 48/A, 040 01 Košice Ing. Jaroslav Polaček, primátor 00 691 135 2021186904 SK2021186904 Prima banka Slovensko, a.s. SK03 5600 0000 0004 4248 6001 ( ďalej len „vlastník“ ) Mestská časť Košice – Sídlisko KVP Trieda KVP 1, 040 23 Košice Mgr. Ladislav Lörinc, starosta 00 691 089 Prima banka Slovensko, a.s. SK46 5600 0000 0005 3629 8001 ( ďalej len „správca“ ) Zmluvné strany na základe vzájomnej dohody upravujú zmluvu o zverení majetku mesta do správy č. 897/2005 v znení dodatkov takto: V čl. III. Predmet zverenia zmluvy sa: a) na základe GP č. 167/2021 sa mení znenie riadku uvedeného v dodatku č. 1 pod č. 1 a jeho znenie je: „ „ 1 3309/4 zastavané plochy a nádvoria 8550 227 088 b) na základe GP č. 167/2021 sa dopĺňa riadok pod č. 28 a jeho znenie je",/Users/kazimir/Desktop/BP/zmluvy_cleaned_checked_strict_valid/11818385.txt
11818389,other,,True,Zmluva o výpožičke priestorov,120/2025,"Zmluva o výpožičke priestorov a inventára v priestoroch budovy č. 90 v Staškove Zmluvné strany Prenajímateľ: Zastúpený: Bankové spojenie: IBAN: a Nájomca: Obec Staškov Ing. Ladislav Šimčisko – starosta obce Prima banka Slovensko, a.s. SK81 5600 0000 0002 7961 5001 (ďalej len „požičiavateľ) Oľga Bagová, Staškov Spôsob platby: hotovosť (ďalej len „vypožičiavateľ) Čl. I Predmet výpožičky Požičiavateľ je vlastníkom nehnuteľnosti p. č. 90 v k. ú. Staškov, zapísanej na LV č. 1179. je oprávnený dať Požičiavateľ má právo hospodárenia s nehnuteľnosťou a prehlasuje, že nehnuteľnosť – kuchyňa, jedáleň a WC na prízemí v budove č. s. 90 do výpožičky. Čl. II Účel výpožičky Vypožičiavateľ bude priestory podľa čl. I užívať výlučne k usporiadaniu rodinnej oslavy. Čl. III Podmienky užívania 1. Požičiavateľ odovzdá vypožičiavateľovi priestory k užívaniu bez závad a spôsobilé k užívaniu. 2. Po prevzatí priestorov vypožičiavateľ požaduje/nepožaduje vykurovanie priestorov. 3. Vypožičané priestory môže vypožičiavateľ používať na účel podľa čl. II Zmluvy a priestory nesmie prenajímať ani vypožičiavať ďalším osobám. 4. Vypožičiavateľ je zo",/Users/kazimir/Desktop/BP/zmluvy_cleaned_checked_strict_valid/11818389.txt
11818391,ukoncenie,ukoncen,True,,124-2025,"Dohoda o ukončení Nájomnej zmluvy č. 3/2017 Nitriansky samosprávny kraj Stredná odborná škola polytechnická, Ul. SNP 2, Zlaté Moravce So sídlom: Ul. SNP 2, 953 30 Zlaté Moravce Zastúpená: Mgr. Zuzanou Čižmárikovou, riaditeľkou IČO: 00159093 IČ DPH: SK2021037722 bankové spojenie: Štátna pokladňa číslo účtu: 7000308007/8180 (ďalej ako prenajímateľ) Ing. Peter Matejov - DIANA a Sídlo Zastúpený: IČ0: Bankové spojenie: Číslo účtu Skýcov 350, 951 85 Skýcov Ing. Peter Matejov - živnostník 34 394 800 Slovenská sporiteľňa Zlaté Moravce (ďalej ako nájomca) zmluvné strany prajúc si usporiadanie vzájomných vzťahov uzatvárajú podľa článku VII. bod 2 Nájomnej zmluvy č. 3/2017 uzatvorenej medzi zmluvnými stranami dňa 9.8.2017 v znení Dodatku č.1 zo dňa 23.2.2021 túto Dohodu o ukončení platnosti Nájomnej zmluvy č. 3/2017. I. Ukončenie zmluvy 1. 2. 3. 4. Predmetom tejto dohody je ukončenie platnosti Nájomnej zmluvy č. 3/2017 uzatvorenej medzi zmluvnými stranami dňa 9.8.2017 v znení Dodatku č.1 zo dňa 23.2.2021, na základe ktorej má nájomca v nájme časť nebytových priestorov o výmere 35,7 m2 nachádzajúcich sa v budove, súp. č. 2049, na parcele čísl",/Users/kazimir/Desktop/BP/zmluvy_cleaned_checked_strict_valid/11818391.txt
11818393,ukoncenie,ukoncen,True,,125-2025,"Dohoda o ukončení Nájomnej zmluvy č. 11/2013 Nitriansky samosprávny kraj Stredná odborná škola polytechnická, Ul. SNP 2, Zlaté Moravce So sídlom: Ul. SNP 2, 953 30 Zlaté Moravce Zastúpená: Mgr. Zuzanou Čižmárikovou, riaditeľkou IČO: 00159093 IČ DPH: SK2021037722 bankové spojenie: Štátna pokladňa číslo účtu: 7000308007/8180 (ďalej ako prenajímateľ) Ing. Peter Matejov - DIANA a Sídlo Zastúpený: IČ0: Bankové spojenie: Číslo účtu Skýcov 350, 951 85 Skýcov Ing. Peter Matejov - živnostník 34 394 800 Slovenská sporiteľňa Zlaté Moravce (ďalej ako nájomca) zmluvné strany prajúc si usporiadanie vzájomných vzťahov uzatvárajú podľa článku VII. bod 2 Nájomnej zmluvy č. 11/2013 uzatvorenej medzi zmluvnými stranami dňa 21.11.2013 v znení Dodatku č.1 zo dňa 23.2.2021 túto Dohodu o ukončení platnosti Nájomnej zmluvy č. 11/2013. I. Ukončenie zmluvy 1. 2. 3. 4. Predmetom tejto dohody je ukončenie platnosti Nájomnej zmluvy č. 11/2013 uzatvorenej medzi zmluvnými stranami dňa 21.11.2013 v znení Dodatku č.1 zo dňa 23.2.2021, na základe ktorej má nájomca v nájme časť nebytových priestorov o výmere 115 m2 nachádzajúcich sa v budove, súp. č. 2049, na parce",/Users/kazimir/Desktop/BP/zmluvy_cleaned_checked_strict_valid/11818393.txt
11818395,other,,True,Zmluva o zriadení Spoločného obecného úradu Budimír,1/2025/S0Ú,"ZMLUVA č.1/2025/S0Ú o zriadení Spoločného obecného úradu Budimír uzatvorená podľa $ 20a zákona SNR č. 369/1990 Zb. o obecnom zriadení v znení neskorších predpisov uzatvorená medzi: Učastníci zmluvy: 1. Názov: Obec Budimír Sídlo: Zámocká 22/4, 044 43 Budimír Zastúpená: — Vojtech Staňo, Mgr., starosta obce IČO: 00324001 DIČ: 2021235854 2. Názov: Obec Bačkovík Sídlo: Bačkovík 41, 044 45 Bačkovík Konajúca: — Milan Gábor, starosta obce IČO: 00323934 DIČ: 2021235788 3. Názov: Obec Baška Sídlo: Baška 71, 040 16 Košice 16 Konajúca: Ľubomír Demský, MUDr., starosta obce IČO: 00323942 DIČ: 2021235799 4, Názov: Obec Beniakovce Sídlo: Beniakovce 44, 044 42 Rozhanovce Konajúca: Miroslav Halás, Ing., starosta obce IČO: 00691224 DIČ: 2021261308 5. Názov: Obec Blažice Sídlo: Blažice 53, 044 16 Bohdanovce Konajúca: — Juraj Gmitro, starosta obce IČO: 00690198 DIČ: 2021261176 6. Názov: Obec Bohdanovce Sídlo: Bohdanovce 142, 044 16 Bohdanovce Konajúca: Patrik Beluš, Ing., starosta obce IČO: 00323985 DIČ: 2021235832 7. Názov: Sídlo: Konajúca: IČO: DIČ: 8. Názov: Sídlo: Konajúci: IČO: DIČ: 9. Názov: Sídlo: Konajúca: Ičo: DIČ: 10. Názov: Sídlo: Konajúca: IČO: DIC: 11. Názov: Sídlo: Konajúca: IČO: DIČ: 12",/Users/kazimir/Desktop/BP/zmluvy_cleaned_checked_strict_valid/11818395.txt
11818414,najom,najom,True,Zmluva o nájme bytu,17/2025,"Zmluva o nájme bytu uzavretá podľa § 663, 685 a nasl. z. č. 40/1964 Zb., Občianskeho zákonníka a § 12 z. č. 443/2010 Z. z. o dotáciách na rozvoj bývania a o sociálnom bývaní medzi Prenajímateľom: Obec Tvrdošovce so sídlom: Novozámocká cesta 56, 941 10 Tvrdošovce konajúci prostredníctvom: Ing. Mariánom Tóthom, MBA starostom obce IČO: DIČ: 00309338 202 106 0811 Bankové spojenie: Slovenská sporiteľňa, a.s. IBAN: SK09 0900 0000 0051 8417 5608 (ďalej aj ako „prenajímateľ“) a Nájomcom: Róbert Leszkó nar. bytom: Tvrdošovce, Školská 17 (ďalej aj ako „nájomca“) (spolu prenajímateľ a nájomca označovaní ak aj „zmluvné strany“) za nasledovných podmienok: I. Predmet nájmu 1. Prenajímateľ je oprávneným užívateľom bytového domu nachádzajúceho sa v k. ú. Tvrdošovce, na parcele č.859/1 orientačné číslo 17, súpisné číslo 2112, postavený s podporou štátu, byt I. kategórie. 2. Prenajímateľ prenecháva nájomcovi do dočasného užívania byt č. 4 na 1.poschodí obytného domu súpisné číslo 2112 na Školskej č. 17, ktorý pozostáva z nasledovných miestností: kuchyňa, jedáleň, obývačka, 2x izba, chodba, špajza, kúpeľňa, WC, balkón, spoločné plochy: schodisko, chodba, koči",/Users/kazimir/Desktop/BP/zmluvy_cleaned_checked_strict_valid/11818414.txt
11818420,najom,najom,True,Zmluva o nájme bytu,18/2025,"Zmluva o nájme bytu uzavretá podľa § 663, 685 a nasl. z. č. 40/1964 Zb., Občianskeho zákonníka a § 12 z. č. 443/2010 Z. z. o dotáciách na rozvoj bývania a o sociálnom bývaní medzi Prenajímateľom: Obec Tvrdošovce so sídlom: Novozámocká cesta 56, 941 10 Tvrdošovce konajúci prostredníctvom: Ing. Mariánom Tóthom, MBA starostom obce IČO: DIČ: 00309338 202 106 0811 Bankové spojenie: Slovenská sporiteľňa, a.s. IBAN: SK09 0900 0000 0051 8417 5608 (ďalej aj ako „prenajímateľ“) a Nájomcom: Melinda Csányiová nar. bytom: Tvrdošovce, Školská 17 (ďalej aj ako „nájomca“) (spolu prenajímateľ a nájomca označovaní ak aj „zmluvné strany“) za nasledovných podmienok: I. Predmet nájmu 1. Prenajímateľ je oprávneným užívateľom bytového domu nachádzajúceho sa v k. ú. Tvrdošovce, na parcele č.859/1 orientačné číslo 17, súpisné číslo 2112, postavený s podporou štátu, byt I. kategórie. 2. Prenajímateľ prenecháva nájomcovi do dočasného užívania byt č. 5 na podkroví obytného domu súpisné číslo 2112 na Školskej č. 17, ktorý pozostáva z nasledovných miestností: kuchyňa, jedáleň, obývačka, 2x izba, chodba, špajza, kúpeľňa, WC, balkón, spoločné plochy: schodisko, chodba, ko",/Users/kazimir/Desktop/BP/zmluvy_cleaned_checked_strict_valid/11818420.txt
11818426,najom,najom,True,Zmluva o nájme bytu,19/2025,"Zmluva o nájme bytu uzavretá podľa § 663, 685 a nasl. z. č. 40/1964 Zb., Občianskeho zákonníka a § 12 z. č. 443/2010 Z. z. o dotáciách na rozvoj bývania a o sociálnom bývaní medzi Prenajímateľom: Obec Tvrdošovce so sídlom: Novozámocká cesta 56, 941 10 Tvrdošovce konajúci prostredníctvom: Ing. Marián Tóth, MBA starosta obce IČO: DIČ: 00309338 202 106 0811 Bankové spojenie: Slovenská sporiteľňa, a.s. IBAN: SK09 0900 0000 0051 8417 5608 (ďalej aj ako „prenajímateľ“) a Nájomcom: Marcela Markovičová nar. bytom: Tvrdošovce, Školská 19 (ďalej aj ako „nájomca“) (spolu prenajímateľ a nájomca označovaní ak aj „zmluvné strany“) za nasledovných podmienok: I. Predmet nájmu 1. Prenajímateľ je oprávneným užívateľom bytového domu nachádzajúceho sa v k. ú. Tvrdošovce, na parcele č.859/1 orientačné číslo 19, súpisné číslo 2113, postavený s podporou štátu, byt I. kategórie. 2. Prenajímateľ prenecháva nájomcovi do dočasného užívania byt č. 2 na prízemí obytného domu súpisné číslo 2113 na Školskej č. 19, ktorý pozostáva z nasledovných miestností: kuchyňa, jedáleň, obývačka, 2x izba, chodba, špajza, kúpeľňa, WC, balkón, spoločné plochy: schodisko, chodba, kočiká",/Users/kazimir/Desktop/BP/zmluvy_cleaned_checked_strict_valid/11818426.txt
11818435,najom,najom,True,Zmluva o nájme bytu,20/2025,"Zmluva o nájme bytu uzavretá podľa § 663, 685 a nasl. z. č. 40/1964 Zb., Občianskeho zákonníka a § 12 z. č. 443/2010 Z. z. o dotáciách na rozvoj bývania a o sociálnom bývaní medzi Prenajímateľom: Obec Tvrdošovce so sídlom: Novozámocká cesta 56, 941 10 Tvrdošovce konajúci prostredníctvom: Ing. Mariánom Tóthom, MBA starostom obce IČO: DIČ: 00309338 202 106 0811 Bankové spojenie: Slovenská sporiteľňa, a.s. IBAN: SK09 0900 0000 0051 8417 5608 (ďalej aj ako „prenajímateľ“) a Nájomcom: Marta Fialková nar. bytom: Tvrdošovce, Školská 19 (ďalej aj ako „nájomca“) (spolu prenajímateľ a nájomca označovaní ak aj „zmluvné strany“) za nasledovných podmienok: I. Predmet nájmu 1. Prenajímateľ je oprávneným užívateľom bytového domu nachádzajúceho sa v k. ú. Tvrdošovce, na parcele č.859/1 orientačné číslo 19, súpisné číslo 2113, postavený s podporou štátu, byt I. kategórie. 2. Prenajímateľ prenecháva nájomcovi do dočasného užívania byt č. 3 na 1.poschodí obytného domu súpisné číslo 2113 na Školskej č. 19, ktorý pozostáva z nasledovných miestností: kuchyňa, jedáleň, obývačka, 2x izba, chodba, špajza, kúpeľňa, WC, balkón, spoločné plochy: schodisko, chodba, koč",/Users/kazimir/Desktop/BP/zmluvy_cleaned_checked_strict_valid/11818435.txt
11818441,najom,najom,True,Zmluva o nájme bytu,21/2025,"Zmluva o nájme bytu uzavretá podľa § 663, 685 a nasl. z. č. 40/1964 Zb., Občianskeho zákonníka a § 12 z. č. 443/2010 Z. z. o dotáciách na rozvoj bývania a o sociálnom bývaní medzi Prenajímateľom: Obec Tvrdošovce so sídlom: Novozámocká cesta 56, 941 10 Tvrdošovce konajúci prostredníctvom: Ing. Mariánom Tóthom, MBA starostom obce IČO: DIČ: 00309338 202 106 0811 Bankové spojenie: Slovenská sporiteľňa, a.s. IBAN: SK09 0900 0000 0051 8417 5608 (ďalej aj ako „prenajímateľ“) a Nájomcom: Ing. Mário Fugli nar. bytom: Tvrdošovce, Školská 19 a Melinda Fugli nar. bytom: Tvrdošovce, Školská 19 (ďalej aj ako „nájomca“) (spolu prenajímateľ a nájomca označovaní ak aj „zmluvné strany“) za nasledovných podmienok: I. Predmet nájmu 1. Prenajímateľ je oprávneným užívateľom bytového domu nachádzajúceho sa v k. ú. Tvrdošovce, na parcele č.859/1 orientačné číslo 19, súpisné číslo 2113, postavený s podporou štátu, byt I. kategórie. 2. Prenajímateľ prenecháva nájomcovi do dočasného užívania byt č. 4 na 1.poschodí obytného domu. p súpisné číslo 2113 na Školskej č. 19, ktorý pozostáva z nasledovných miestností: kuchyňa, jedáleň, obývačka, 2x",/Users/kazimir/Desktop/BP/zmluvy_cleaned_checked_strict_valid/11818441.txt
11818444,najom,najom,True,Zmluva o nájme bytu,22/2025,"Zmluva o nájme bytu uzavretá podľa § 663, 685 a nasl. z. č. 40/1964 Zb., Občianskeho zákonníka a § 12 z. č. 443/2010 Z. z. o dotáciách na rozvoj bývania a o sociálnom bývaní medzi Prenajímateľom: Obec Tvrdošovce so sídlom: Novozámocká cesta 56, 941 10 Tvrdošovce konajúci prostredníctvom: Ing. Mariánom Tóthom, MBA starostom obce IČO: DIČ: 00309338 202 106 0811 Bankové spojenie: Slovenská sporiteľňa, a.s. IBAN: SK09 0900 0000 0051 8417 5608 (ďalej aj ako „prenajímateľ“) a Nájomcom: Röschl Pintérová Lívia nar. bytom: Tvrdošovce, Školská 19 (ďalej aj ako „nájomca“) (spolu prenajímateľ a nájomca označovaní ak aj „zmluvné strany“) za nasledovných podmienok: I. Predmet nájmu 1. Prenajímateľ je oprávneným užívateľom bytového domu nachádzajúceho sa v k. ú. Tvrdošovce, na parcele č.859/1 orientačné číslo 19, súpisné číslo 2113, postavený s podporou štátu, byt I. kategórie. 2. Prenajímateľ prenecháva nájomcovi do dočasného užívania byt č. 5 na podkroví obytného domu súpisné číslo 2113 na Školskej č. 19, ktorý pozostáva z nasledovných miestností: kuchyňa, jedáleň, obývačka, 2x izba, chodba, špajza, kúpeľňa, WC, balkón, spoločné plochy: schodisko, chodba",/Users/kazimir/Desktop/BP/zmluvy_cleaned_checked_strict_valid/11818444.txt
11818446,prispevok,prispevok|prispevku|financnych prostriedk|poskytnuti podpory,True,Zmluva č. 253311 08U02 o poskytnutí podpory z environmentálneho fondu formou úveru,ZOPU_001/2025,"ZMLUVA Č. 253311 08U02 O POSKYTNUTÍ PODPORY Z ENVIRONMENTÁLNEHO FONDU FORMOU ÚVERU ďalej označovaná len ako „Zmluva“, uzatvorená medzi nasledovnými Zmluvnými stranami: Poskytovateľ podpory: Environmentálny fond so sídlom: Nevädzová 806/5, 821 01 Bratislava IČO: DIČ: 30 796 491 2021925774 Štatutárny zástupca: Ing. Marek Giba, MBA, generálny riaditeľ Bankové spojenie: Štátna pokladnica IBAN: SK87 8180 0000 0070 0069 3961 (ďalej len „Fond“) a Príjemca podpory: Mesto Spišská Nová Ves so sídlom: IČO: Radničné námestie 1843/7, 052 01 Spišská Nová Ves 00 329 614 Štatutárny zástupca: Ing. Pavol Bečarik, primátor mesta Bankové spojenie: Prima banka Slovensko, a.s. IBAN: E-mail: (ďalej len „Dlžník“) SK73 5600 0000 0034 0042 3014 pavol.becarik@mestosnv.sk (Fond a Dlžník sú ďalej spoločne označovaní aj ako „Zmluvné strany“ a jednotlivo ako „Zmluvná strana“) podľa ustanovení Zákona o Environmentálnom fonde a § 497 až § 507 Obchodného zákonníka, v súlade so Zákonom o štátnej pomoci a tiež v súlade s ustanoveniami platných právnych predpisov Slovenskej republiky a platných právnych aktov Európskej únie špecifikovaných v Úverov",/Users/kazimir/Desktop/BP/zmluvy_cleaned_checked_strict_valid/11818446.txt
11818448,najom,najom,True,Zmluva o nájme bytu,S 2025/02280,"Zmluva o nájme bytu č. S 2025/02280/ uzatvorená podľa §685 a nasl. zákona č. 40/1964 Zb. - Občiansky zákonník v znení neskorších predpisov a súvisiacich platných právnych predpisov medzi: I. ZMLUVNÉ STRANY Prenajímateľ: Mesto Veľký Šariš, sídlo: Námestie sv. Jakuba 1, 082 21 Veľký Šariš Štatutárny zástupca: JUDr. Viliam Kall - primátor mesta Bankové spojenie: Prima Banka a.s., pobočka Prešov, číslo účtu: 8800925024 / 5600 IČO: 00 327 972 (ďalej len „prenajímateľ“) a Nájomca: Miroslav Sivák a Marek Sivák (ďalej len „nájomca“) sa dohodli na uzavretí tejto zmluvy podľa § 685 a nasl. Občianskeho zákonníka II. PREDMET A ROZSAH NÁJMU 1. Prenajímateľ prenecháva nájomcovi do užívania byt vo Veľkom Šariši. Byt, ktorý je predmetom tejto zmluvy, nemožno užívať na iné účely, ako na bývanie. 2. Prenajímateľ prenecháva nájomcovi byt uvedený v bode 1 po opakovanom prehodnotení a splnení podmienok na dobu určitú – 3 mesiace a to od 01.11.2025 do 31.01.2026. Nájom bytu dojednaný na určitú dobu končí uplynutím tejto doby, ak sa neobnoví podľa bodu 4 tohto článku. 3. Nájomná zmluva sa uzatvára v súlade s uznesením MsZ vo Veľkom Šariši o pridelení mestského nájomné",/Users/kazimir/Desktop/BP/zmluvy_cleaned_checked_strict_valid/11818448.txt
11818450,najom,najom,True,Zmluva o nájme bytu,S 2025/01993,"Zmluva o nájme bytu č. S 2025/01993/ uzatvorená podľa §685 a nasl. zákona č. 40/1964 Zb. - Občiansky zákonník v znení neskorších predpisov a súvisiacich platných právnych predpisov medzi: I. ZMLUVNÉ STRANY Prenajímateľ: Mesto Veľký Šariš, sídlo: Námestie sv. Jakuba 1, 082 21 Veľký Šariš Štatutárny zástupca: JUDr. Viliam Kall - primátor mesta Bankové spojenie: Prima Banka a.s., pobočka Prešov, číslo účtu: 8800925024 / 5600 IČO: 00 327 972 (ďalej len „prenajímateľ“) a Nájomca: Jozef SIVÁK a manželka Helena SIVÁKOVÁ (ďalej len „nájomca“) sa dohodli na uzavretí tejto zmluvy podľa § 685 a nasl. Občianskeho zákonníka II. PREDMET A ROZSAH NÁJMU 1. Prenajímateľ prenecháva nájomcovi do užívania byt vo Veľkom Šariši. Byt, ktorý je predmetom tejto zmluvy, nemožno užívať na iné účely, ako na bývanie. 2. Prenajímateľ prenecháva nájomcovi byt uvedený v bode 1 po opakovanom prehodnotení a splnení podmienok na dobu určitú – 1 rok a to od 01.12.2025 do 30.11.2026. Nájom bytu dojednaný na určitú dobu končí uplynutím tejto doby, ak sa neobnoví podľa bodu 4 tohto článku. 3. Nájomná zmluva sa uzatvára v súlade s uznesením MsZ vo Veľkom Šariši o pridelení mestského n",/Users/kazimir/Desktop/BP/zmluvy_cleaned_checked_strict_valid/11818450.txt
11818452,najom,najom,True,Zmluva o nájme bytu,S2025/01990,"Zmluva o nájme bytu č. S2025/01990/ uzatvorená podľa §685 a nasl. zákona č. 40/1964 Zb. - Občiansky zákonník v znení neskorších predpisov a súvisiacich platných právnych predpisov medzi: I. ZMLUVNÉ STRANY Prenajímateľ: Mesto Veľký Šariš, sídlo: Námestie sv. Jakuba 1, 082 21 Veľký Šariš Štatutárny zástupca: JUDr. Viliam Kall - primátor mesta Bankové spojenie: Prima Banka a.s., pobočka Prešov, číslo účtu: 8800925024 / 5600 IČO: 00 327 972 (ďalej len „prenajímateľ“) a Nájomca: Martin SIVÁK a Zuzana SIVÁKOVÁ (ďalej len „nájomca“) sa dohodli na uzavretí tejto zmluvy podľa § 685 a nasl. Občianskeho zákonníka II. PREDMET A ROZSAH NÁJMU 1. Prenajímateľ prenecháva nájomcovi do užívania byt vo Veľkom Šariši. Byt, ktorý je predmetom tejto zmluvy, nemožno užívať na iné účely, ako na bývanie. 2. Prenajímateľ prenecháva nájomcovi byt uvedený v bode 1 po opakovanom prehodnotení a splnení podmienok na dobu určitú – 1 rok a to od 01.12.2025 do 30.11.2026. Nájom bytu dojednaný na určitú dobu končí uplynutím tejto doby, ak sa neobnoví podľa bodu 4 tohto článku. 3. Nájomná zmluva sa uzatvára v súlade s uznesením MsZ vo Veľkom Šariši o pridelení mestského nájomného",/Users/kazimir/Desktop/BP/zmluvy_cleaned_checked_strict_valid/11818452.txt
11818454,dodatok,dodatok|dodatku,True,Zmluva o nájme bytu,Dodatok č. 3 k S2022/02488,"Dodatok č. 3 k Zmluve o nájme bytu č. S2022/02488/ uzatvorenej podľa §685 a nasl. zákona č. 40/1964 Zb. - Občiansky zákonník v znení neskorších predpisov a súvisiacich platných právnych predpisov medzi: I. ZMLUVNÉ STRANY Prenajímateľ: Mesto Veľký Šariš, sídlo: Námestie sv. Jakuba 1, 082 21 Veľký Šariš Štatutárny zástupca: JUDr. Viliam Kall - primátor mesta Bankové spojenie: Prima Banka a.s., pobočka Prešov, číslo účtu: 8800925024 / 5600 IČO: 00 327 972 (ďalej len „prenajímateľ“) a Nájomca: Nájomca: Dušan GREGA a manželka Kornélia GREGOVÁ (ďalej len „nájomca“) sa dohodli na uzavretí tohto Dodatku č. 3 k Zmluve o nájme bytu č. S2022/02488/ uzatvorenej dňa 19.12.2022 vo Veľkom Šariši nasledovne: II. Predmet dodatku (1) Prenajímateľ a nájomca sa v zmysle čl. IX ods. 1 Zmluvy o nájme bytu č. S2022/02488/ dohodli na zmene citovanej zmluvy a to tak, že: v článku II Predmet a rozsah nájmu ods. 9 sa zo zoznamu osôb tvoriacich domácnosť odoberajú: (2) Ostatné ustanovenia zmluvy ostávajú nezmenené. Článok III Záverečné ustanovenia 1. Zmluvné strany vyhlasujú, že si tento dodatok prečítali, porozumeli jeho obsahu a právnym účinkom znej",/Users/kazimir/Desktop/BP/zmluvy_cleaned_checked_strict_valid/11818454.txt
11818456,najom,najom,True,Zmluva o nájme bytu,S 2025/01945,"Zmluva o nájme bytu č. S 2025/01945/ uzatvorená podľa §685 a nasl. zákona č. 40/1964 Zb. - Občiansky zákonník v znení neskorších predpisov a súvisiacich platných právnych predpisov medzi: I. ZMLUVNÉ STRANY Prenajímateľ: Mesto Veľký Šariš, sídlo: Námestie sv. Jakuba 1, 082 21 Veľký Šariš Štatutárny zástupca: JUDr. Viliam Kall - primátor mesta Bankové spojenie: Prima Banka a.s., pobočka Prešov, číslo účtu: 8800925024 / 5600 IČO: 00 327 972 (ďalej len „prenajímateľ“) a Nájomca: Marek Bilý a Marcela Bilá (ďalej len „nájomca“) sa dohodli na uzavretí tejto zmluvy podľa § 685 a nasl. Občianskeho zákonníka II. PREDMET A ROZSAH NÁJMU 1. Prenajímateľ prenecháva nájomcovi do užívania byt vo Veľkom Šariši. Byt, ktorý je predmetom tejto zmluvy, nemožno užívať na iné účely, ako na bývanie. 2. Prenajímateľ prenecháva nájomcovi byt uvedený v bode 1 po opakovanom prehodnotení a splnení podmienok na dobu určitú – 1 rok, a to od 01.12.2025 do 30.11.2026. Nájom bytu dojednaný na určitú dobu končí uplynutím tejto doby, ak sa neobnoví podľa bodu 4 tohto článku. 3. Nájomná zmluva sa uzatvára v súlade s uznesením MsZ vo Veľkom Šariši o pridelení mestského nájomného byt",/Users/kazimir/Desktop/BP/zmluvy_cleaned_checked_strict_valid/11818456.txt
11818458,najom,najom,True,Zmluva o nájme bytu,S2025/02076,"Zmluva o nájme bytu č. S2025/02076/ uzatvorená podľa §685 a nasl. zákona č. 40/1964 Zb. - Občiansky zákonník v znení neskorších predpisov a súvisiacich platných právnych predpisov medzi: I. ZMLUVNÉ STRANY Prenajímateľ: Mesto Veľký Šariš, sídlo: Námestie sv. Jakuba 1, 082 21 Veľký Šariš Štatutárny zástupca: JUDr. Viliam Kall - primátor mesta Bankové spojenie: Prima Banka a.s., pobočka Prešov, číslo účtu: 8800925024 / 5600 IČO: 00 327 972 (ďalej len „prenajímateľ“) a Nájomca: Danka GODLOVÁ (ďalej len „nájomca“) sa dohodli na uzavretí tejto zmluvy podľa § 685 a nasl. Občianskeho zákonníka II. PREDMET A ROZSAH NÁJMU 1. Prenajímateľ prenecháva nájomcovi do užívania byt vo Veľkom Šariši. Byt, ktorý je predmetom tejto zmluvy, nemožno užívať na iné účely, ako na bývanie. 2. Prenajímateľ prenecháva nájomcovi byt uvedený v bode 1 po opakovanom prehodnotení a splnení podmienok na dobu určitú – 1 rok, a to od 01.12.2025 do 30.11.2026. Nájom bytu dojednaný na určitú dobu končí uplynutím tejto doby, ak sa neobnoví podľa bodu 4 tohto článku. 3. Nájomná zmluva sa uzatvára v súlade s uznesením MsZ vo Veľkom Šariši o pridelení mestského nájomného bytu nájomcovi po",/Users/kazimir/Desktop/BP/zmluvy_cleaned_checked_strict_valid/11818458.txt
11818460,najom,najom,True,Zmluva o nájme bytu,S2025/02058,"Zmluva o nájme bytu č. S2025/02058/ uzatvorená podľa §685 a nasl. zákona č. 40/1964 Zb. - Občiansky zákonník v znení neskorších predpisov a súvisiacich platných právnych predpisov medzi: I. ZMLUVNÉ STRANY Prenajímateľ: Mesto Veľký Šariš, sídlo: Námestie sv. Jakuba 1, 082 21 Veľký Šariš Štatutárny zástupca: JUDr. Viliam Kall - primátor mesta Bankové spojenie: Prima Banka a. s., pobočka Prešov, číslo účtu: 8800925024 / 5600 IČO: 00 327 972 (ďalej len „prenajímateľ“) a Nájomca: Ladislav FABIAN (ďalej len „nájomca“) sa dohodli na uzavretí tejto zmluvy podľa § 685 a nasl. Občianskeho zákonníka II. PREDMET A ROZSAH NÁJMU 1. Prenajímateľ prenecháva nájomcovi do užívania byt vo Veľkom Šariši. Byt, ktorý je predmetom tejto zmluvy, nemožno užívať na iné účely, ako na bývanie. 2. Prenajímateľ prenecháva nájomcovi byt uvedený v bode 1 po opakovanom prehodnotení a splnení podmienok na dobu určitú – 3 roky, a to od 01.12.2025 do 30.11.2028. Nájom bytu dojednaný na určitú dobu končí uplynutím tejto doby, ak sa neobnoví podľa bodu 4 tohto článku. 3. Nájomná zmluva sa uzatvára v súlade s uznesením MsZ vo Veľkom Šariši o pridelení mestského nájomného bytu nájomcov",/Users/kazimir/Desktop/BP/zmluvy_cleaned_checked_strict_valid/11818460.txt
11818462,najom,najom,True,Zmluva o nájme bytu,S2025/02012,"Zmluva o nájme bytu č. S2025/02012/ uzatvorená podľa §685 a nasl. zákona č. 40/1964 Zb. - Občiansky zákonník v znení neskorších predpisov a súvisiacich platných právnych predpisov medzi: I. ZMLUVNÉ STRANY Prenajímateľ: Mesto Veľký Šariš, sídlo: Námestie sv. Jakuba 1, 082 21 Veľký Šariš Štatutárny zástupca: JUDr. Viliam Kall - primátor mesta Bankové spojenie: Prima Banka a. s., pobočka Prešov, číslo účtu: 8800925024 / 5600 IČO: 00 327 972 (ďalej len „prenajímateľ“) a Nájomca: Lucia STAŠÍKOVÁ (ďalej len „nájomca“) sa dohodli na uzavretí tejto zmluvy podľa § 685 a nasl. Občianskeho zákonníka II. PREDMET A ROZSAH NÁJMU 1. Prenajímateľ prenecháva nájomcovi do užívania byt vo Veľkom Šariši. Byt, ktorý je predmetom tejto zmluvy, nemožno užívať na iné účely, ako na bývanie. 2. Prenajímateľ prenecháva nájomcovi byt uvedený v bode 1 po opakovanom prehodnotení a splnení podmienok na dobu určitú –1 rok, a to od 01.12.2025 do 30.11.2026. Nájom bytu dojednaný na určitú dobu končí uplynutím tejto doby, ak sa neobnoví podľa bodu 4 tohto článku. 3. Nájomná zmluva sa uzatvára v súlade s uznesením MsZ vo Veľkom Šariši o pridelení mestského nájomného bytu nájomcovi",/Users/kazimir/Desktop/BP/zmluvy_cleaned_checked_strict_valid/11818462.txt
11818464,najom,najom,True,Zmluva o nájme bytu,S2025/02130,"Zmluva o nájme bytu č. S2025/02130/ uzatvorená podľa §685 a nasl. zákona č. 40/1964 Zb. - Občiansky zákonník v znení neskorších predpisov a súvisiacich platných právnych predpisov medzi: I. ZMLUVNÉ STRANY Prenajímateľ: Mesto Veľký Šariš, sídlo: Námestie sv. Jakuba 1, 082 21 Veľký Šariš Štatutárny zástupca: JUDr. Viliam Kall - primátor mesta Bankové spojenie: Prima Banka a. s., pobočka Prešov, číslo účtu: 8800925024 / 5600 IČO: 00 327 972 (ďalej len „prenajímateľ“) a Nájomca: Jaroslav ĽOS-BOŽÍK a manželka Lucia ĽOSOVÁ-BOŽÍKOVÁ (ďalej len „nájomca“) sa dohodli na uzavretí tejto zmluvy podľa § 685 a nasl. Občianskeho zákonníka II. PREDMET A ROZSAH NÁJMU 1. Prenajímateľ prenecháva nájomcovi do užívania byt vo Veľkom Šariši. Byt, ktorý je predmetom tejto zmluvy, nemožno užívať na iné účely, ako na bývanie. 2. Prenajímateľ prenecháva nájomcovi byt uvedený v bode 1 po opakovanom prehodnotení a splnení podmienok na dobu určitú – 3 roky, a to od 01.12.2025 do 30.11.2028. Nájom bytu dojednaný na určitú dobu končí uplynutím tejto doby, ak sa neobnoví podľa bodu 4 tohto článku. 3. Nájomná zmluva sa uzatvára v súlade s uznesením MsZ vo Veľkom Šariši o pridele",/Users/kazimir/Desktop/BP/zmluvy_cleaned_checked_strict_valid/11818464.txt
11818466,najom,najom,True,Zmluva o nájme bytu,S 2025/02085,"Zmluva o nájme bytu č. S 2025/02085/ uzatvorená podľa §685 a nasl. zákona č. 40/1964 Zb. - Občiansky zákonník v znení neskorších predpisov a súvisiacich platných právnych predpisov medzi: I. ZMLUVNÉ STRANY Prenajímateľ: Mesto Veľký Šariš, sídlo: Námestie sv. Jakuba 1, 082 21 Veľký Šariš Štatutárny zástupca: JUDr. Viliam Kall - primátor mesta Bankové spojenie: Prima Banka a.s., pobočka Prešov, číslo účtu: 8800925024 / 5600 IČO: 00 327 972 (ďalej len „prenajímateľ“) a Nájomca: Zdenko BILÝ a manželka Monika BILÁ (ďalej len „nájomca“) sa dohodli na uzavretí tejto zmluvy podľa § 685 a nasl. Občianskeho zákonníka II. PREDMET A ROZSAH NÁJMU 1. Prenajímateľ prenecháva nájomcovi do užívania byt vo Veľkom Šariši. Byt, ktorý je predmetom tejto zmluvy, nemožno užívať na iné účely, ako na bývanie. 2. Prenajímateľ prenecháva nájomcovi byt uvedený v bode 1 po opakovanom prehodnotení a splnení podmienok na dobu určitú – 1 rok a to od 01.12.2025 do 30.11.2026. Nájom bytu dojednaný na určitú dobu končí uplynutím tejto doby, ak sa neobnoví podľa bodu 4 tohto článku. 3. Nájomná zmluva sa uzatvára v súlade s uznesením MsZ vo Veľkom Šariši o pridelení mestského nájomn",/Users/kazimir/Desktop/BP/zmluvy_cleaned_checked_strict_valid/11818466.txt
11818468,najom,najom,True,Zmluva o nájme bytu,S2025/02052,"Zmluva o nájme bytu č. S2025/02052/ uzatvorená podľa §685 a nasl. zákona č. 40/1964 Zb. - Občiansky zákonník v znení neskorších predpisov a súvisiacich platných právnych predpisov medzi: I. ZMLUVNÉ STRANY Prenajímateľ: Mesto Veľký Šariš, sídlo: Námestie sv. Jakuba 1, 082 21 Veľký Šariš Štatutárny zástupca: JUDr. Viliam Kall - primátor mesta Bankové spojenie: Prima Banka a. s., pobočka Prešov, číslo účtu: 8800925024 / 5600 IČO: 00 327 972 (ďalej len „prenajímateľ“) a Nájomca: Ľudmila ŠIDLOVSKÁ (ďalej len „nájomca“) sa dohodli na uzavretí tejto zmluvy podľa § 685 a nasl. Občianskeho zákonníka II. PREDMET A ROZSAH NÁJMU 1. Prenajímateľ prenecháva nájomcovi do užívania byt vo Veľkom Šariši. Byt, ktorý je predmetom tejto zmluvy, nemožno užívať na iné účely, ako na bývanie. 2. Prenajímateľ prenecháva nájomcovi byt uvedený v bode 1 po opakovanom prehodnotení a splnení podmienok na dobu určitú – 3 roky, a to od 01.12.2025 do 30.11.2028. Nájom bytu dojednaný na určitú dobu končí uplynutím tejto doby, ak sa neobnoví podľa bodu 4 tohto článku. 3. Nájomná zmluva sa uzatvára v súlade s uznesením MsZ vo Veľkom Šariši o pridelení mestského nájomného bytu nájomc",/Users/kazimir/Desktop/BP/zmluvy_cleaned_checked_strict_valid/11818468.txt
11818470,najom,najom,True,Zmluva o nájme bytu,S2025/02010,"Zmluva o nájme bytu č. S2025/02010/ uzatvorená podľa §685 a nasl. zákona č. 40/1964 Zb. - Občiansky zákonník v znení neskorších predpisov a súvisiacich platných právnych predpisov medzi: I. ZMLUVNÉ STRANY Prenajímateľ: Mesto Veľký Šariš, sídlo: Námestie sv. Jakuba 1, 082 21 Veľký Šariš Štatutárny zástupca: JUDr. Viliam Kall - primátor mesta Bankové spojenie: Prima Banka a. s., pobočka Prešov, číslo účtu: 8800925024 / 5600 IČO: 00 327 972 (ďalej len „prenajímateľ“) a Nájomca: Denisa KOMORNÍKOVÁ (ďalej len „nájomca“) sa dohodli na uzavretí tejto zmluvy podľa § 685 a nasl. Občianskeho zákonníka II. PREDMET A ROZSAH NÁJMU 1. Prenajímateľ prenecháva nájomcovi do užívania byt vo Veľkom Šariši. Byt, ktorý je predmetom tejto zmluvy, nemožno užívať na iné účely, ako na bývanie. 2. Prenajímateľ prenecháva nájomcovi byt uvedený v bode 1 po opakovanom prehodnotení a splnení podmienok na dobu určitú – 3 roky, a to od 01.12.2025 do 30.11.2028. Nájom bytu dojednaný na určitú dobu končí uplynutím tejto doby, ak sa neobnoví podľa bodu 4 tohto článku. 3. Nájomná zmluva sa uzatvára v súlade s uznesením MsZ vo Veľkom Šariši o pridelení mestského nájomného bytu nájo",/Users/kazimir/Desktop/BP/zmluvy_cleaned_checked_strict_valid/11818470.txt
11818472,najom,najom,True,Zmluva o nájme bytu,S2025/02011,"Zmluva o nájme bytu č. S2025/02011/ uzatvorená podľa §685 a nasl. zákona č. 40/1964 Zb. - Občiansky zákonník v znení neskorších predpisov a súvisiacich platných právnych predpisov medzi: I. ZMLUVNÉ STRANY Prenajímateľ: Mesto Veľký Šariš, sídlo: Námestie sv. Jakuba 1, 082 21 Veľký Šariš Štatutárny zástupca: JUDr. Viliam Kall - primátor mesta Bankové spojenie: Prima Banka a. s., pobočka Prešov, číslo účtu: 8800925024 / 5600 IČO: 00 327 972 (ďalej len „prenajímateľ“) a Nájomca: Milada FOGAŠOVÁ (ďalej len „nájomca“) sa dohodli na uzavretí tejto zmluvy podľa § 685 a nasl. Občianskeho zákonníka II. PREDMET A ROZSAH NÁJMU 1. Prenajímateľ prenecháva nájomcovi do užívania byt vo Veľkom Šariši. Byt, ktorý je predmetom tejto zmluvy, nemožno užívať na iné účely, ako na bývanie. 2. Prenajímateľ prenecháva nájomcovi byt uvedený v bode 1 po opakovanom prehodnotení a splnení podmienok na dobu určitú – 3 roky, a to od 01.12.2025 do 30.11.2028. Nájom bytu dojednaný na určitú dobu končí uplynutím tejto doby, ak sa neobnoví podľa bodu 4 tohto článku. 3. Nájomná zmluva sa uzatvára v súlade s uznesením MsZ vo Veľkom Šariši o pridelení mestského nájomného bytu nájomcov",/Users/kazimir/Desktop/BP/zmluvy_cleaned_checked_strict_valid/11818472.txt
11818474,najom,najom,True,Zmluva o nájme bytu,S2025/02069,"Zmluva o nájme bytu č. S2025/02069/ uzatvorená podľa §685 a nasl. zákona č. 40/1964 Zb. - Občiansky zákonník v znení neskorších predpisov a súvisiacich platných právnych predpisov medzi: I. ZMLUVNÉ STRANY Prenajímateľ: Mesto Veľký Šariš, sídlo: Námestie sv. Jakuba 1, 082 21 Veľký Šariš Štatutárny zástupca: JUDr. Viliam Kall - primátor mesta Bankové spojenie: Prima Banka a. s., pobočka Prešov, číslo účtu: 8800925024 / 5600 IČO: 00 327 972 (ďalej len „prenajímateľ“) a Nájomca: Veronika MATEJOVÁ (ďalej len „nájomca“) sa dohodli na uzavretí tejto zmluvy podľa § 685 a nasl. Občianskeho zákonníka II. PREDMET A ROZSAH NÁJMU 1. Prenajímateľ prenecháva nájomcovi do užívania byt vo Veľkom Šariši. Byt, ktorý je predmetom tejto zmluvy, nemožno užívať na iné účely, ako na bývanie. 2. Prenajímateľ prenecháva nájomcovi byt uvedený v bode 1 po opakovanom prehodnotení a splnení podmienok na dobu určitú – 3 roky, a to od 01.12.2025 do 30.11.2028. Nájom bytu dojednaný na určitú dobu končí uplynutím tejto doby, ak sa neobnoví podľa bodu 4 tohto článku. 3. Nájomná zmluva sa uzatvára v súlade s uznesením MsZ vo Veľkom Šariši o pridelení mestského nájomného bytu nájomc",/Users/kazimir/Desktop/BP/zmluvy_cleaned_checked_strict_valid/11818474.txt
11818476,najom,najom,True,Zmluva o nájme bytu,S2025/02007,"Zmluva o nájme bytu č. S2025/02007/ uzatvorená podľa §685 a nasl. zákona č. 40/1964 Zb. - Občiansky zákonník v znení neskorších predpisov a súvisiacich platných právnych predpisov medzi: I. ZMLUVNÉ STRANY Prenajímateľ: Mesto Veľký Šariš, sídlo: Námestie sv. Jakuba 1, 082 21 Veľký Šariš Štatutárny zástupca: JUDr. Viliam Kall - primátor mesta Bankové spojenie: Prima Banka a. s., pobočka Prešov, číslo účtu: 8800925024 / 5600 IČO: 00 327 972 (ďalej len „prenajímateľ“) a Nájomca: Janka CUPEROVÁ (ďalej len „nájomca“) sa dohodli na uzavretí tejto zmluvy podľa § 685 a nasl. Občianskeho zákonníka II. PREDMET A ROZSAH NÁJMU 1. Prenajímateľ prenecháva nájomcovi do užívania byt vo Veľkom Šariši. Byt, ktorý je predmetom tejto zmluvy, nemožno užívať na iné účely, ako na bývanie. 2. Prenajímateľ prenecháva nájomcovi byt uvedený v bode 1 po opakovanom prehodnotení a splnení podmienok na dobu určitú – 3 roky, a to od 01.12.2025 do 30.11.2028. Nájom bytu dojednaný na určitú dobu končí uplynutím tejto doby, ak sa neobnoví podľa bodu 4 tohto článku. 3. Nájomná zmluva sa uzatvára v súlade s uznesením MsZ vo Veľkom Šariši o pridelení mestského nájomného bytu nájomcovi",/Users/kazimir/Desktop/BP/zmluvy_cleaned_checked_strict_valid/11818476.txt
11818478,najom,najom,True,Zmluva o nájme bytu,S2025/02006,"Zmluva o nájme bytu č. S2025/02006/ uzatvorená podľa §685 a nasl. zákona č. 40/1964 Zb. - Občiansky zákonník v znení neskorších predpisov a súvisiacich platných právnych predpisov medzi: I. ZMLUVNÉ STRANY Prenajímateľ: Mesto Veľký Šariš, sídlo: Námestie sv. Jakuba 1, 082 21 Veľký Šariš Štatutárny zástupca: JUDr. Viliam Kall - primátor mesta Bankové spojenie: Prima Banka a. s., pobočka Prešov, číslo účtu: 8800925024 / 5600 IČO: 00 327 972 (ďalej len „prenajímateľ“) a Nájomca: Marek TARASOVIČ a manželka Marta TARASOVIČOVÁ (ďalej len „nájomca“) sa dohodli na uzavretí tejto zmluvy podľa § 685 a nasl. Občianskeho zákonníka II. PREDMET A ROZSAH NÁJMU 1. Prenajímateľ prenecháva nájomcovi do užívania byt vo Veľkom Šariši. Byt, ktorý je predmetom tejto zmluvy, nemožno užívať na iné účely, ako na bývanie. 2. Prenajímateľ prenecháva nájomcovi byt uvedený v bode 1 po opakovanom prehodnotení a splnení podmienok na dobu určitú – 3 roky, a to od 01.12.2025 do 30.11.2028. Nájom bytu dojednaný na určitú dobu končí uplynutím tejto doby, ak sa neobnoví podľa bodu 4 tohto článku. 3. Nájomná zmluva sa uzatvára v súlade s uznesením MsZ vo Veľkom Šariši o pridelení mes",/Users/kazimir/Desktop/BP/zmluvy_cleaned_checked_strict_valid/11818478.txt
11818480,najom,najom,True,Zmluva o nájme bytu,S2025/02018,"Zmluva o nájme bytu č. S2025/02018/ uzatvorená podľa §685 a nasl. zákona č. 40/1964 Zb. - Občiansky zákonník v znení neskorších predpisov a súvisiacich platných právnych predpisov medzi: I. ZMLUVNÉ STRANY Prenajímateľ: Mesto Veľký Šariš, sídlo: Námestie sv. Jakuba 1, 082 21 Veľký Šariš Štatutárny zástupca: JUDr. Viliam Kall - primátor mesta Bankové spojenie: Prima Banka a. s., pobočka Prešov, číslo účtu: 8800925024 / 5600 IČO: 00 327 972 (ďalej len „prenajímateľ“) a Nájomca: Lenka OLEJŇÁKOVÁ (ďalej len „nájomca“) sa dohodli na uzavretí tejto zmluvy podľa § 685 a nasl. Občianskeho zákonníka II. PREDMET A ROZSAH NÁJMU 1. Prenajímateľ prenecháva nájomcovi do užívania byt vo Veľkom Šariši. Byt, ktorý je predmetom tejto zmluvy, nemožno užívať na iné účely, ako na bývanie. 2. Prenajímateľ prenecháva nájomcovi byt uvedený v bode 1 po opakovanom prehodnotení a splnení podmienok na dobu určitú – 3 roky, a to od 01.12.2025 do 30.11.2028. Nájom bytu dojednaný na určitú dobu končí uplynutím tejto doby, ak sa neobnoví podľa bodu 4 tohto článku. 3. Nájomná zmluva sa uzatvára v súlade s uznesením MsZ vo Veľkom Šariši o pridelení mestského nájomného bytu nájomco",/Users/kazimir/Desktop/BP/zmluvy_cleaned_checked_strict_valid/11818480.txt
11818482,najom,najom,True,Zmluva o nájme bytu,S 2025/01996,"Zmluva o nájme bytu č. S 2025/01996/ uzatvorená podľa §685 a nasl. zákona č. 40/1964 Zb. - Občiansky zákonník v znení neskorších predpisov a súvisiacich platných právnych predpisov medzi: I. ZMLUVNÉ STRANY Prenajímateľ: Mesto Veľký Šariš, sídlo: Námestie sv. Jakuba 1, 082 21 Veľký Šariš Štatutárny zástupca: JUDr. Viliam Kall - primátor mesta Bankové spojenie: Prima Banka a.s., pobočka Prešov, číslo účtu: 8800925024 / 5600 IČO: 00 327 972 (ďalej len „prenajímateľ“) a Nájomca: Marián Billý (ďalej len „nájomca“) sa dohodli na uzavretí tejto zmluvy podľa § 685 a nasl. Občianskeho zákonníka II. PREDMET A ROZSAH NÁJMU 1. Prenajímateľ prenecháva nájomcovi do užívania byt vo Veľkom Šariši. Byt, ktorý je predmetom tejto zmluvy, nemožno užívať na iné účely, ako na bývanie. 2. Prenajímateľ prenecháva nájomcovi byt uvedený v bode 1 po opakovanom prehodnotení a splnení podmienok na dobu určitú – 1 rok a to od 01.12.2025 do 30.11.2026. Nájom bytu dojednaný na určitú dobu končí uplynutím tejto doby, ak sa neobnoví podľa bodu 4 tohto článku. 3. Nájomná zmluva sa uzatvára v súlade s uznesením MsZ vo Veľkom Šariši o pridelení mestského nájomného bytu nájomcovi pod",/Users/kazimir/Desktop/BP/zmluvy_cleaned_checked_strict_valid/11818482.txt
11818484,najom,najom,True,Zmluva o nájme bytu,S2025/01940,"Zmluva o nájme bytu č. S2025/01940/ uzatvorená podľa §685 a nasl. zákona č. 40/1964 Zb. - Občiansky zákonník v znení neskorších predpisov a súvisiacich platných právnych predpisov medzi: I. ZMLUVNÉ STRANY Prenajímateľ: Mesto Veľký Šariš, sídlo: Námestie sv. Jakuba 1, 082 21 Veľký Šariš Štatutárny zástupca: JUDr. Viliam Kall - primátor mesta Bankové spojenie: Prima Banka a. s., pobočka Prešov, číslo účtu: 8800925024 / 5600 IČO: 00 327 972 (ďalej len „prenajímateľ“) a Nájomca: Peter ČISÁR (ďalej len „nájomca“) sa dohodli na uzavretí tejto zmluvy podľa § 685 a nasl. Občianskeho zákonníka II. PREDMET A ROZSAH NÁJMU 1. Prenajímateľ prenecháva nájomcovi do užívania byt vo Veľkom Šariši. Byt, ktorý je predmetom tejto zmluvy, nemožno užívať na iné účely, ako na bývanie. 2. Prenajímateľ prenecháva nájomcovi byt uvedený v bode 1 po opakovanom prehodnotení a splnení podmienok na dobu určitú – 3 roky, a to od 01.12.2025 do 30.11.2028. Nájom bytu dojednaný na určitú dobu končí uplynutím tejto doby, ak sa neobnoví podľa bodu 4 tohto článku. 3. Nájomná zmluva sa uzatvára v súlade s uznesením MsZ vo Veľkom Šariši o pridelení mestského nájomného bytu nájomcovi po",/Users/kazimir/Desktop/BP/zmluvy_cleaned_checked_strict_valid/11818484.txt
11818486,najom,najom,True,Zmluva o nájme bytu,S2025/01941,"Zmluva o nájme bytu č. S2025/01941/ uzatvorená podľa §685 a nasl. zákona č. 40/1964 Zb. - Občiansky zákonník v znení neskorších predpisov a súvisiacich platných právnych predpisov medzi: I. ZMLUVNÉ STRANY Prenajímateľ: Mesto Veľký Šariš, sídlo: Námestie sv. Jakuba 1, 082 21 Veľký Šariš Štatutárny zástupca: JUDr. Viliam Kall - primátor mesta Bankové spojenie: Prima Banka a. s., pobočka Prešov, číslo účtu: 8800925024 / 5600 IČO: 00 327 972 (ďalej len „prenajímateľ“) a Nájomca: Vladimír FERKO (ďalej len „nájomca“) sa dohodli na uzavretí tejto zmluvy podľa § 685 a nasl. Občianskeho zákonníka II. PREDMET A ROZSAH NÁJMU 1. Prenajímateľ prenecháva nájomcovi do užívania byt vo Veľkom Šariši. Byt, ktorý je predmetom tejto zmluvy, nemožno užívať na iné účely, ako na bývanie. 2. Prenajímateľ prenecháva nájomcovi byt uvedený v bode 1 po opakovanom prehodnotení a splnení podmienok na dobu určitú – 1 rok, a to od 01.12.2025 do 30.11.2026. Nájom bytu dojednaný na určitú dobu končí uplynutím tejto doby, ak sa neobnoví podľa bodu 4 tohto článku. 3. Nájomná zmluva sa uzatvára v súlade s uznesením MsZ vo Veľkom Šariši o pridelení mestského nájomného bytu nájomcovi",/Users/kazimir/Desktop/BP/zmluvy_cleaned_checked_strict_valid/11818486.txt
11818488,najom,najom,True,Zmluva o nájme bytu,S 2025/01942,"Zmluva o nájme bytu č. S 2025/01942/ uzatvorená podľa §685 a nasl. zákona č. 40/1964 Zb. - Občiansky zákonník v znení neskorších predpisov a súvisiacich platných právnych predpisov medzi: I. ZMLUVNÉ STRANY Prenajímateľ: Mesto Veľký Šariš, sídlo: Námestie sv. Jakuba 1, 082 21 Veľký Šariš Štatutárny zástupca: JUDr. Viliam Kall - primátor mesta Bankové spojenie: Prima Banka a.s., pobočka Prešov, číslo účtu: 8800925024 / 5600 IČO: 00 327 972 (ďalej len „prenajímateľ“) a Nájomca: Bartolomej BILÝa manželka Darina BILÁ (ďalej len „nájomca“) sa dohodli na uzavretí tejto zmluvy podľa § 685 a nasl. Občianskeho zákonníka II. PREDMET A ROZSAH NÁJMU 1. Prenajímateľ prenecháva nájomcovi do užívania byt vo Veľkom Šariši. Byt, ktorý je predmetom tejto zmluvy, nemožno užívať na iné účely, ako na bývanie. 2. Prenajímateľ prenecháva nájomcovi byt uvedený v bode 1 po opakovanom prehodnotení a splnení podmienok na dobu určitú – 9 mesiacov a to od 01.12.2025 do 31.08.2026. Nájom bytu dojednaný na určitú dobu končí uplynutím tejto doby, ak sa neobnoví podľa bodu 4 tohto článku. 3. Nájomná zmluva sa uzatvára v súlade s uznesením MsZ vo Veľkom Šariši o pridelení mestskéh",/Users/kazimir/Desktop/BP/zmluvy_cleaned_checked_strict_valid/11818488.txt
11818490,najom,najom,True,Zmluva o nájme bytu,S2025/01988,"Zmluva o nájme bytu č. S2025/01988/ uzatvorená podľa §685 a nasl. zákona č. 40/1964 Zb. - Občiansky zákonník v znení neskorších predpisov a súvisiacich platných právnych predpisov medzi: I. ZMLUVNÉ STRANY Prenajímateľ: Mesto Veľký Šariš, sídlo: Námestie sv. Jakuba 1, 082 21 Veľký Šariš Štatutárny zástupca: JUDr. Viliam Kall - primátor mesta Bankové spojenie: Prima Banka a. s., pobočka Prešov, číslo účtu: 8800925024 / 5600 IČO: 00 327 972 (ďalej len „prenajímateľ“) a Nájomca: Terézia GORCOVSKÁ a manžel Jozef GORCOVSKÝ (ďalej len „nájomca“) sa dohodli na uzavretí tejto zmluvy podľa § 685 a nasl. Občianskeho zákonníka II. PREDMET A ROZSAH NÁJMU 1. Prenajímateľ prenecháva nájomcovi do užívania byt vo Veľkom Šariši. Byt, ktorý je predmetom tejto zmluvy, nemožno užívať na iné účely, ako na bývanie. 2. Prenajímateľ prenecháva nájomcovi byt uvedený v bode 1 po opakovanom prehodnotení a splnení podmienok na dobu určitú – 3 roky, a to od 01.12.2025 do 30.11.2028. Nájom bytu dojednaný na určitú dobu končí uplynutím tejto doby, ak sa neobnoví podľa bodu 4 tohto článku. 3. Nájomná zmluva sa uzatvára v súlade s uznesením MsZ vo Veľkom Šariši o pridelení mestsk",/Users/kazimir/Desktop/BP/zmluvy_cleaned_checked_strict_valid/11818490.txt
11818492,najom,najom,True,Zmluva o nájme bytu,23/2025,"Zmluva o nájme bytu uzavretá podľa § 663, 685 a nasl. z. č. 40/1964 Zb., Občianskeho zákonníka a § 12 z. č. 443/2010 Z. z. o dotáciách na rozvoj bývania a o sociálnom bývaní medzi Prenajímateľom: Obec Tvrdošovce so sídlom: Novozámocká cesta 56, 941 10 Tvrdošovce konajúci prostredníctvom: Ing. Mariánom Tóthom, MBA starostom obce IČO: DIČ: 00309338 202 106 0811 Bankové spojenie: Slovenská sporiteľňa, a.s. IBAN: SK09 0900 0000 0051 8417 5608 (ďalej aj ako „prenajímateľ“) a Nájomcom: Arnold Vaňa nar. bytom: Tvrdošovce, Školská 19 (ďalej aj ako „nájomca“) (spolu prenajímateľ a nájomca označovaní ak aj „zmluvné strany“) za nasledovných podmienok: I. Predmet nájmu 1. Prenajímateľ je oprávneným užívateľom bytového domu nachádzajúceho sa v k. ú. Tvrdošovce, na parcele č.859/1 orientačné číslo 19, súpisné číslo 2113, postavený s podporou štátu, byt I. kategórie. 2. Prenajímateľ prenecháva nájomcovi do dočasného užívania byt č. 6 na podkroví obytného domu súpisné číslo 2113 na Školskej č. 19, ktorý pozostáva z nasledovných miestností: kuchyňa, jedáleň, obývačka, 2x izba, chodba, špajza, kúpeľňa, WC, balkón, spoločné plochy: schodisko, chodba, kočikáre",/Users/kazimir/Desktop/BP/zmluvy_cleaned_checked_strict_valid/11818492.txt
11818498,najom,najom,True,Zmluva o nájme bytu,24/2025,"Zmluva o nájme bytu uzavretá podľa § 663, 685 a nasl. z. č. 40/1964 Zb., Občianskeho zákonníka a § 12 z. č. 443/2010 Z. z. o dotáciách na rozvoj bývania a o sociálnom bývaní medzi Prenajímateľom: Obec Tvrdošovce so sídlom: Novozámocká cesta 56, 941 10 Tvrdošovce konajúci prostredníctvom: Ing. Mariánom Tóthom, MBA starostom obce IČO: DIČ: 00309338 202 106 0811 Bankové spojenie: Slovenská sporiteľňa, a.s. IBAN: SK09 0900 0000 0051 8417 5608 (ďalej aj ako „prenajímateľ“) a Nájomcom: Peter Buda nar. bytom: Tvrdošovce, Školská 23 (ďalej aj ako „nájomca“) (spolu prenajímateľ a nájomca označovaní ak aj „zmluvné strany“) za nasledovných podmienok: I. Predmet nájmu 1. Prenajímateľ je oprávneným užívateľom bytového domu nachádzajúceho sa v k. ú. Tvrdošovce, na parcele č.859/1 orientačné číslo 23, súpisné číslo 2115, postavený s podporou štátu, byt I. kategórie. 2. Prenajímateľ prenecháva nájomcovi do dočasného užívania byt č. 1 na prízemí obytného domu súpisné číslo 2115 na Školskej č. 23, ktorý pozostáva z nasledovných miestností: kuchyňa, 2 x izba, chodba, špajza, kúpeľňa, WC, spoločné plochy: schodisko, chodba, kočikáreň, technická miestnosť, mies",/Users/kazimir/Desktop/BP/zmluvy_cleaned_checked_strict_valid/11818498.txt
11818500,najom,,False,Dohoda o poskytnutí ubytovania,51.k-31/2026,"51. KRÍDLO PREŠOV Prešov, december 2025 Vranovská 68, 080 01 Prešov Výtlačok č.: Počet listov: 1 č.: 51.k-31/2026 DOHODA O POSKYTNUTÍ UBYTOVANIA uzatvorená podľa čl.3 ods.3 Smernice MO SR č.27/2018 o ubytovniach v správe Ministerstva obrany Slovenskej republiky medzi Ministerstvom obrany Slovenskej republiky zastúpeným: xxx Marián KROMPAŠČÍK xxx IČO: 30845572 (ďalej len „poskytovateľ“) a ubytovaným vojenská hodnosť, titul, meno a priezvisko: xxx Marek ZAVATČAN číslo občianskeho preukazu: xxx trvalý pobyt: xxx telefónne číslo: xxx vojenský útvar, zariadenie: xxx (ďalej len „ubytovaný“) (ďalej len „strany dohody“) Čl. 1 Predmet dohody Poskytovateľ sa zaväzuje na základe žiadosti poskytnúť ubytovanému ubytovanie v ubytovni poskytovateľa CE: 10.17.011. Ubytovaný sa zaväzuje zaplatiť poskytovateľovi cenu za ubytovanie určenú podľa čl. 4 ods. 3 dohody spôsobom uvedeným v čl. 4 ods. 1 dohody. Čl. 2 Záväzky strán dohody (1) Poskytovateľ sa zaväzuje oboznámiť ubytovaného s vnútorným poriadkom ubytovne. (2) Ubytovaný sa zaväzuje dodržiavať vnútorný poriadok ubytovne. (3) Ubytovaný sa zaväzuje predložiť poskytovateľovi potvrdenie o platbe za ubytovanie.",/Users/kazimir/Desktop/BP/zmluvy_cleaned_checked_strict_valid/11818500.txt
11818502,najom,najom,True,Zmluva o nájme bytu,25/2025,"Zmluva o nájme bytu uzavretá podľa § 663, 685 a nasl. z. č. 40/1964 Zb., Občianskeho zákonníka a § 12 z. č. 443/2010 Z. z. o dotáciách na rozvoj bývania a o sociálnom bývaní medzi Prenajímateľom: Obec Tvrdošovce so sídlom: Novozámocká cesta 56, 941 10 Tvrdošovce konajúci prostredníctvom: Ing. Mariánom Tóthom, MBA starostom obce IČO: DIČ: 00309338 202 106 0811 Bankové spojenie: Slovenská sporiteľňa, a.s. IBAN: SK09 0900 0000 0051 8417 5608 (ďalej aj ako „prenajímateľ“) a Nájomcom: Zdeno Cingel nar. bytom: Tvrdošovce, Školská 21 (ďalej aj ako „nájomca“) (spolu prenajímateľ a nájomca označovaní ak aj „zmluvné strany“) za nasledovných podmienok: I. Predmet nájmu 1. Prenajímateľ je oprávneným užívateľom bytového domu nachádzajúceho sa v k. ú. Tvrdošovce, na parcele č.859/1 orientačné číslo 21, súpisné číslo 2114, postavený s podporou štátu, byt I. kategórie. 2. Prenajímateľ prenecháva nájomcovi do dočasného užívania byt č. 4 na 1.poschodí obytného domu súpisné číslo 2114 na Školskej č. 21, ktorý pozostáva z nasledovných miestností: kuchyňa, jedáleň, obývačka, 2x izba, chodba, špajza, kúpeľňa, WC, balkón, spoločné plochy: schodisko, chodba, kočik",/Users/kazimir/Desktop/BP/zmluvy_cleaned_checked_strict_valid/11818502.txt
11818505,najom,najom,True,Zmluva o nájme bytu,26/2025,"Zmluva o nájme bytu uzavretá podľa § 663, 685 a nasl. z. č. 40/1964 Zb., Občianskeho zákonníka a § 12 z. č. 443/2010 Z. z. o dotáciách na rozvoj bývania a o sociálnom bývaní medzi Prenajímateľom: Obec Tvrdošovce so sídlom: Novozámocká cesta 56, 941 10 Tvrdošovce konajúci prostredníctvom: Ing. Mariánom Tóthom, MBA starostom obce IČO: DIČ: 00309338 202 106 0811 Bankové spojenie: IBAN: (ďalej aj ako „prenajímateľ“) Slovenská sporiteľňa, a.s. SK09 0900 0000 0051 8417 5608 a Nájomcom: Tímea Bertičová nar. bytom: Tvrdošovce, Školská 23 (ďalej aj ako „nájomca“) (spolu prenajímateľ a nájomca označovaní ak aj „zmluvné strany“) za nasledovných podmienok: I. Predmet nájmu 1. Prenajímateľ je oprávneným užívateľom bytového domu nachádzajúceho sa v k. ú. Tvrdošovce, na parcele č.859/1 orientačné číslo 23, súpisné číslo 2115, postavený s podporou štátu, byt I. kategórie. 2. Prenajímateľ prenecháva nájomcovi do dočasného užívania byt č. 6 na podkroví obytného domu súpisné číslo 2115 na Školskej č. 23, ktorý pozostáva z nasledovných miestností: kuchyňa, jedáleň, obývačka, 2x izba, chodba, špajza, kúpeľňa, WC, balkón, spoločné plochy: schodisk",/Users/kazimir/Desktop/BP/zmluvy_cleaned_checked_strict_valid/11818505.txt
11818514,dodatok,dodatok,True,Dodatok č. 7 k Zmluve o nájme nebytových priestorov č. 3/2018/OMRR zo dňa 31.12.2018,NZ-001/2026,"DODATOK č. 7 k Zmluve o nájme nebytových priestorov č. 3/2018/OMRR zo dňa 31.12.2018 uzatvorenej v zmysle zákona č. 116/1990 Zb. v znení neskorších predpisov Čl. I. Zmluvné strany Prenajímateľ: Sídlo: Konajúce prostredníctvom: IČO: Bankové spojenie: IBAN: (ďalej len ako „prenajímateľ“) MESTO KROMPACHY Námestie slobody č. 1, Krompachy Ing. Dáriusa Dubiňáka, primátora mesta 329 282 Prima banka a.s. SK03 5600 0000 xxxx xxxx xxxx Nájomca: Sídlo: IČO: (ďalej len ako „nájomca“) Katarína Mrosková Krompachy 43 750 214 uzatvárajú podľa ustanovenia zákona č. 116/1990 Zb. v znení neskorších predpisov Dodatok č. 7 k Zmluve o nájme nebytových priestorov č.3/2018/OMRR zo dňa 31.12.2018, ktorým sa mení: Článok IV., Doba nájmu, ods. 1 a znie: 1. Nájomná zmluva sa uzatvára na dobu určitú do 31.12.2026. Ostatné články zmluvy ostávajú nezmenené. Zmluvné strany vyhlasujú, že Dodatok č. 7 k zmluve uzavreli na základe ich vážnej a slobodnej vôle, nebol uzavretý v tiesni ani za nápadne nevýhodných podmienok, dodatok si pozorne prečítali a na znak bezvýhradného súhlasu s jeho obsahom ho podpisujú. Dodatok č. 7 je vyhotovený v troch exemplároch, z ktorých jed",/Users/kazimir/Desktop/BP/zmluvy_cleaned_checked_strict_valid/11818514.txt
11818534,dodatok,dodatok|dodatku,True,Dodatok k Zmluve o poskytovaní verejne dostupných služieb,53/2025/UVLF-IKT,"Dodatok k Zmluve o poskytovaní verejne dostupných služieb (ďalej len ""Dodatok"") ID predajcu: Dátum: Ident. kód dodatku: Číslo zmluvy: SIM karta s prideleným tel. číslom: A6482047 účastníkom (ďalej len ""Účastník""): Právnická osoba Obchodné meno / Názov: Univerzita veterinárskeho lekárstva a farmácie v Košiciach Sídlo / Miesto podnikania (obec, ulica, popisné číslo, PSČ, pošta): Košice, Komenského 73, 04001, Košice 1 IČO: 00397474 Štatutárny zástupca: Ing. Róbert Schréter, PhD.,kvestor IČ DPH: Rodné číslo: Číslo a platnosť OP / pasu / povolenia na pobyt: Podnik a Účastník (ďalej spolu aj ako ""strany"") na základe vzájomnej dohody uzatvárajú tento Dodatok, ktorým upravujú a menia Zmluvu o poskytovaní verejne dostupných služieb, ktorej číslo je uvedené v záhlaví (ďalej len ""Zmluva"") v rozsahu a spôsobom uvedeným v tom- to Dodatku vo vzťahu k vyššie uvedenej SIM karte (ďalej len ""SIM karta""). Článok 1. Predmet Dodatku 1.1 Predmetom Dodatku je dohoda strán o: a) aktivácii / zmene účastníckeho programu a o aktivácii / deaktivácii ďalších služieb (údaje uvedené v Tabuľke č. 1); b) dobe a podmienkach viazanosti, počas ktorej sa Účastník zaväzuje zotrvať v zmluvnom vzťahu s",/Users/kazimir/Desktop/BP/zmluvy_cleaned_checked_strict_valid/11818534.txt
11818553,other,,True,Zmluva o uzavretí budúcej zmluvy o zriadení vecného bremena -Spravbytherm s.r.o.,550/2025,"Zmluva o uzavretí budúcej zmluvy o zriadení vecného bremena podľa ustanovenia § 50a v spojení s § 151o zák. č. 40/1964 Z.z. Občianskeho zákonníka (ďalej len „Zmluva“) Názov stavby: „Prepojenie okruhov kotolní K-2, K-3 a K-4, Kežmarok“ Budúci povinný z vecného bremena: Sídlo: Štatutárny zástupca: IČO: DIČ: IČ DPH: Bankové spojenie: IBAN: (ďalej len “budúci povinný“) č. ZoBVB/550/2025/OM Mesto Kežmarok Hlavné námestie 1, 060 01 Kežmarok PhDr. Mgr. Ján Ferenčák, MBA, primátor mesta 00 326 283 2020697184 Mesto Kežmarok nie je platcom DPH, SK 2020697184 – zdaniteľná osoba registrovaná pre daň podľa § 7a Zákona č. 222/2004 Z. z. o dani z pridanej hodnoty v znení neskorších predpisov Prima banka Slovensko, a.s. SK93 5600 0000 0016 0036 3002 a Budúci oprávnený z vecného bremena: Spravbytherm s.r.o. Sídlo: Zastúpenie: IČO: DIČ: IČ DPH: Zápis v registri: Starý trh 518/47, 060 01 Kežmarok Ing. Marián Bešenej, konateľ spoločnosti 36 690 856 Obchodný register Okresného súdu Prešov, Oddiel: Sro, Vložka číslo: 17899/P (ďalej len “budúci oprávnený“) Čl. 1 Predmet zmluvy 1. Budúci povinný je výlučným vlastníkom pozemkov, označených ako: Druh p",/Users/kazimir/Desktop/BP/zmluvy_cleaned_checked_strict_valid/11818553.txt
11818556,najom,najom,True,"Nájomná zmluva - prenájom pozemkov v k.ú. Severné Mesto, lokalita Letná ul.",2026000007,"N Á J O M N Á ZMLUVA č. uzatvorená podľa § 663 a nasl. Občianskeho zákonníka I. ZMLUVNÉ STRANY Mesto Košice Ing. Jaroslav Polaček, DPA - primátor Trieda SNP 48/A, 040 11 Košice Prima banka Slovensko a.s. SK03 5600 0000 0004 4248 6001 00 691 135 2021186904 SK2021186904 (ďalej len,,prenajímateľ“) Prenajímateľ Zastúpené: Sídlo: Bankové spojenie: IBAN IČO: DIČ: IČ DPH: Nájomca: Zastúpená: PreventClinic s.r.o. Ivan Kopolovets - konateľ Právnická osoba registri Mestského súdu Košice I Oddiel: Sro, Vložka číslo: 55908/V Lučenecká 1353/2, 040 11 Košice zapísaná v obchodnom Sídlo 55 177 859 IČO: DIČ: 2121893268 Bankové spojenie: Tatra Banka IBAN: SK60 1100 0000 0029 4714 4022 (ďalej len nájomca) II. PREDMET ZMLUVY Predmetom zmluvy je prenájom majetku mesta Košice uvedeného v článku. III. odsek 1. tejto zmluvy. III. PREDMET NÁJMU 1. Predmetom nájmu sú nehnuteľnosti - pozemky vo vlastníctve mesta Košice, parcely registra C KN č. 2754/17, zastavaná plocha a nádvorie o výmere 11 m2, C KN č. 2754/19, zastavaná plocha a nádvorie o výmere 221 m2 v kat. úz. Severné Mesto, zapísané v katastri nehnuteľnosti na liste v",/Users/kazimir/Desktop/BP/zmluvy_cleaned_checked_strict_valid/11818556.txt
11818570,dodatok,dodatok|dodatku,True,Dodatok č. 1 k Zmluve o zriadení spoločného obecného úradu,1/2026,"Dodatok č. 1 k Zmluve o zriadení spoločného obecného úradu (ďalej len „dodatok“) uzatvorenej dňa 23.11.2009 v súlade s § 20a zákona č. 369/1990 Zb. o obecnom zriadení v znení neskorších predpisov Účastníci zmluvy: Mesto Revúca Sídlo: Mestský úrad v Revúcej, Námestie slobody 13/17, 050 80 Revúca IČO: 00328693 Zastúpené: Ing. Július Buchta, MBA, primátor mesta IBAN: SK51 0200 0000 0000 2662 0582 a Mesto Jelšava Sídlo: Mestský úrad v Jelšave, Námestie republiky 499/11, 049 16 Jelšava IČO: 00328341 Zastúpené: MVDr. Milan Kolesár, primátor mesta IBAN: SK27 0200 0000 0000 2292 9582 Obec Gemerské Teplice Sídlo: Obecný úrad v Gemerských Tepliciach, Gemerské Teplice 46, 049 16 Gemerské Teplice IČO: 00328235 Zastúpené: Mgr. Laura Durančíková, starostka obce IBAN: SK90 5600 0000 0021 8610 9002 Obec Gemerský Sad Sídlo: Obecný úrad v Gemerskom Sade, Mikolčany 1, 049 13 Hucín IČO: 00328243 Zastúpené: Vojtech Pataki, starosta obce IBAN: SK63 0200 0000 0000 2162 7582 Obec Hrlica Sídlo: Obecný úrad v Hrlici, Hrlica 9, 982 66 Ratkovské Bystré IČO: 00650048 Zastúpené: Lukáš Beláni, starosta obce IBAN: SK80 0200 0000 0000 2242 5392 Obec Hucín Sídlo: Obe",/Users/kazimir/Desktop/BP/zmluvy_cleaned_checked_strict_valid/11818570.txt
11818574,other,,True,Zmluva č. 440/2025,53/2025,"ZMLUVA č. 4 4 0 / 2 0 2 5 o poskytnutí technicko-ekonomických dát a technických údajov uzatvorená podľa §269 ods.2 Obchodného zákonníka I. ZMLUVNÉ STRANY Poskytovateľ: Oravská vodárenská spoločnosť, a. s. Sídlo Zapísaná Zastúpená IČO IČ DPH Bankové spojenie: IBAN: /ďalej len poskytovateľ, alebo OVS, a.s./: Bysterecká č. 2180, 026 80 Dolný Kubín: v Obchodnom registri Okresného súdu Žilina, oddiel: Sa, vložka č. 10544/L: predstavenstvom: 36672254: SK2022236315: VÚB, a.s.: SK74 0200 0000 0035 7850 2051 Príjemca: Obec Klin Sídlo Zastúpená IČO DIČ IBAN /ďalej len príjemca /: Hlavná 199/107, 029 41 Klin: Karol Revaj – starosta obce: 00 314 544: 20 20 57 16 52: SK42 5600 0000 0040 0721 9003 II. PREDMET ZMLUVY 1. Predmetom tejto zmluvy je poskytnutie technicko-ekonomických dát a technických údajov vo vlastníctve poskytovateľa, získaných v priebehu jeho podnikateľskej činnosti v digitálnej forme a to menovite: údaje z Geografického informačného systému (GIS) – polohopis vodovodných a kanalizačných vedení v správe OVS, a. s., nachádzajúcich sa v k. ú. Klin vo vektorovej digitálnej forme (DGN). 2. Vyššie uvedené údaje poskytujúci poskytne na základe tejt",/Users/kazimir/Desktop/BP/zmluvy_cleaned_checked_strict_valid/11818574.txt
11818576,hrobove_miesto,hrobove miesto|hroboveho miesta|hrobov,True,Nájomná zmlluva k hrobovému miestu Párovský cint. 29/16,2672/2025,"č.j.: 2672/2025/SMS-PC Nájomná zmluva Prenajímateľ je prevádzkovateľom pohrebiska - Cintorín Párovce,vykonávajúcim jeho správu a uzatvorená medzi Jitka Eliášová, nar. Novomeského 7 94911 Nitra Tel.: /ako „nájomca""/ a Mesto Nitra, Mestský úrad Štefánikova 60, 950 06 Nitra tel.: 037/7416644 IČO: 00 308 307 DIČ: 2021102853 /ako „prenajímateľ"" a „prevádzkovateľ pohrebiska""/ t a k t o: I. I.1. údržbu, ako aj správu a údržbu komunikácií a zelene na pohrebisku. Povinnosti prenajímateľa ako prevádzkovateľa pohrebiska sú upravené v zákone č. 131/2010 Z.z. o pohrebníctve, ako aj vo Všeobecne záväznom nariadení mesta Nitry č.4/2022 o pohrebiskách v meste Nitra a ich prevádzkovom poriadku (ďalej aj ako „VZN""), ktoré je uverejnené na informačnej tabuli nachádzajúcej sa v objekte pohrebiska. I.2. účelom uloženia ľudských pozostatkov alebo ľudských ostatkov. Meno zomrelého: Anna Hrnčiariková II. II.1. Nájomné za užívanie hrobového miesta v zmysle článku I. tejto zmluvy je stanovené dohodou zmluvných strán, na základe cenníka služieb, ktorý je súčasťou VZN. Nájomné činí sumu, ktorá je uvedená vo VZN, platnom v čase uzatvorenia nájomnej zmluvy. Po II.2. uplynutí doby, na ktorú",/Users/kazimir/Desktop/BP/zmluvy_cleaned_checked_strict_valid/11818576.txt
11818578,hrobove_miesto,hrobove miesto|hroboveho miesta|hrobov,True,Nájomná zmluva k hrobovému miestu mestský 12/2,2673/2025,"č.j.: 2673/2025/SMS-PC Nájomná zmluva Prenajímateľ je prevádzkovateľom pohrebiska - Cintorín Mestský,vykonávajúcim jeho správu a uzatvorená medzi Ing.Peter Horák, nar. Párovská 22 94901 Nitra Tel.: /ako „nájomca""/ a Mesto Nitra, Mestský úrad Štefánikova 60, 950 06 Nitra tel.: 037/7416644 IČO: 00 308 307 DIČ: 2021102853 /ako „prenajímateľ"" a „prevádzkovateľ pohrebiska""/ t a k t o: I. I.1. údržbu, ako aj správu a údržbu komunikácií a zelene na pohrebisku. Povinnosti prenajímateľa ako prevádzkovateľa pohrebiska sú upravené v zákone č. 131/2010 Z.z. o pohrebníctve, ako aj vo Všeobecne záväznom nariadení mesta Nitry č.4/2022 o pohrebiskách v meste Nitra a ich prevádzkovom poriadku (ďalej aj ako „VZN""), ktoré je uverejnené na informačnej tabuli nachádzajúcej sa v objekte pohrebiska. I.2. účelom uloženia ľudských pozostatkov alebo ľudských ostatkov. Meno zomrelého: Margita Horáková II. II.1. Nájomné za užívanie hrobového miesta v zmysle článku I. tejto zmluvy je stanovené dohodou zmluvných strán, na základe cenníka služieb, ktorý je súčasťou VZN. Nájomné činí sumu, ktorá je uvedená vo VZN, platnom v čase uzatvorenia nájomnej zmluvy. Po II.2. uplynutí doby, na ktorú bo",/Users/kazimir/Desktop/BP/zmluvy_cleaned_checked_strict_valid/11818578.txt
11818580,hrobove_miesto,hrobove miesto|hroboveho miesta|hrobov,True,Nájomná zmluva k HM cintorín Mlynárce 181/C,2682/2025,"č.j.: 2682/2025/SMS-PC Nájomná zmluva uzatvorená medzi Eva Saková, nar. Na Hôrke 33 94911 Nitra Tel.: /ako „nájomca""/ a Mesto Nitra, Mestský úrad Štefánikova 60, 950 06 Nitra tel.: 037/7416644 IČO: 00 308 307 DIČ: 2021102853 /ako „prenajímateľ"" a „prevádzkovateľ pohrebiska""/ t a k t o: I. Prenajímateľ je prevádzkovateľom pohrebiska - Cintorín Mlynárce,vykonávajúcim jeho správu I.1. a údržbu, ako aj správu a údržbu komunikácií a zelene na pohrebisku. Povinnosti prenajímateľa ako prevádzkovateľa pohrebiska sú upravené v zákone č. 131/2010 Z.z. o pohrebníctve, ako aj vo Všeobecne záväznom nariadení mesta Nitry č.4/2022 o pohrebiskách v meste Nitra a ich prevádzkovom poriadku (ďalej aj ako „VZN""), ktoré je uverejnené na informačnej tabuli nachádzajúcej sa v objekte pohrebiska. I.2. účelom uloženia ľudských pozostatkov alebo ľudských ostatkov. Meno zomrelého: Miroslav Sako II. II.1. Nájomné za užívanie hrobového miesta v zmysle článku I. tejto zmluvy je stanovené dohodou zmluvných strán, na základe cenníka služieb, ktorý je súčasťou VZN. Nájomné činí sumu, ktorá je uvedená vo VZN, platnom v čase uzatvorenia nájomnej zmluvy. Po II.2. uplynutí doby, na ktorú bolo zapla",/Users/kazimir/Desktop/BP/zmluvy_cleaned_checked_strict_valid/11818580.txt
11818582,hrobove_miesto,hrobove miesto|hroboveho miesta|hrobov,True,Nájomná zmluva k hrobovému miestu CSCM 35/E8,2683/2025,"č.j.: 2683/2025/SMS-PC Nájomná zmluva uzatvorená medzi Matilda Siteková, nar. Novomeského 10 94911 Nitra Tel.: /ako „nájomca""/ a Mesto Nitra, Mestský úrad Štefánikova 60, 950 06 Nitra tel.: 037/7416644 IČO: 00 308 307 DIČ: 2021102853 /ako „prenajímateľ"" a „prevádzkovateľ pohrebiska""/ t a k t o: I. I.1. správu a údržbu, ako aj správu a údržbu komunikácií a zelene na pohrebisku. Povinnosti prenajímateľa ako prevádzkovateľa pohrebiska sú upravené v zákone č. 131/2010 Z.z. o pohrebníctve, ako aj vo Všeobecne záväznom nariadení mesta Nitry č.4/2022 o pohrebiskách v meste Nitra a ich prevádzkovom poriadku (ďalej aj ako ‚‚VZN''), ktoré je uverejnené na informačnej tabuli nachádzajúcej sa v objekte pohrebiska. I.2. hrobové miesto''), za účelom uloženia ľudských ľudských ostatkov. Meno zomrelého: Peter Sitek II. Prenajímateľ prenajíma a nájomca berie do nájmu urnové miesto č.35/E8 - urna (ďalej aj ako ‚‚ Prenajímateľ je prevádzkovateľom pohrebiska - Cint.Sv.Cyrila a Metoda,vykonávajúcim jeho Nájomné je splatné pri uzavretí nájomnej zmluvy v hotovosti alebo platobnou kartou Nájomné činí sumu, ktorá je uvedená vo VZN, platného v čase uzatvorenia nájomnej zmluvy. II.1.",/Users/kazimir/Desktop/BP/zmluvy_cleaned_checked_strict_valid/11818582.txt
11818584,hrobove_miesto,hrobove miesto|hroboveho miesta|hrobov,True,Nájomná zmluva k hrobovému miestu Dolné Krškany pri kostole 55/5,2686/2025,"č.j.: 2686/2025/SMS-PC Nájomná zmluva Prenajímateľ je prevádzkovateľom pohrebiska - Dol. Krškany pri kost.-II,vykonávajúcim jeho uzatvorená medzi Jozef Račko, nar. Záborského 57 94901 Nitra Tel.: /ako „nájomca""/ a Mesto Nitra, Mestský úrad Štefánikova 60, 950 06 Nitra tel.: 037/7416644 IČO: 00 308 307 DIČ: 2021102853 /ako „prenajímateľ"" a „prevádzkovateľ pohrebiska""/ t a k t o: I. I.1. správu a údržbu, ako aj správu a údržbu komunikácií a zelene na pohrebisku. Povinnosti prenajímateľa ako prevádzkovateľa pohrebiska sú upravené v zákone č. 131/2010 Z.z. o pohrebníctve, ako aj vo Všeobecne záväznom nariadení mesta Nitry č.4/2022 o pohrebiskách v meste Nitra a ich prevádzkovom poriadku (ďalej aj ako „VZN""), ktoré je uverejnené na informačnej tabuli nachádzajúcej sa v objekte pohrebiska. I.2. účelom uloženia ľudských pozostatkov alebo ľudských ostatkov. Meno zomrelého: Mária Račková II. II.1. Nájomné za užívanie hrobového miesta v zmysle článku I. tejto zmluvy je stanovené dohodou zmluvných strán, na základe cenníka služieb, ktorý je súčasťou VZN. Nájomné činí sumu, ktorá je uvedená vo VZN, platnom v čase uzatvorenia nájomnej zmluvy. Po II.2. uplynutí doby, na ktor",/Users/kazimir/Desktop/BP/zmluvy_cleaned_checked_strict_valid/11818584.txt
11818586,hrobove_miesto,hrobove miesto|hroboveho miesta|hrobov,True,Nájomná zmluva k hrobovému miestu Mlynárce 257/B,2688/2025,"č.j.: 2688/2025/SMS-PC Nájomná zmluva uzatvorená medzi Alexander Križan, nar. Petzwalova 46 94901 Nitra Tel.: /ako „nájomca""/ a Mesto Nitra, Mestský úrad Štefánikova 60, 950 06 Nitra tel.: 037/7416644 IČO: 00 308 307 DIČ: 2021102853 /ako „prenajímateľ"" a „prevádzkovateľ pohrebiska""/ t a k t o: I. Prenajímateľ je prevádzkovateľom pohrebiska - Cintorín Mlynárce,vykonávajúcim jeho správu I.1. a údržbu, ako aj správu a údržbu komunikácií a zelene na pohrebisku. Povinnosti prenajímateľa ako prevádzkovateľa pohrebiska sú upravené v zákone č. 131/2010 Z.z. o pohrebníctve, ako aj vo Všeobecne záväznom nariadení mesta Nitry č.4/2022 o pohrebiskách v meste Nitra a ich prevádzkovom poriadku (ďalej aj ako „VZN""), ktoré je uverejnené na informačnej tabuli nachádzajúcej sa v objekte pohrebiska. I.2. účelom uloženia ľudských pozostatkov alebo ľudských ostatkov. Meno zomrelého: Oľga Križanová II. II.1. Nájomné za užívanie hrobového miesta v zmysle článku I. tejto zmluvy je stanovené dohodou zmluvných strán, na základe cenníka služieb, ktorý je súčasťou VZN. Nájomné činí sumu, ktorá je uvedená vo VZN, platnom v čase uzatvorenia nájomnej zmluvy. Po II.2. uplynutí doby, na ktorú b",/Users/kazimir/Desktop/BP/zmluvy_cleaned_checked_strict_valid/11818586.txt
11818588,hrobove_miesto,hrobove miesto|hroboveho miesta|hrobov,True,Nájomná zmluva k hrobovému miestu mestský 538/11,2691/2025,"č.j.: 2691/2025/SMS-PC Nájomná zmluva Prenajímateľ je prevádzkovateľom pohrebiska - Cintorín Mestský,vykonávajúcim jeho správu a uzatvorená medzi Ing.Anna Šoltová, nar. Kmeťova 20 94911 Nitra Tel.: /ako „nájomca""/ a Mesto Nitra, Mestský úrad Štefánikova 60, 950 06 Nitra tel.: 037/7416644 IČO: 00 308 307 DIČ: 2021102853 /ako „prenajímateľ"" a „prevádzkovateľ pohrebiska""/ t a k t o: I. I.1. údržbu, ako aj správu a údržbu komunikácií a zelene na pohrebisku. Povinnosti prenajímateľa ako prevádzkovateľa pohrebiska sú upravené v zákone č. 131/2010 Z.z. o pohrebníctve, ako aj vo Všeobecne záväznom nariadení mesta Nitry č.4/2022 o pohrebiskách v meste Nitra a ich prevádzkovom poriadku (ďalej aj ako „VZN""), ktoré je uverejnené na informačnej tabuli nachádzajúcej sa v objekte pohrebiska. I.2. účelom uloženia ľudských pozostatkov alebo ľudských ostatkov. Meno zomrelého: Emília Crhová II. II.1. Nájomné za užívanie hrobového miesta v zmysle článku I. tejto zmluvy je stanovené dohodou zmluvných strán, na základe cenníka služieb, ktorý je súčasťou VZN. Nájomné činí sumu, ktorá je uvedená vo VZN, platnom v čase uzatvorenia nájomnej zmluvy. Po II.2. uplynutí doby, na ktorú bolo",/Users/kazimir/Desktop/BP/zmluvy_cleaned_checked_strict_valid/11818588.txt
11818590,najom,najom,True,Zmluva o dočasnom užívaní /prenájme Synagógy - Novoročný koncert,1/2026,"Zmluva o dočasnom užívaní (prenájme) Synagógy, koncertnej a výstavnej siene mesta Nitry Č. j.: 1 /2026/OK Zmluvné strany: Prenajímateľ: Mesto Nitra Štefánikova trieda 60, 950 06 Nitra Marekom Hattasom, primátorom mesta Nitry Zastúpené: bankové spojenie: Slovenská sporiteľňa, a.s. IBAN: IČO: IČ DPH: DIČ: (ďalej len prenajímateľ) SK18 0900 0000 0050 4917 9673 308 307 SK2021102853 2021102853 Nájomca: Mgr. Roman Feder Funny Fellows Hlavná 273, 900 85 Vištuk Zastúpená: Mgr. Romanom Federom bankové spojenie: SK21 1100 0000 0029 4024 6472 IBAN: IČO: DIČ: (ďalej len nájomca) 41489306 1030606159 Tatra Banka a.s. Čl. I Predmet a účel prenájmu 1. Prenajímateľ je vlastníkom nehnuteľnosti Synagóga v katastrálnom území Nitra, ul. Pri Synagóge, súpisné číslo 1391, postavenej na parcele číslo 1389. 2. Prenajímateľ prenajíma a nájomca berie do prenájmu nebytové priestory nachádzajúce sa v nehnuteľnosti uvedenej v bode 1. Prenájom sa vzťahuje len na dolný priestor Synagógy - koncertná sieň. 3. Účelom prenájmu je realizácia podujatia: „Novoročný koncert“. Predaj vstupeniek na podujatie sa bude realizovať v predpredaji prostredníctvom ticketportal.s",/Users/kazimir/Desktop/BP/zmluvy_cleaned_checked_strict_valid/11818590.txt
11818592,hrobove_miesto,hrobove miesto|hroboveho miesta|hrobov,True,NZ HM S16/15 jednohrob KC,1897/2025,"ZMLUVA O NÁJME HROBOVÉHO MIESTA č. 2025 0503 Zmluvné strany: 1. Mestské služby mesta Trnava So sídlom: Priemyselná 5, 917 01 Trnava Zastúpené: Ing. Andrea Tomašovičová - riaditeľka IČO: 00598135, DIČ: 2021190963 Číslo účtu: 633 4212/0200 (VÚB), číslo účtu v tvare IBAN: SK07 0200 0000 0000 0633 4212 (ďalej len ""prenajímateľ"" ) 2. Priezvisko, meno, titul: Kukučková Ivana Bydlisko: Dátum nar.: Rodné číslo: (ďalej len ""nájomca"") uzatvárajú podľa § 663 a nasl. Občianskeho zákonníka, zákona č. 131/2010 Z.z. o pohrebníctve a platného Všeobecne záväzného nariadenia Mesta Trnava o prevádzkovom poriadku pohrebísk túto zmluvu o nájme hrobového miesta. Článok I Predmet a účel nájmu 1. Prenajímateľ prenecháva a nájomca prijíma do nájmu, za podmienok uvedených v tejto zmluve, hrobové miesto č. 15, sekcia S16, typ hrobu jednohrob, na cintoríne Kamenná cesta v Trnave zomrelý: Ivan Polák, dátum úmrtia: 18.12.2025. určené na vybudovanie hrobu, hrobky alebo uloženie urny za účelom uloženia ľudských pozostatkov alebo ostatkov. 2. Nájomca nie je oprávnený dať hrobové miesto do podnájmu tretej osobe. Článok II Doba nájmu a nájomné 1. Nájom vznikne dňom podpísania tejt",/Users/kazimir/Desktop/BP/zmluvy_cleaned_checked_strict_valid/11818592.txt
11818594,hrobove_miesto,hrobove miesto|hroboveho miesta|hrobov,True,NZ HM 10/276 jednohrob KC,1906/2025,"ZMLUVA O NÁJME HROBOVÉHO MIESTA č. 2025 0517 Zmluvné strany: 1. Mestské služby mesta Trnava So sídlom: Priemyselná 5, 917 01 Trnava Zastúpené: Ing. Andrea Tomašovičová - riaditeľka IČO: 00598135, DIČ: 2021190963 Číslo účtu: 633 4212/0200 (VÚB), číslo účtu v tvare IBAN: SK07 0200 0000 0000 0633 4212 (ďalej len ""prenajímateľ"" ) 2. Priezvisko, meno, titul: Michalčíková Lýdia Bydlisko: Dátum nar.: Rodné číslo: (ďalej len ""nájomca"") uzatvárajú podľa § 663 a nasl. Občianskeho zákonníka, zákona č. 131/2010 Z.z. o pohrebníctve a platného Všeobecne záväzného nariadenia Mesta Trnava o prevádzkovom poriadku pohrebísk túto zmluvu o nájme hrobového miesta. Článok I Predmet a účel nájmu 1. Prenajímateľ prenecháva a nájomca prijíma do nájmu, za podmienok uvedených v tejto zmluve, hrobové miesto č. 276, sekcia 10, typ hrobu jednohrob, na cintoríne Kamenná cesta v Trnave zomrelý: JANKA TROGOVA, dátum úmrtia: 30.12.1996. určené na vybudovanie hrobu, hrobky alebo uloženie urny za účelom uloženia ľudských pozostatkov alebo ostatkov. 2. Nájomca nie je oprávnený dať hrobové miesto do podnájmu tretej osobe. Článok II Doba nájmu a nájomné 1. Nájom vznikne dňom podpísan",/Users/kazimir/Desktop/BP/zmluvy_cleaned_checked_strict_valid/11818594.txt
11818596,hrobove_miesto,hrobove miesto|hroboveho miesta|hrobov,True,NZ HM 9/207 jednohrob TV,1907/2025,"ZMLUVA O NÁJME HROBOVÉHO MIESTA č. 2025 0518 Zmluvné strany: 1. Mestské služby mesta Trnava So sídlom: Priemyselná 5, 917 01 Trnava Zastúpené: Ing. Andrea Tomašovičová - riaditeľka IČO: 00598135, DIČ: 2021190963 Číslo účtu: 633 4212/0200 (VÚB), číslo účtu v tvare IBAN: SK07 0200 0000 0000 0633 4212 (ďalej len ""prenajímateľ"" ) 2. Priezvisko, meno, titul: Stanová Darina Bydlisko: Dátum nar.: Rodné číslo: (ďalej len ""nájomca"") uzatvárajú podľa § 663 a nasl. Občianskeho zákonníka, zákona č. 131/2010 Z.z. o pohrebníctve a platného Všeobecne záväzného nariadenia Mesta Trnava o prevádzkovom poriadku pohrebísk túto zmluvu o nájme hrobového miesta. Článok I Predmet a účel nájmu 1. Prenajímateľ prenecháva a nájomca prijíma do nájmu, za podmienok uvedených v tejto zmluve, hrobové miesto č. 207, sekcia 9, typ hrobu jednohrob, na cintoríne Terézie Vansovej v Trnave zomrelý: MARIA HERIBANOVA, dátum úmrtia:... určené na vybudovanie hrobu, hrobky alebo uloženie urny za účelom uloženia ľudských pozostatkov alebo ostatkov. 2. Nájomca nie je oprávnený dať hrobové miesto do podnájmu tretej osobe. Článok II Doba nájmu a nájomné 1. Nájom vznikne dňom podpísania tejto",/Users/kazimir/Desktop/BP/zmluvy_cleaned_checked_strict_valid/11818596.txt
11818598,hrobove_miesto,hrobove miesto|hroboveho miesta|hrobov,True,NZ HM 19/40 jednohrob TV,1908/2025,"ZMLUVA O NÁJME HROBOVÉHO MIESTA č. 2025 0519 Zmluvné strany: 1. Mestské služby mesta Trnava So sídlom: Priemyselná 5, 917 01 Trnava Zastúpené: Ing. Andrea Tomašovičová - riaditeľka IČO: 00598135, DIČ: 2021190963 Číslo účtu: 633 4212/0200 (VÚB), číslo účtu v tvare IBAN: SK07 0200 0000 0000 0633 4212 (ďalej len ""prenajímateľ"" ) 2. Priezvisko, meno, titul: Stanová Darina Bydlisko: Dátum nar.: Rodné číslo: (ďalej len ""nájomca"") uzatvárajú podľa § 663 a nasl. Občianskeho zákonníka, zákona č. 131/2010 Z.z. o pohrebníctve a platného Všeobecne záväzného nariadenia Mesta Trnava o prevádzkovom poriadku pohrebísk túto zmluvu o nájme hrobového miesta. Článok I Predmet a účel nájmu 1. Prenajímateľ prenecháva a nájomca prijíma do nájmu, za podmienok uvedených v tejto zmluve, hrobové miesto č. 40, sekcia 19, typ hrobu jednohrob, na cintoríne Terézie Vansovej v Trnave zomrelý: STANISLAV SLADEK, dátum úmrtia: 11.01.1973. určené na vybudovanie hrobu, hrobky alebo uloženie urny za účelom uloženia ľudských pozostatkov alebo ostatkov. 2. Nájomca nie je oprávnený dať hrobové miesto do podnájmu tretej osobe. Článok II Doba nájmu a nájomné 1. Nájom vznikne dňom podpísa",/Users/kazimir/Desktop/BP/zmluvy_cleaned_checked_strict_valid/11818598.txt
11818600,hrobove_miesto,hrobove miesto|hroboveho miesta|hrobov,True,NZ HM 9/193 jednohrob KC,1909/2025,"ZMLUVA O NÁJME HROBOVÉHO MIESTA č. 2025 0520 Zmluvné strany: 1. Mestské služby mesta Trnava So sídlom: Priemyselná 5, 917 01 Trnava Zastúpené: Ing. Andrea Tomašovičová - riaditeľka IČO: 00598135, DIČ: 2021190963 Číslo účtu: 633 4212/0200 (VÚB), číslo účtu v tvare IBAN: SK07 0200 0000 0000 0633 4212 (ďalej len ""prenajímateľ"" ) 2. Priezvisko, meno, titul: Stanová Darina Bydlisko: Dátum nar.: Rodné číslo: (ďalej len ""nájomca"") uzatvárajú podľa § 663 a nasl. Občianskeho zákonníka, zákona č. 131/2010 Z.z. o pohrebníctve a platného Všeobecne záväzného nariadenia Mesta Trnava o prevádzkovom poriadku pohrebísk túto zmluvu o nájme hrobového miesta. Článok I Predmet a účel nájmu 1. Prenajímateľ prenecháva a nájomca prijíma do nájmu, za podmienok uvedených v tejto zmluve, hrobové miesto č. 193, sekcia 9, typ hrobu jednohrob, na cintoríne Terézie Vansovej v Trnave zomrelý: ANNA SLADEKOVA, dátum úmrtia:... určené na vybudovanie hrobu, hrobky alebo uloženie urny za účelom uloženia ľudských pozostatkov alebo ostatkov. 2. Nájomca nie je oprávnený dať hrobové miesto do podnájmu tretej osobe. Článok II Doba nájmu a nájomné 1. Nájom vznikne dňom podpísania tejto z",/Users/kazimir/Desktop/BP/zmluvy_cleaned_checked_strict_valid/11818600.txt
11818602,hrobove_miesto,hrobove miesto|hroboveho miesta|hrobov,True,NZ HM 6/407 urna TV,1911/2025,"ZMLUVA O NÁJME HROBOVÉHO MIESTA č. 2025 0509 Zmluvné strany: 1. Mestské služby mesta Trnava So sídlom: Priemyselná 5, 917 01 Trnava Zastúpené: Ing. Andrea Tomašovičová - riaditeľka IČO: 00598135, DIČ: 2021190963 Číslo účtu: 633 4212/0200 (VÚB), číslo účtu v tvare IBAN: SK07 0200 0000 0000 0633 4212 (ďalej len ""prenajímateľ"" ) 2. Priezvisko, meno, titul: Fajnorová Irena Bydlisko: Dátum nar.: Rodné číslo: (ďalej len ""nájomca"") uzatvárajú podľa § 663 a nasl. Občianskeho zákonníka, zákona č. 131/2010 Z.z. o pohrebníctve a platného Všeobecne záväzného nariadenia Mesta Trnava o prevádzkovom poriadku pohrebísk túto zmluvu o nájme hrobového miesta. Článok I Predmet a účel nájmu 1. Prenajímateľ prenecháva a nájomca prijíma do nájmu, za podmienok uvedených v tejto zmluve, hrobové miesto č. 407, sekcia 6, typ hrobu urna, na cintoríne Terézie Vansovej v Trnave zomrelý: Jozefa Horáková, dátum úmrtia: 27.12.2025. určené na vybudovanie hrobu, hrobky alebo uloženie urny za účelom uloženia ľudských pozostatkov alebo ostatkov. 2. Nájomca nie je oprávnený dať hrobové miesto do podnájmu tretej osobe. Článok II Doba nájmu a nájomné 1. Nájom vznikne dňom podpísania t",/Users/kazimir/Desktop/BP/zmluvy_cleaned_checked_strict_valid/11818602.txt
11818604,hrobove_miesto,hrobove miesto|hroboveho miesta|hrobov,True,NZ HM 18/58 jednohrob KC,1912/2025,"ZMLUVA O NÁJME HROBOVÉHO MIESTA č. 2025 0521 Zmluvné strany: 1. Mestské služby mesta Trnava So sídlom: Priemyselná 5, 917 01 Trnava Zastúpené: Ing. Andrea Tomašovičová - riaditeľka IČO: 00598135, DIČ: 2021190963 Číslo účtu: 633 4212/0200 (VÚB), číslo účtu v tvare IBAN: SK07 0200 0000 0000 0633 4212 (ďalej len ""prenajímateľ"" ) 2. Priezvisko, meno, titul: Šarvaicová Mária Bydlisko: Dátum nar.: Rodné číslo: (ďalej len ""nájomca"") uzatvárajú podľa § 663 a nasl. Občianskeho zákonníka, zákona č. 131/2010 Z.z. o pohrebníctve a platného Všeobecne záväzného nariadenia Mesta Trnava o prevádzkovom poriadku pohrebísk túto zmluvu o nájme hrobového miesta. Článok I Predmet a účel nájmu 1. Prenajímateľ prenecháva a nájomca prijíma do nájmu, za podmienok uvedených v tejto zmluve, hrobové miesto č. 58, sekcia 18, typ hrobu jednohrob, na cintoríne Terézie Vansovej v Trnave zomrelý: JULIA URBANCOVA, dátum úmrtia: 09.05.1967. určené na vybudovanie hrobu, hrobky alebo uloženie urny za účelom uloženia ľudských pozostatkov alebo ostatkov. 2. Nájomca nie je oprávnený dať hrobové miesto do podnájmu tretej osobe. Článok II Doba nájmu a nájomné 1. Nájom vznikne dňom podpís",/Users/kazimir/Desktop/BP/zmluvy_cleaned_checked_strict_valid/11818604.txt
11818606,hrobove_miesto,hrobove miesto|hroboveho miesta|hrobov,True,NZ HM 17/293 jednohrob KC,1913/2025,"ZMLUVA O NÁJME HROBOVÉHO MIESTA č. 2025 0514 Zmluvné strany: 1. Mestské služby mesta Trnava So sídlom: Priemyselná 5, 917 01 Trnava Zastúpené: Ing. Andrea Tomašovičová - riaditeľka IČO: 00598135, DIČ: 2021190963 Číslo účtu: 633 4212/0200 (VÚB), číslo účtu v tvare IBAN: SK07 0200 0000 0000 0633 4212 (ďalej len ""prenajímateľ"" ) 2. Priezvisko, meno, titul: Madunická Alžbeta Bydlisko: Dátum nar.: Rodné číslo: (ďalej len ""nájomca"") uzatvárajú podľa § 663 a nasl. Občianskeho zákonníka, zákona č. 131/2010 Z.z. o pohrebníctve a platného Všeobecne záväzného nariadenia Mesta Trnava o prevádzkovom poriadku pohrebísk túto zmluvu o nájme hrobového miesta. Článok I Predmet a účel nájmu 1. Prenajímateľ prenecháva a nájomca prijíma do nájmu, za podmienok uvedených v tejto zmluve, hrobové miesto č. 293, sekcia 17, typ hrobu jednohrob, na cintoríne Kamenná cesta v Trnave zomrelý: Alžbeta Jancsová, dátum úmrtia: 25.12.2025. určené na vybudovanie hrobu, hrobky alebo uloženie urny za účelom uloženia ľudských pozostatkov alebo ostatkov. 2. Nájomca nie je oprávnený dať hrobové miesto do podnájmu tretej osobe. Článok II Doba nájmu a nájomné 1. Nájom vznikne dňom podpís",/Users/kazimir/Desktop/BP/zmluvy_cleaned_checked_strict_valid/11818606.txt
11818608,hrobove_miesto,hrobove miesto|hroboveho miesta|hrobov,True,NZ HM 4/295 jednohrob TV,1914/2025,"ZMLUVA O NÁJME HROBOVÉHO MIESTA č. 2025 0513 Zmluvné strany: 1. Mestské služby mesta Trnava So sídlom: Priemyselná 5, 917 01 Trnava Zastúpené: Ing. Andrea Tomašovičová - riaditeľka IČO: 00598135, DIČ: 2021190963 Číslo účtu: 633 4212/0200 (VÚB), číslo účtu v tvare IBAN: SK07 0200 0000 0000 0633 4212 (ďalej len ""prenajímateľ"" ) 2. Priezvisko, meno, titul: Tomeček Peter Ing. Bydlisko: Dátum nar.: Rodné číslo: (ďalej len ""nájomca"") uzatvárajú podľa § 663 a nasl. Občianskeho zákonníka, zákona č. 131/2010 Z.z. o pohrebníctve a platného Všeobecne záväzného nariadenia Mesta Trnava o prevádzkovom poriadku pohrebísk túto zmluvu o nájme hrobového miesta. Článok I Predmet a účel nájmu 1. Prenajímateľ prenecháva a nájomca prijíma do nájmu, za podmienok uvedených v tejto zmluve, hrobové miesto č. 295, sekcia 4, typ hrobu jednohrob, na cintoríne Terézie Vansovej v Trnave zomrelý: Viera Hornáčková, dátum úmrtia: 28.12.2025. určené na vybudovanie hrobu, hrobky alebo uloženie urny za účelom uloženia ľudských pozostatkov alebo ostatkov. 2. Nájomca nie je oprávnený dať hrobové miesto do podnájmu tretej osobe. Článok II Doba nájmu a nájomné 1. Nájom vznikne dňom pod",/Users/kazimir/Desktop/BP/zmluvy_cleaned_checked_strict_valid/11818608.txt
11818610,hrobove_miesto,hrobove miesto|hroboveho miesta|hrobov,True,NZ HM 6/211 jednohrob TV,1916/2025,"ZMLUVA O NÁJME HROBOVÉHO MIESTA č. 2025 0509 Zmluvné strany: 1. Mestské služby mesta Trnava So sídlom: Priemyselná 5, 917 01 Trnava Zastúpené: Ing. Andrea Tomašovičová - riaditeľka IČO: 00598135, DIČ: 2021190963 Číslo účtu: 633 4212/0200 (VÚB), číslo účtu v tvare IBAN: SK07 0200 0000 0000 0633 4212 (ďalej len ""prenajímateľ"" ) 2. Priezvisko, meno, titul: Fajnorová Irena Bydlisko: Dátum nar.: Rodné číslo: (ďalej len ""nájomca"") uzatvárajú podľa § 663 a nasl. Občianskeho zákonníka, zákona č. 131/2010 Z.z. o pohrebníctve a platného Všeobecne záväzného nariadenia Mesta Trnava o prevádzkovom poriadku pohrebísk túto zmluvu o nájme hrobového miesta. Článok I Predmet a účel nájmu 1. Prenajímateľ prenecháva a nájomca prijíma do nájmu, za podmienok uvedených v tejto zmluve, hrobové miesto č. 407, sekcia 6, typ hrobu urna, na cintoríne Terézie Vansovej v Trnave zomrelý: Jozefa Horáková, dátum úmrtia: 27.12.2025. určené na vybudovanie hrobu, hrobky alebo uloženie urny za účelom uloženia ľudských pozostatkov alebo ostatkov. 2. Nájomca nie je oprávnený dať hrobové miesto do podnájmu tretej osobe. Článok II Doba nájmu a nájomné 1. Nájom vznikne dňom podpísania t",/Users/kazimir/Desktop/BP/zmluvy_cleaned_checked_strict_valid/11818610.txt
11818612,hrobove_miesto,hrobove miesto|hroboveho miesta|hrobov,True,NZ HM S16/16 jednohrob KC,1917/2025,"ZMLUVA O NÁJME HROBOVÉHO MIESTA č. 2025 0523 Zmluvné strany: 1. Mestské služby mesta Trnava So sídlom: Priemyselná 5, 917 01 Trnava Zastúpené: Ing. Andrea Tomašovičová - riaditeľka IČO: 00598135, DIČ: 2021190963 Číslo účtu: 633 4212/0200 (VÚB), číslo účtu v tvare IBAN: SK07 0200 0000 0000 0633 4212 (ďalej len ""prenajímateľ"" ) 2. Priezvisko, meno, titul: Nádaská Viera Bydlisko: Dátum nar.: Rodné číslo: (ďalej len ""nájomca"") uzatvárajú podľa § 663 a nasl. Občianskeho zákonníka, zákona č. 131/2010 Z.z. o pohrebníctve a platného Všeobecne záväzného nariadenia Mesta Trnava o prevádzkovom poriadku pohrebísk túto zmluvu o nájme hrobového miesta. Článok I Predmet a účel nájmu 1. Prenajímateľ prenecháva a nájomca prijíma do nájmu, za podmienok uvedených v tejto zmluve, hrobové miesto č. 16, sekcia S16, typ hrobu jednohrob, na cintoríne Kamenná cesta v Trnave zomrelý: Jozef Nádaský, dátum úmrtia: 27.12.2025. určené na vybudovanie hrobu, hrobky alebo uloženie urny za účelom uloženia ľudských pozostatkov alebo ostatkov. 2. Nájomca nie je oprávnený dať hrobové miesto do podnájmu tretej osobe. Článok II Doba nájmu a nájomné 1. Nájom vznikne dňom podpísania tej",/Users/kazimir/Desktop/BP/zmluvy_cleaned_checked_strict_valid/11818612.txt
11818614,hrobove_miesto,hrobove miesto|hroboveho miesta|hrobov,True,NZ HM 12/152 urna KC,1918/2025,"ZMLUVA O NÁJME HROBOVÉHO MIESTA č. 2025 0501 Zmluvné strany: 1. Mestské služby mesta Trnava So sídlom: Priemyselná 5, 917 01 Trnava Zastúpené: Ing. Andrea Tomašovičová - riaditeľka IČO: 00598135, DIČ: 2021190963 Číslo účtu: 633 4212/0200 (VÚB), číslo účtu v tvare IBAN: SK07 0200 0000 0000 0633 4212 (ďalej len ""prenajímateľ"" ) 2. Priezvisko, meno, titul: Málik Ľuboš Bydlisko: Dátum nar.: Rodné číslo: (ďalej len ""nájomca"") uzatvárajú podľa § 663 a nasl. Občianskeho zákonníka, zákona č. 131/2010 Z.z. o pohrebníctve a platného Všeobecne záväzného nariadenia Mesta Trnava o prevádzkovom poriadku pohrebísk túto zmluvu o nájme hrobového miesta. Článok I Predmet a účel nájmu 1. Prenajímateľ prenecháva a nájomca prijíma do nájmu, za podmienok uvedených v tejto zmluve, hrobové miesto č. 152, sekcia 12, typ hrobu urna, na cintoríne Kamenná cesta v Trnave zomrelý: Vlasta Máliková, dátum úmrtia: 20.12.2025. určené na vybudovanie hrobu, hrobky alebo uloženie urny za účelom uloženia ľudských pozostatkov alebo ostatkov. 2. Nájomca nie je oprávnený dať hrobové miesto do podnájmu tretej osobe. Článok II Doba nájmu a nájomné 1. Nájom vznikne dňom podpísania tejto z",/Users/kazimir/Desktop/BP/zmluvy_cleaned_checked_strict_valid/11818614.txt
11818616,hrobove_miesto,hrobove miesto|hroboveho miesta|hrobov,True,NZ HM 14/236 dvojhrob KC,1919/2025,"ZMLUVA O NÁJME HROBOVÉHO MIESTA č. 2025 0495 Zmluvné strany: 1. Mestské služby mesta Trnava So sídlom: Priemyselná 5, 917 01 Trnava Zastúpené: Ing. Andrea Tomašovičová - riaditeľka IČO: 00598135, DIČ: 2021190963 Číslo účtu: 633 4212/0200 (VÚB), číslo účtu v tvare IBAN: SK07 0200 0000 0000 0633 4212 (ďalej len ""prenajímateľ"" ) 2. Priezvisko, meno, titul: Hrubá Ľubica Bydlisko: Dátum nar.: Rodné číslo: (ďalej len ""nájomca"") uzatvárajú podľa § 663 a nasl. Občianskeho zákonníka, zákona č. 131/2010 Z.z. o pohrebníctve a platného Všeobecne záväzného nariadenia Mesta Trnava o prevádzkovom poriadku pohrebísk túto zmluvu o nájme hrobového miesta. Článok I Predmet a účel nájmu 1. Prenajímateľ prenecháva a nájomca prijíma do nájmu, za podmienok uvedených v tejto zmluve, hrobové miesto č. 236, sekcia 14, typ hrobu dvojhrob, na cintoríne Kamenná cesta v Trnave zomrelý: Otília Zuščíková, dátum úmrtia: 20.12.2025. určené na vybudovanie hrobu, hrobky alebo uloženie urny za účelom uloženia ľudských pozostatkov alebo ostatkov. 2. Nájomca nie je oprávnený dať hrobové miesto do podnájmu tretej osobe. Článok II Doba nájmu a nájomné 1. Nájom vznikne dňom podpísania t",/Users/kazimir/Desktop/BP/zmluvy_cleaned_checked_strict_valid/11818616.txt
11818618,prispevok,prispevok|prispevku|prispevkom|financnych prostriedk,True,D O H O D A Číslo: 25/37/054/2665 o zabezpečení podmienok vykonávania aktivačnej činnosti formou menších obecných služieb pre obec,47/2025,"Číslo záznamu: Číslo: zabezpečení podmienok vykonávania aktivačnej činnosti formou menších obecných služieb pre obec poskytnutí príspevku na aktivačnú činnosť formou menších ých služieb obci uzatvorená podľa § 54 ods. 1 písm. c) zákona č. 5/2004 Z. z. o službách zamestnanosti doplnení niektorých zákonov v znení neskorších predpisov rámci projektu „Podpora udržania pracovných návykov – PUPN 4“ (ďalej len „dohoda“) medzi účastníkmi dohody: Úrad práce, sociálnych vecí a Sídlo: Slovenská Zastúpený riaditeľom: Mgr. Slavomíra Figurová, MBA IČO: DIČ: Prešov Prešov (ďalej len „úrad“) Štátna pokladnica Sídlo: Hlavná Zastúpená štatutárnym zástupcom: Mgr. Lukáš Onofrej IČO: DIČ:  ďalej len „obec“ kód/názov Všeobecná verejná správa IBAN účtu, na ktorý budú poukazované platby zo strany úradu. Ak uvedený IBAN nie je totožný s IBAN účtu, z ktorého/ých bude o uskutočňovať bankové prevody na úhradu uplatňovaných oprávnených nákladov, uvedie/ú sa aj tento/tieto iný/é IBANy. Za oprávnené budú považované aj platby z iného bankového účtu/ov preukázateľne patriace obci/kraju.“ Dohoda č. Článok I Účel a predmet dohody Účelom tejto dohody je zabezpečenie podmienok v",/Users/kazimir/Desktop/BP/zmluvy_cleaned_checked_strict_valid/11818618.txt
11818627,prispevok,prispevok|prispevku,True,Zmluva o poskytnutí príspevku na dopravné služby,43/2025,"Zmluva o poskytnutí príspevku na dopravné služby uzatvorená podľa § 30 ods. 6 zákona č. 332/2023 Z. z. o verejnej osobnej doprave v jeho aktuálnom znení a § 269 ods. 2 zákona č. 513/1991 Zb. Obchodný zákonník v jeho aktuálnom znení medzi zmluvnými stranami: Názov: Sídlo: Štatutárny orgán: IČO: DIČ: Bankové spojenie: Číslo účtu IBAN: Mesto Prešov Hlavná 73, 080 01 Prešov Ing. František Oľha, primátor mesta 00 327 646 2021225679 UniCredit Bank Czech Republic and Slovakia, a.s., pobočka zahraničnej banky SK36 1111 0000 0066 1991 1323 (ďalej aj len ako „Mesto Prešov”) a Názov: Sídlo: Štatutárny orgán: IČO: DIČ: Bankové spojenie: Číslo účtu IBAN: Obec Dulova Ves Hlavná 18/36, 082 52 Dulova Ves, SR Mgr. Lukáš Onofrej, starosta obce 00 327 000 2021225470 Všeobecná úverová banka, a.s. SK66 0200 0000 0000 0902 2572 (ďalej ak len ako „Obec”) (Mesto Prešov a Obec ďalej spolu aj len ako „Zmluvné strany“ alebo jednotlivo ako „Zmluvná strana"") Zmluvné strany uzatvorili dole uvedeného dňa, mesiaca a roku Zmluvu o poskytnutí príspevku na dopravné služby (ďalej aj len ako „Zmluva“) Článok 1 Úvodné ustanovenia 1.1 Mesto Prešov uzavrelo dňa 22. 12",/Users/kazimir/Desktop/BP/zmluvy_cleaned_checked_strict_valid/11818627.txt
11818665,other,,True,Zmluva o zriadení spoločného obecného úradu,Zmluva č.38/2025,"ZMLUVA o zriadení spoločného obecného úradu uzatvorená podľa § 20a zákona č. 369/1990 Zb. o obecnom zriadení v platnom znení (ďalej len „Zmluva”) uzatvorená medzi: Účastníci zmluvy: 1. Obec Hrabušice sídlo: Hlavná ulica 171/46, 053 15 Hrabušice IČO: 00 329 151 Marcel Kacvinský, starosta obce 2. 3. 4. 5. 6. 7. Obec Rudňany sídlo: Rudňany 234, 053 23 Rudňany IČO: 00 329 533 Bc. Rastislav Neuvirth, starosta obce Obec Betlanovce sídlo: Betlanovce 23, 053 15 Betlanovce IČO: 00 328 952 Ing. Slávka Kremnická, starostka obce Obec Spišské Tomášovce sídlo: Kostolná 20/12, 052 01 Spišské Tomášovce IČO: 00 329 649 Mgr. Zuzana Nebusová, starostka obce Obec Danišovce sídlo: Danišovce 33, 053 22 Odorín IČO: 00 689 556 Mgr. Ján Olekšák, starosta obce Obec Poráč sídlo: Poráč 61, 053 23 Poráč IČO: 00 329 509 Ing. Peter Volčko, starosta obce Obec Matejovce nad Hornádom sídlo: Matejovce nad Hornádom 97, 053 21 Markušovce IČO: 00 329 363 Mgr. Ivana Hrebenárová, starostka obce 8. Obec Lieskovany sídlo: Lieskovany 50, 053 21 Markušovce IČO: 00 695 386 Marcela Kapustová, starostka obce (ďalej v zmluve aj ako „účastníci zmluvy“) V záujme kv",/Users/kazimir/Desktop/BP/zmluvy_cleaned_checked_strict_valid/11818665.txt
11818683,spolupraca,spoluprac,True,ZMLUVA O SPOLUPRÁCI,UPJS - 912/2025,"ZMLUVA O SPOLUPRÁCI uzatvorená podľa § 269 ods. 2 zák. č. 513/1991 Z. z. Obchodný zákonník v znení neskorších predpisov (ďalej len „Obchodný zákonník“) 1. Univerzita Pavla Jozefa Šafárika v Košiciach Článok 1 Zmluvné strany Sídlo: Štatutárny orgán: Zastúpenie: IČO: Kontaktná osoba: Email: (ďalej aj „UPJŠ“) Šrobárova 2, 041 80 Košice prof. MUDr. Daniel Pella, PhD., rektor doc. RNDr. Dušan Šveda, CSc., riaditeľ Centra celoživotného vzdelávania a podpory projektov (CCVaPP) UPJŠ, na základe plnej moci rektora UPJŠ zo dňa 06.11.2023 00 397 768 doc. RNDr. JUDr. Pavol Sokol, PhD. et PhD. 2. Stredná odborná škola technická, Volgogradská 1, Prešov Sídlo: Štatutárny orgán: IČO: Kontaktná osoba E-mail: (ďalej aj „Škola“)............... UPJŠ a Škola označovaní ďalej spoločne aj ako „Zmluvné strany“ alebo samostatne ako „Zmluvná strana“ uzatvárajú túto zmluvu o spolupráci (ďalej len „Zmluva“), za nasledovných podmienok: Článok 2 Predmet a účel Zmluvy 1. Predmetom tejto Zmluvy je realizácia vzájomne výhodnej spolupráce Zmluvných strán v oblastiach ich spoločného záujmu, ktorej cieľom je výmena poznatkov pri vykonávaní aktivít definovaných v ods. 2 toh",/Users/kazimir/Desktop/BP/zmluvy_cleaned_checked_strict_valid/11818683.txt
11818684,dodatok,dodatok,True,Dodatok č. 1 - k Nájomnej zmluve - byt,336/2025,"DODATOK Č. 1 K NÁJOMNEJ ZMLUVE o nájme bytu č. 7 v bytovom dome na ul. Gen. Svobodu č. 119A (Dom humanity) uzatvorenej podľa § 685 a nasl. Občianskeho zákonníka Prenajímateľ: Štat. zástupca: Sídlo: IČO: IČ DPH: Bankové spojenie: IBAN Prima banka: a Nájomca: Dátum narodenia: Trvalý pobyt: Kontaktná adresa: Článok I Zmluvné strany Obec Ľubica Ing. Ján KAPOLKA, starosta obce Gen. Svobodu 248/127, Ľubica 31942547 SK2020709834 Prima Banka Slovensko, a. s. SK485600 0000 0016 71061001 Pavla BACHLEDOVÁ Lučenec Gen. Svobodu č. 119A, 059 71 Ľubica uzatvárajú dodatok k Nájomnej zmluve o nájme bytu zo dňa 28.05.2025 dodatok č. 1 v tomto znení: I. 1. Nájom bytu založený medzi prenajímateľom a nájomcom Nájomnou zmluvou o nájme bytu č. 7 nachádzajúceho sa v bytovom dome Dom humanity, súpisné číslo 1169, na ul. Gen. Svobodu 119A v Ľubici zo dňa 28.05.2025, sa za podmienok dohodnutých v tejto Nájomnej zmluve predlžuje od 01.011.2025 do 30.04.2026. 2. Ostatné ustanovenia Nájomnej zmluvy zo dňa 28.05.2025 zostávajú v platnosti bez zmeny. II. 1. Tento dodatok je platný dňom jeho podpísania oboma zmluvnými stranami a účinnosť nadobúda dňom nasleduj",/Users/kazimir/Desktop/BP/zmluvy_cleaned_checked_strict_valid/11818684.txt
11818704,hrobove_miesto,hrobove miesto|hroboveho miesta|hrobov,True,Zmluva o nájme HM č. 2026/01001,NÁJC001/2026,"ZMLUVA O NÁJME HROBOVÉHO MIESTA č. ZML.2026/01001 uzavretá podľa § 663 až nasl. Občianskeho zákonníka a zákona č. 131/2010 Z. z. o pohrebníctve v znení neskorších predpisov medzi nasledujúcimi zmluvnými stranami: ____________________________________________________________________________________ 1. Mesto Nesvady So sídlom: 946 51 Nesvady, Obchodná 23 V zastúpení: Zoltánom Molnárom, primátorom mesta v zastúpení Bc. Adriánou Nagyovou, zamestnankyňou mesta IČO: 00306606 DIČ: 2021029340 (ďalej aj ako „prenajímateľ"") 2. Silvia Takácsová Adresa bydliska: Dátum nar.: (ďalej aj ako „nájomca"") (prenajímateľ a nájomca ďalej spoločne aj ako „zmluvné strany"") Čl. I Predmet a účel nájmu 1. Prenajímateľ prenecháva nájomcovi do nájmu a nájomca prijíma do nájmu, za podmienok dohodnutých v tejto zmluve: Hrobové miesto č. 36/37, chodník 3, oddelenie č. J, na cintoríne: Novozámocká ul.. (ďalej aj ako „hrobové miesto""). 2. Hrobové miesto prenajímateľ prenecháva nájomcovi do nájmu za účelom vybudovania hrobu, hrobky alebo uloženia urny na uloženie ľudských pozostatkov alebo ostatkov. 3. Podnájom hrobového miesta je zakázaný. Čl. II Doba nájmu 1. Táto zmluva sa uzatvára na dobu",/Users/kazimir/Desktop/BP/zmluvy_cleaned_checked_strict_valid/11818704.txt
11818723,sluzby,sluzb|sluzieb,True,Zmluva o poskytnutí služby,ZMD_467/2025,"Zmluva o poskytnutí služby uzatvorená podľa § 269 ods. 2 zákona č. 513/1991 Zb. Obchodný zákonník v znení neskorších noviel a doplnkov ––––––––––––––––––––––––––––––––––––––––––––––––––––––––––––––––––––––––––– ZMD 447/2025 Zmluvné strany Objednávateľ: DIVADLO KOMÉDIE, občianske združenie Sídlo: Silvánska 29, 841 04 Bratislava Predseda o.z.: Mgr. Svetozár Sprušanský IČO: 36067164 DIČ: 2120401173 IBAN: SK90 0200 0000 0037 5887 9956 (ďalej len „objednávateľ“) a Poskytovateľ: Mesto Myjava Sídlo: Nám. M.R. Štefánika 560/4, 907 14 Myjava Štatutárny zástupca: Ing. Ľubomír Halabrín, primátor mesta IČO: 309745 DIČ: 2021081491 IBAN: SK94 0900 0000 0051 7156 9122 (ďalej len „poskytovateľ“) Čl. I Predmet zmluvy 1. Poskytovateľ sa zaväzuje objednávateľovi poskytnúť službu v rozsahu: - Predaj vstupeniek na divadelné predstavenie „Chlapský raj“, ktoré sa uskutoční dňa 28.3.2026 a to bezhotovostne cez on-line systém a hotovostne v KD Samka Dudíka 2. Poskytovateľ služieb je zodpovedný za riadne poskytnutie služieb pre objednávateľa v rozsahu uvedenom v Čl. I. 3. Začiatok poskytovania služieb je dňom 10.12.2025 a zmluva sa uzatvára na dobu určitú do us",/Users/kazimir/Desktop/BP/zmluvy_cleaned_checked_strict_valid/11818723.txt
11818725,spolupraca,spoluprac,True,Zmluva o spolupráci pri zabezpečení umeleckého vystúpenia,ZMD_468/2025,"Zmluva o spolupráci pri zabezpečení umeleckého vystúpenia podľa zákona č. 513/1991 Zb. Obchodný zákonník v zn. n. p. (ďalej „ObZ“) uzavretá zmluvnými stranami: Dodávateľ názov: právna forma: Umelecký súbor Lúčnica štátna príspevková organizácia zriadená Ministerstvom kultúry SR Zriaďovacou listinou č. MK-1510/2000-1 zo dňa 20.09.2000 v znení jej neskorších zmien Kollárovo nám. 10, 811 07 Bratislava 00 164 828 2020829976 nie je platcom DPH sídlo: IČO: DIČ: IČ DPH: štatutárny orgán: Ing. Mgr. art. Pavol Pilař, generálny riaditeľ Štátna pokladnica banka: IBAN: SK37 8180 0000 0070 0006 9114 kontakt: marek.barjak@lucnica.sk Usporiadateľ Mesto Myjava Ing. Ľubomír Halabrín, primátor mesta Nám.M.R.Štefánika 560/4, 907 14 Myjava 00309745 2021081491 nie je platcom DPH názov: Zastúpený: Sídlo: IČO: DIČ: IČ DPH: Bankové spojenie: Slovenská sporiteľňa, a.s. IBAN: SK94 0900 0000 0051 7156 9122 Kontakt: hana.cigankova@myjava.sk 1.1 Predmetom tejto zmluvy je úprava práv a povinností zmluvných strán vo veci zabezpečenia umeleckého vystúpenia tanečného súboru, orchestra a speváckej skupiny Dodávateľa. Článok I Predmet zmluvy 1.2 Detaily",/Users/kazimir/Desktop/BP/zmluvy_cleaned_checked_strict_valid/11818725.txt
11818728,dodatok,dodatok|dodatku,True,Dodatok k zmluve o nájme bytu,NZ_242/2025,"D o d a t o k č. 1 k Z m l u v e o n á j m e bytu uzatvorená v zmysle § 663 a násl. a § 685 a násl. zák. č. 40/1964 Zb. Občianskeho zákonníka v platnom znení Zmluva sa uzatvára medzi: Článok 1 Zmluvné strany Prenajímateľom: Obec Lehota pod Vtáčnikom so sídlom: Námestie SNP 33/1, 972 42 Lehota pod Vtáčnikom zastúpená starostom obce: Mgr. Michalom Ďureje., PhD. IČO: 00318256 DIČ: 2021211742 bankové spojenie: Prima Banka Slovensko a. s., pobočka Prievidza číslo účtu: SK07 5600 0000 0090 0013 7008 (ďalej len prenajímateľ) na jednej strane Nájomcom: Simona Gažurová 972 42 Lehota pod Vtáčnikom a (ďalej len nájomca) na druhej strane Článok 2 Predmet dodatku Tento dodatok sa uzatvára k Zmluve o nájme bytu zo dňa 30.05.2025, predmetom ktorej je prenájom bytu nachádzajúceho sa v bytovom dome 972 42 Lehota pod Vtáčnikom Článok 3 Úprava výšky nájomného Na základe Vyhlášky Ministerstva dopravy a výstavby Slovenskej republiky o regulácii cien nájmu bytov vo verejnom sektore č. 281/2024 Z. z. a v súlade so Všeobecne záväzným nariadením obce Lehota pod Vtáčnikom č. 2/2025 zo dňa 8. 10. 2025, ktorým bola upravená výška nájomného za byty vo v",/Users/kazimir/Desktop/BP/zmluvy_cleaned_checked_strict_valid/11818728.txt
11818730,dodatok,dodatok|dodatku,True,Dodatok k zmluve o nájme bytu,NZ_243/2025,"D o d a t o k č. 1 k Z m l u v e o n á j m e bytu uzatvorená v zmysle § 663 a násl. a § 685 a násl. zák. č. 40/1964 Zb. Občianskeho zákonníka v platnom znení Zmluva sa uzatvára medzi: Článok 1 Zmluvné strany Prenajímateľom: Obec Lehota pod Vtáčnikom so sídlom: Námestie SNP 33/1, 972 42 Lehota pod Vtáčnikom zastúpená starostom obce: Mgr. Michalom Ďureje., PhD. IČO: 00318256 DIČ: 2021211742 bankové spojenie: Prima Banka Slovensko a. s., pobočka Prievidza číslo účtu: SK07 5600 0000 0090 0013 7008 (ďalej len prenajímateľ) na jednej strane Nájomcom: Roman Rybár 972 42 Lehota pod Vtáčnikom a Michaela Rybárová 972 42 Lehota pod Vtáčnikom (ďalej len nájomca) na druhej strane Článok 2 Predmet dodatku Tento dodatok sa uzatvára k Zmluve o nájme bytu zo dňa 28.08.2025, predmetom ktorej je prenájom bytu nachádzajúceho sa v bytovom dome 972 42 Lehota pod Vtáčnikom Článok 3 Úprava výšky nájomného Na základe Vyhlášky Ministerstva dopravy a výstavby Slovenskej republiky o regulácii cien nájmu bytov vo verejnom sektore č. 281/2024 Z. z. a v súlade so Všeobecne záväzným nariadením obce Lehota pod Vtáčnikom č. 2/2025 zo dňa 8. 10. 2025, kto",/Users/kazimir/Desktop/BP/zmluvy_cleaned_checked_strict_valid/11818730.txt
11818732,dodatok,dodatok|dodatku,True,Dodatok k zmluve o nájme bytu,NZ_244/2025,"D o d a t o k č. 1 k Z m l u v e o n á j m e bytu uzatvorená v zmysle § 663 a násl. a § 685 a násl. zák. č. 40/1964 Zb. Občianskeho zákonníka v platnom znení Zmluva sa uzatvára medzi: Článok 1 Zmluvné strany Prenajímateľom: Obec Lehota pod Vtáčnikom so sídlom: Námestie SNP 33/1, 972 42 Lehota pod Vtáčnikom zastúpená starostom obce: Mgr. Michalom Ďureje., PhD. IČO: 00318256 DIČ: 2021211742 bankové spojenie: Prima Banka Slovensko a. s., pobočka Prievidza číslo účtu: SK07 5600 0000 0090 0013 7008 (ďalej len prenajímateľ) na jednej strane Nájomcom: Štefan Polák 972 42 Lehota pod Vtáčnikom a a manželka Eva Poláková 972 42 Lehota pod Vtáčnikom (ďalej len nájomca) na druhej strane Článok 2 Predmet dodatku Tento dodatok sa uzatvára k Zmluve o nájme bytu zo dňa 30.08.2024 predmetom ktorej je prenájom bytu nachádzajúceho sa v bytovom dome 972 42 Lehota pod Vtáčnikom Článok 3 Úprava výšky nájomného Na základe Vyhlášky Ministerstva dopravy a výstavby Slovenskej republiky o regulácii cien nájmu bytov vo verejnom sektore č. 281/2024 Z. z. a v súlade so Všeobecne záväzným nariadením obce Lehota pod Vtáčnikom č. 2/2025 zo dňa 8. 10.",/Users/kazimir/Desktop/BP/zmluvy_cleaned_checked_strict_valid/11818732.txt
11818734,najom,najom,True,Zmluva o nájme bytu,NZ_004/2026,"Zmluva o n á j m e bytu uzatvorená v zmysle § 663 a násl. a § 685 a násl. zák. č. 40/1964 Zb. Občianskeho zákonníka v platnom znení Zmluva sa uzatvára medzi: Článok 1 Zmluvné strany Prenajímateľom: Obec Lehota pod Vtáčnikom so sídlom: Námestie SNP č. 33/1, 972 42 Lehota pod Vtáčnikom zastúpená starostom obce: Mgr. Michalom Ďureje, PhD. IČO: 00318256 DIČ: 2021211742 bankové spojenie: Prima Banka Slovensko a. s., pobočka Prievidza číslo účtu: SK07 5600 0000 0090 0013 7008 (ďalej len prenajímateľ) na jednej strane a Nájomcom: Mário Gregor trvalý pobyt: 972 42 Lehota pod Vtáčnikom a Iveta Gregorová trvalý pobyt: 972 42 Lehota pod Vtáčnikom Článok 2 Predmet nájmu 1. Prenajímateľ prenecháva nájomcovi nájomný byt patriaci do jeho vlastníctva, ktorý bol postavený v súlade so zákonom Ministerstva dopravy, výstavby a regionálneho rozvoja SR č. 443/2010 z 26. 10. 2010 o dotáciách na rozvoj bývania a sociálnom bývaní. Pre tento byt nachádzajúci sa v bytovom dome v Lehote pod Vtáčnikom, postavenom na pozemku evidovanom ako parcela registra C KN č. 2125/65, C KN č. 2125/67, C KN č. 2125/69, C KN č. 2125/71 v k. ú. Lehota pod Vtáčnikom, okres",/Users/kazimir/Desktop/BP/zmluvy_cleaned_checked_strict_valid/11818734.txt
11818761,hrobove_miesto,hrobove miesto|hroboveho miesta|hrobov,True,Nájomná zmluva na prenájom hrobového miesta,1/2026,"Nájomná zmluva č. 1/2026 na prenájom hrobového miesta uzavretá v zmysle § 663 a násl. Občianskeho zákonníka a zákona č.131/2010 Z.z. o pohrebníctve Zmluvné strany: 1. Prenajímateľ: Obec Tušická Nová Ves 072 02 Tušická Nová Ves 167 zastúpená: Rastislav Jakuboc - starosta obce IČO: 00 325 929 DIČ: 2020 042 669 Banka: Prima banka Slovensko a.s. IBAN: SK65 5600 0000 0042 1594 6002 2. Nájomca: / ďalej len „prenajímateľ"" / Meno a priezvisko: Monika Vasiľová Bytom: Xxxxxxx Xxxx Xxx xx 000 000 00 Xxxxxxx Xxxx Xxx 000000x0000 Rodné číslo: (ďalej aj ako „nájomca"") I. PREDMET NÁJMU Na základe tejto zmluvy prenecháva prenajímateľ nájomcovi do nájmu hrobové miesto za účelom uloženia ľudských pozostatkov, alebo ľudských ostatkov na cintoríne v katastrálnom území Tušická Nová Ves na parcele č. 378 (nový cintorín), na parcele č. 383/1 (starý cintorín). Hrobové miesto: Časť cintorína: Číslo miesta: Typ: Interné číslo: Starý Cintorín TNV - Rad 3. 22 Jedno hrob betónový - 1,2 miesta 116 Nebohí: Bajus Ján * 1877 † 1952 Bajusová Zuzana * 1875 † 1969 II. DOBA NÁJMU 1. Táto zmluva sa uzatvára na dobu neurčitú a nesmie sa vypovedať skôr, ako po uplynutí tlecej doby /10 rokov/,",/Users/kazimir/Desktop/BP/zmluvy_cleaned_checked_strict_valid/11818761.txt
11818763,dohoda_ine,dohoda,True,Dohoda,1014/2025/OD,"Dohoda o poskytnutí mimoriadnej zálohy pre región Orava uzatvorená podľa § 269 ods. 2 zákona č. 513/1991 Zb. Obchodného zákonníka v znení neskorších predpisov (ďalej len „Dohoda“) medzi zmluvnými stranami: Obchodné meno: Sídlo: IČO: DIČ: IČ DPH: Zapísaná: V mene, ktorej koná: ARRIVA Liorbus, a. s. Bystrická cesta 2164, 034 01 Ružomberok 36 403 431 Zapísaná v obchodnom registri Okresného súdu Žilina, oddiel: Sa, vložka č. 10334/L Mgr. Michal Horák, MBA, predseda predstavenstva, a.s. Mgr. Martin Rayman, podpredseda predstavenstva Prokúra: Zástupca pre vecné plnenie: Ing. Ľubomíra Urbanová, riaditeľka dopravy Ing. Mgr. Jana Benčová, prokurista Bankové spojenie: IBAN: a (ďalej len „Dopravca“) Názov: Sídlo: IČO: DIČ: V mene ktorej koná: Zástupca pre vecné plnenie: Ing. Gabriela Tisoňová, PhD, riaditeľka Odboru dopravy Žilinský samosprávny kraj Ul. Komenského 48, 011 09 Žilina 37 808 427 2021626695 Ing. Erika Jurinová, predsedníčka Bankové spojenie: IBAN: Štátna pokladnica SK95 8180 0000 0070 0050 3697 (ďalej len „Objednávateľ“) (Dopravca a Objednávateľ ďalej spolu ako „zmluvné strany“ alebo jednotlivo ako „zmluvná strana“) Článok I Úvodné ustanovenia 1.1 Doprav",/Users/kazimir/Desktop/BP/zmluvy_cleaned_checked_strict_valid/11818763.txt
11818764,spolupraca,spoluprac,True,ZMLUVA O SPOLUPRÁCI,UPJS - 913/2025,"ZMLUVA O SPOLUPRÁCI uzatvorená podľa § 269 ods. 2 zák. č. 513/1991 Z. z. Obchodný zákonník v znení neskorších predpisov (ďalej len „Obchodný zákonník“) 1. Univerzita Pavla Jozefa Šafárika v Košiciach Článok 1 Zmluvné strany Sídlo: Štatutárny orgán: Zastúpenie: IČO: Kontaktná osoba: Email: (ďalej aj „UPJŠ“) Šrobárova 2, 041 80 Košice prof. MUDr. Daniel Pella, PhD., rektor doc. RNDr. Dušan Šveda, CSc., riaditeľ Centra celoživotného vzdelávania a podpory projektov (CCVaPP) UPJŠ, na základe plnej moci rektora UPJŠ zo dňa 06.11.2023 00 397 768 doc. RNDr. JUDr. Pavol Sokol, PhD. et PhD. 2. Stredná priemyselná škola elektrotechnická, Plzenská 1, Prešov Sídlo: Štatutárny orgán: IČO: Kontaktná osoba E-mail: (ďalej aj „Škola“)............... UPJŠ a Škola označovaní ďalej spoločne aj ako „Zmluvné strany“ alebo samostatne ako „Zmluvná strana“ uzatvárajú túto zmluvu o spolupráci (ďalej len „Zmluva“), za nasledovných podmienok: Článok 2 Predmet a účel Zmluvy 1. Predmetom tejto Zmluvy je realizácia vzájomne výhodnej spolupráce Zmluvných strán v oblastiach ich spoločného záujmu, ktorej cieľom je výmena poznatkov pri vykonávaní aktivít definovaných v ods",/Users/kazimir/Desktop/BP/zmluvy_cleaned_checked_strict_valid/11818764.txt
11818773,dohoda_ine,dohoda,True,Dohoda,1015/2025/OD,"Dohoda o poskytnutí mimoriadnej zálohy pre región Liptov uzatvorená podľa § 269 ods. 2 zákona č. 513/1991 Zb. Obchodného zákonníka v znení neskorších predpisov (ďalej len „Dohoda“) medzi zmluvnými stranami: Obchodné meno: Sídlo: IČO: DIČ: IČ DPH: Zapísaná: V mene, ktorej koná: ARRIVA Liorbus, a. s. Bystrická cesta 2164, 034 01 Ružomberok 36 403 431 Zapísaná v obchodnom registri Okresného súdu Žilina, oddiel: Sa, vložka č. 10334/L Mgr. Michal Horák, MBA, predseda predstavenstva, a.s. Mgr. Martin Rayman, podpredseda predstavenstva Prokúra: Zástupca pre vecné plnenie: Ing. Ľubomíra Urbanová, riaditeľka dopravy Ing. Mgr. Jana Benčová, prokurista Bankové spojenie: IBAN: a (ďalej len „Dopravca“) Názov: Sídlo: IČO: DIČ: V mene ktorej koná: Zástupca pre vecné plnenie: Ing. Gabriela Tisoňová, PhD, riaditeľka Odboru dopravy Žilinský samosprávny kraj Ul. Komenského 48, 011 09 Žilina 37 808 427 2021626695 Ing. Erika Jurinová, predsedníčka Bankové spojenie: IBAN: Štátna pokladnica SK95 8180 0000 0070 0050 3697 (ďalej len „Objednávateľ“) (Dopravca a Objednávateľ ďalej spolu ako „zmluvné strany“ alebo jednotlivo ako „zmluvná strana“) Článok I Úvodné ustanovenia 1.1 Dopra",/Users/kazimir/Desktop/BP/zmluvy_cleaned_checked_strict_valid/11818773.txt
11818774,other,,True,Delimitačný protokol,CRZč.6043/2025/LSR,"Delimitačný protokol CRZ č. 04182/2025-OS-0140149/25.00 o odovzdaní a prevzatí správy nehnuteľností vo vlastníctve štátu podľa zákona č. 326/2005 Z.z. o lesoch v znení neskorších predpisov (ďalej len „Protokol“) Odovzdávajúci: Slovenský pozemkový fond Sídlo: Búdková 36, 817 15 Bratislava Štatutárny orgán: generálny riaditeľ a námestník generálneho riaditeľa podľa výpisu z obchodného registra IČO: 17 335 345 DIČ: 2021007021 Bankové spojenie: Štátna pokladnica Číslo účtu IBAN: SK35 8180 0000007000001638 zapísaný v Obchodnom registri Mestského súdu Bratislava III, oddiel: PO, vložka 35/B (ďalej len „odovzdávajúci“) a Preberajúci: Slovenská republika - LESY Slovenskej republiky, štátny podnik so sídlom: Námestie SNP 8, 97566, Banská Bystrica štatutárny orgán: Ing. Juraj Marko - riaditeľ IČO: 36038351 DIČ: 2020087982 (ďalej len „preberajúci“ a spolu s odovzdávajúcim „účastníci protokolu“) Čl. I Predmet a dôvod odovzdania správy nehnuteľného majetku štátu 1. Odovzdávajúci odovzdáva a preberajúci preberá podľa § 50 zákona č. 326/2005 Z.z. o lesoch v znení neskorších predpisov správu k nehnuteľnému majetku vo vlastníctve Slovenskej republiky: Okres: Spišská Nová Ves Obec: S",/Users/kazimir/Desktop/BP/zmluvy_cleaned_checked_strict_valid/11818774.txt
11818784,sluzby,sluzieb|uctovn|veterinarn,True,Zmluva č. 8/2026 o vykonaní štátnych veterinárnych činností v roku 2026 uzavretá podľa  §  261 ods. 2 Obchodného zákonníka,8/2026,"ZMLUVA č. 8/2026 o vykonaní štátnych veterinárnych činností v roku 2026 uzavretá podľa § 261 ods. 2 Obchodného zákonníka Čl. I. Zmluvné strany 1. 1 Objednávateľ: Regionálna veterinárna a potravinová správa Lučenec Zastúpená riaditeľom MVDr. Ondrej Martiš Adresa Ulica mieru 2 PSČ 984 42 Lučenec Telefón 0474322431/0474323526 E – mail riaditel.lc@svps.sk IČO 35 984 538 IBAN SK42 8180 0000 00 7000074941 (vyplnia sa všetky riadky) 1. 2 Dodávateľ: Meno a priezvisko: MVDr. Adriana Majoroš Osová Trvalý pobyt: PSČ: Sídlo podľa osvedčenia vydaného KVL: Telefón: E – mail: Osvedčenie KVL SR č.: IČO: DIČ: IČ DPH: IBAN: 50788388 1122657877 SK1122657877 (vyplnia sa všetky riadky) Čl. II. Predmet zmluvy 2.1 Predmetom zmluvy je vykonanie štátnych veterinárnych činností dodávateľom v tomto rozsahu: Štátna veterinárna činnosť I. Hovädzí dobytok Sadzba paušálnej úhrady za jeden úkon v Eur Kód úkonu 1. Odber krvi 1,40 140, 142, 147, 157, 158, 160, 161, 162, 163, 177, 179, 182, 184, 185 1 2. Aborty – plodové obaly 3. Tuberkulinácia jednoduchá 4. Tuberkulinácia simultánna 10,00 3,00 2,20 12,00 5. odber vzor",/Users/kazimir/Desktop/BP/zmluvy_cleaned_checked_strict_valid/11818784.txt
11818786,kupa_predaj,kupna zmluva|k u p n a|predaj,True,Kúpna zmluva,INT_001/2026,"uzatvorená podľa § 588 a nasl. Občianskeho zákonníka č. 40/64 Zb. v platnom znení ____________________________________________________________________________ K ú p n a zmluva Článok I. Zmluvné strany 1.1 Obec Lovinobaňa sídlo: Obecný úrad Lovinobaňa, SNP 356/1, 985 54 Lovinobaňa, Slovenská republika štatutárny orgán: Bc. Andrea Valachová, starostka obce bankové spojenie: Prima banka Slovensko a. s., IBAN: SK97 5600 0000 0060 0908 5001 IČO: 00 316 172 (ďalej len predávajúci) a 1.2 Lýdia Balogová r. Budáčová dátum narodenia:, rodné číslo: trvale bytom: Uderiná 71, 985 54 Lovinobaňa, Slovenská republika občan Slovenskej republiky (ďalej len kupujúci) Čl. II. Predmet zmluvy 2.1 Predávajúci obec Lovinobaňa je výlučným vlastníkom (v 1/1-ine) nehnuteľnosti – pozemku, ktorý sa nachádza v obci Lovinobaňa a katastrálnom území Uderiná, konkrétne pozemku: PARCELY registra ""C"" evidovanej na katastrálnej mape: č. 1220/12, Zastavaná plocha a nádvorie o výmere 70 m2, ktorá nehnuteľnosť je evidovaná Okresným úradom Lučenec, katastrálnym odborom na liste vlastníctva č. 206, Okres: Lučenec, Obec: Lovinobaňa, Katastrálne územie: Uderiná, ktorý je predmetom prevodu po",/Users/kazimir/Desktop/BP/zmluvy_cleaned_checked_strict_valid/11818786.txt
11818796,dodatok,dodatok|dodatku,True,Dodatok č. 1 k zmluve o poskytovaní služieb - poradenských a konzultačných,2025/076,"DODATOK č. 1 k Zmluve o poskytovaní služieb (poradenských a konzultačných) uzavretá podľa § 269 ods. 2 zákona č. 513/1991 Zb. Obchodný zákonník v znení neskorších predpisov I. Účastníci dodatku Objednávateľ: Názov: Obec Závažná Poruba Sídlo: Hlavná 135/113, 03202 Závažná Poruba Zastúpený: Vladimír Mlynček – starosta obce IČO: 00315915; DIČ: 2020574930; IČ DPH: Neplatiteľ DPH E-mail: obec@zavaznaporuba.sk Dodávateľ: Meno a priezvisko: Igor Belica IB. Plus Adresa: Liptovský Ján 2063, 032 03 Liptovský Ján Právna forma: Fyzická osoba – podnikateľ, zapísaný v ŽR OÚ Liptovský Mikuláš, číslo 505-2423 IČO: 43084508; DIČ: 1033328384; IČ DPH: Neplatiteľ DPH E-mail: igorib1974@gmail.com (ďalej len „Objednávateľ“ a „Dodávateľ“, spolu aj ako „Účastníci dodatku“) Účastníci Dodatku č. 1 prehlasujú, že sú plne spôsobilí na právne úkony a uzatvárajú tento Dodatok č.1 k Zmluve o poskytovaní služieb uzavretej dňa 1.9.2025 (ďalej len „Zmluva“). II. Predmet dodatku 1. Dodatkom č.1 sa znenie Článku IV Zmluvy nahrádza znením: „Platobné podmienky 1. Cena za služby bude vyplatená na základe faktúr vystavených dodávateľom takto: • 1. faktúra vo výška 4000,- eur bude vystav",/Users/kazimir/Desktop/BP/zmluvy_cleaned_checked_strict_valid/11818796.txt
11818808,other,,True,Delimitačný protokol CRZ č. 04224/2025-OS-0140150/25.00 o odovzdaní a prevzatí správy nehnuteľností vo vlastníctve štátu,CRZč.5987/2025/LSR,"Delimitačný protokol CRZ č. 04224/2025-OS-0140150/25.00 o odovzdaní a prevzatí správy nehnuteľností vo vlastníctve štátu podľa zákona č. 326/2005 Z.z. o lesoch v znení neskorších predpisov (ďalej len „Protokol“) Odovzdávajúci: Slovenská republika – Slovenský pozemkový fond Sídlo: Búdková 36, 817 15 Bratislava Štatutárny orgán: generálny riaditeľ a námestník generálneho riaditeľa podľa výpisu z obchodného registra IČO: 17 335 345 DIČ: 2021007021 Bankové spojenie: Štátna pokladnica Číslo účtu IBAN: SK35 8180 0000007000001638 zapísaný v Obchodnom registri Mestského súdu Bratislava III, oddiel: PO, vložka 35/B (ďalej len „odovzdávajúci“) A Preberajúci: Slovenská republika - LESY Slovenskej republiky, štátny podnik so sídlom: Námestie SNP 8, 97566, Banská Bystrica štatutárny orgán: Ing. Juraj Marko – riaditeľ IČO: 36038351 DIČ: 2020087982 (ďalej len „preberajúci“ a spolu s odovzdávajúcim „účastníci protokolu“) Čl. I Predmet a dôvod odovzdania správy nehnuteľného majetku štátu 1. Odovzdávajúci odovzdáva a preberajúci preberá podľa § 50 zákona č. 326/2005 Z.z. o lesoch v znení neskorších predpisov správu k nehnuteľnému majetku vo vlastníctve Slovenskej republiky: Okres: Po",/Users/kazimir/Desktop/BP/zmluvy_cleaned_checked_strict_valid/11818808.txt
11818816,dodatok,dodatok,True,dodatok k nájomnej zmluve,Dod.č. 9 k NZ ŽPŽT,"Obec Spišský Štiavnik Obecný úrad, Hornádska 241, 059 14 Spišský Štiavnik Dodatok č. 9 k Nájomnej zmluve uzavretý podľa ust, § 663 a nasl. a § 685 a nasl. Občianskeho zákonníka: Zmluvné strany: Prenajímateľ: Obec Spišský Štiavnik Hornádska 241, 059 14 Spišský Štiavnik IČO: 00326569 konajúca prostredníctvom štatutárneho orgánu –Ing. Matúš Korheľ – starosta obce IBAN: SK67 5600 0000 0034 0513 8001 IČO: 00326569 DIČ: 2020674986 a Nájomca: Meno, priezvisko: Peter Žiga Rodné priezvisko: dátum narodenia: bydlisko: Priečna 279/43, 059 14 Spišský Štiavnik Meno, priezvisko: Terézia Žigová Rodné priezvisko: dátum narodenia: bydlisko: Priečna 279/43, 059 14 Spišský Štiavnik (ďalej aj ako “spoloční nájomcovia“) po vyhlásení, že sú spôsobilí na právne úkony uzavreli tento Dodatok č. 9 k Nájomnej zmluve Mení sa článok III. Nájomnej zmluvy III. Doba nájmu 1. Prenajímateľ prenajíma byt nájomcom na dobu určitú od 01.01.2026 do 30.06.2026. 2. Nájomcovia vyhlasujú, že spolu s ním budú prenajatý byt užívať v tomto článku uvedené osoby a to:. Spolu s nájomcami bude byt užívať celkový počet osôb 4, slovom štyri. 3. Byt sa nachádza v nadstavbe bytového do",/Users/kazimir/Desktop/BP/zmluvy_cleaned_checked_strict_valid/11818816.txt
11818818,dodatok,dodatok,True,dodatok k nájomnej zmluve,Dod. č. 7 z k NZ GG,"Obec Spišský Štiavnik Obecný úrad, Hornádska 241, 059 14 Spišský Štiavnik Dodatok č. 7 k Nájomnej zmluve uzavretý podľa ust, § 663 a nasl. a § 685 a nasl. Občianskeho zákonníka: Zmluvné strany: Prenajímateľ: Obec Spišský Štiavnik Hornádska 241, 059 14 Spišský Štiavnik IČO: 00326569 konajúca prostredníctvom štatutárneho orgánu –Ing. Matúš Korheľ – starosta obce IBAN: SK67 5600 0000 0034 0513 8001 IČO: 00326569 DIČ: 2020674986 a Nájomca: Meno, priezvisko: Gizela Gažiová Rodné priezvisko: dátum narodenia: bydlisko: Priečna 283/47, 059 14 Spišský Štiavnik (ďalej aj ako “nájomca“) po vyhlásení, že sú spôsobilá na právne úkony uzavreli tento Dodatok č. 7 k Nájomnej zmluve Mení sa článok III. Nájomnej zmluvy III. Doba nájmu 1. Prenajímateľ prenajíma byt nájomcovi na dobu určitú od 01.01.2026 do 30.06.2026. 2. Nájomca vyhlasuje, že spolu s ním budú prenajatý byt užívať v tomto článku uvedené osoby a to:. Spolu s nájomcom bude byt užívať celkový počet osôb 7, slovom sedem. 3. Byt sa nachádza v bytovom dome súpisné číslo 283, zapísaný na LV č. 1, parc.č. 2090/90, 2090/91, katastrálne územie Spišský Štiavnik. Záverečné ustanovenia 1. Podľa ust",/Users/kazimir/Desktop/BP/zmluvy_cleaned_checked_strict_valid/11818818.txt
11818820,dodatok,dodatok,True,dodatok k nájomnej zmluve,Dod. č. 7 k NZ ŽM,"Obec Spišský Štiavnik Obecný úrad, Hornádska 241, 059 14 Spišský Štiavnik Dodatok č. 7 k Nájomnej zmluve uzavretý podľa ust, § 663 a nasl. a § 685 a nasl. Občianskeho zákonníka: Zmluvné strany: Prenajímateľ: Obec Spišský Štiavnik Hornádska 241, 059 14 Spišský Štiavnik IČO: 00326569 konajúca prostredníctvom štatutárneho orgánu –Ing. Matúš Korheľ – starosta obce IBAN: SK67 5600 0000 0034 0513 8001 IČO: 00326569 DIČ: 2020674986 a Nájomca: Meno, priezvisko: Mária Žigová Rodné priezvisko: dátum narodenia: bydlisko: Priečna 284, 059 14 Spišský Štiavnik (ďalej aj ako “nájomca“) po vyhlásení, že sú spôsobilá na právne úkony uzavreli tento Dodatok č. 7 k Nájomnej zmluve Mení sa článok III. Nájomnej zmluvy III. Doba nájmu 1. Prenajímateľ prenajíma byt nájomcovi na dobu určitú od 01.01.2026 do 30.06.2026. 2. Nájomca vyhlasuje, že spolu s ním budú prenajatý byt užívať v tomto článku uvedené osoby a to:. Spolu s nájomcom bude byt užívať celkový počet osôb 4, slovom štyri. 3. Byt sa nachádza v bytovom dome súpisné číslo 284, zapísaný na LV č. 1, parc.č. 2090/92, 2090/93, katastrálne územie Spišský Štiavnik. Záverečné ustanovenia 1. Podľa ustanove",/Users/kazimir/Desktop/BP/zmluvy_cleaned_checked_strict_valid/11818820.txt
11818822,dodatok,dodatok,True,dodatok k nájomnej zmluve,Dod. č. 7 k NZ ŽG,"Obec Spišský Štiavnik Obecný úrad, Hornádska 241, 059 14 Spišský Štiavnik Dodatok č. 7 k Nájomnej zmluve uzavretý podľa ust, § 663 a nasl. a § 685 a nasl. Občianskeho zákonníka: Zmluvné strany: Prenajímateľ: Obec Spišský Štiavnik Hornádska 241, 059 14 Spišský Štiavnik IČO: 00326569 konajúca prostredníctvom štatutárneho orgánu –Ing. Matúš Korheľ – starosta obce IBAN: SK67 5600 0000 0034 0513 8001 IČO: 00326569 DIČ: 2020674986 a Nájomca: Meno, priezvisko: Gabriela Žigová Rodné priezvisko: dátum narodenia: bydlisko: Priečna 284, 059 14 Spišský Štiavnik (ďalej aj ako “nájomca“) po vyhlásení, že sú spôsobilá na právne úkony uzavreli tento Dodatok č. 7 k Nájomnej zmluve Mení sa článok III. Nájomnej zmluvy III. Doba nájmu 1. Prenajímateľ prenajíma byt nájomcovi na dobu určitú od 01.01.2026 do 30.06.2026. 2. Nájomca vyhlasuje, že spolu s ním budú prenajatý byt užívať v tomto článku uvedené osoby a to:. Spolu s nájomcom bude byt užívať celkový počet osôb 4, slovom štyri. 3. Byt sa nachádza v bytovom dome súpisné číslo 284, zapísaný na LV č. 1, parc.č. 2090/92, 2090/93, katastrálne územie Spišský Štiavnik. Záverečné ustanovenia 1. Podľa ustan",/Users/kazimir/Desktop/BP/zmluvy_cleaned_checked_strict_valid/11818822.txt
11818824,dodatok,dodatok,True,dodatok k nájomnej zmluve,Dod. č. 9 k NZ ČPČJ,"Obec Spišský Štiavnik Obecný úrad, Hornádska 241, 059 14 Spišský Štiavnik Dodatok č. 9 k Nájomnej zmluve uzavretý podľa ust, § 663 a nasl. a § 685 a nasl. Občianskeho zákonníka: Zmluvné strany: Prenajímateľ: Obec Spišský Štiavnik Hornádska 241, 059 14 Spišský Štiavnik IČO: 00326569 konajúca prostredníctvom štatutárneho orgánu –Ing. Matúš Korheľ – starosta obce IBAN: SK67 5600 0000 0034 0513 8001 IČO: 00326569 DIČ: 2020674986 a Nájomca: Meno, priezvisko: Peter Čonka dátum narodenia: bydlisko: Priečna 283/47, 059 14 Spišský Štiavnik Meno, priezvisko: Jaroslava Čonková dátum narodenia: bydlisko: Priečna 283/47, 059 14 Spišský Štiavnik (ďalej aj ako “spoloční nájomcovia“) po vyhlásení, že sú spôsobilí na právne úkony uzavreli tento Dodatok č. 9 k Nájomnej zmluve Mení sa článok III. Nájomnej zmluvy III. Doba nájmu 1. Prenajímateľ prenajíma byt nájomcom na dobu určitú od 01.01.2026 do 30.06.2026. 2. Nájomcovia vyhlasujú, že spolu s ním budú prenajatý byt užívať v tomto článku uvedené osoby a to:. Spolu s nájomcami bude byt užívať celkový počet osôb 7, slovom sedem. 3. Byt sa nachádza v nadstavbe bytového domu súpisné číslo 283, zapísaný na",/Users/kazimir/Desktop/BP/zmluvy_cleaned_checked_strict_valid/11818824.txt
11818826,dodatok,dodatok,True,dodatok k nájomnej zmluve,Dod. č. 9 k NZ ŽR ŽJ,"Obec Spišský Štiavnik Obecný úrad, Hornádska 241, 059 14 Spišský Štiavnik Dodatok č. 9 k Nájomnej zmluve uzavretý podľa ust, § 663 a nasl. a § 685 a nasl. Občianskeho zákonníka: Zmluvné strany: Prenajímateľ: Obec Spišský Štiavnik Hornádska 241, 059 14 Spišský Štiavnik IČO: 00326569 konajúca prostredníctvom štatutárneho orgánu –Ing. Matúš Korheľ – starosta obce IBAN: SK67 5600 0000 0034 0513 8001 IČO: 00326569 DIČ: 2020674986 a Nájomca: Meno, priezvisko: Rozália Žigová Rodné priezvisko: dátum narodenia: bydlisko: Priečna 283/47, 059 14 Spišský Štiavnik Meno, priezvisko: Ján Žiga dátum narodenia: bydlisko: Priečna 283/47, 059 14 Spišský Štiavnik (ďalej aj ako “spoloční nájomcovia“) po vyhlásení, že sú spôsobilí na právne úkony uzavreli tento Dodatok č. 9 k Nájomnej zmluve Mení sa článok III. Nájomnej zmluvy III. Doba nájmu 1. Prenajímateľ prenajíma byt nájomcom na dobu určitú od 01.01.2026 do 30.06.2026. 2. Nájomcovia vyhlasujú, že spolu s ním budú prenajatý byt užívať v tomto článku uvedené osoby a to:. Spolu s nájomcami bude byt užívať celkový počet osôb 8, slovom osem. 3. Byt sa nachádza v nadstavbe bytového domu súpisné číslo 283, za",/Users/kazimir/Desktop/BP/zmluvy_cleaned_checked_strict_valid/11818826.txt
11818828,dodatok,dodatok,True,dodatok k nájomnej zmluve,Dod. č. 9 k NZ MR MI,"Obec Spišský Štiavnik Obecný úrad, Hornádska 241, 059 14 Spišský Štiavnik Dodatok č. 9 k Nájomnej zmluve uzavretý podľa ust, § 663 a nasl. a § 685 a nasl. Občianskeho zákonníka: Zmluvné strany: Prenajímateľ: Obec Spišský Štiavnik Hornádska 241, 059 14 Spišský Štiavnik IČO: 00326569 konajúca prostredníctvom štatutárneho orgánu –Ing. Matúš Korheľ – starosta obce IBAN: SK67 5600 0000 0034 0513 8001 IČO: 00326569 DIČ: 2020674986 a Nájomca: Meno, priezvisko: Rastislav Miko dátum narodenia: bydlisko: Priečna 276/40, 059 14 Spišský Štiavnik Meno, priezvisko: Iveta Miková dátum narodenia: bydlisko: Priečna 276/40, 059 14 Spišský Štiavnik (ďalej aj ako “spoloční nájomcovia“) po vyhlásení, že sú spôsobilí na právne úkony uzavreli tento Dodatok č. 9 k Nájomnej zmluve Mení sa článok III. Nájomnej zmluvy III. Doba nájmu 1. Prenajímateľ prenajíma byt nájomcom na dobu určitú od 01.01.2026 do 30.06.2026. 2. Nájomcovia vyhlasujú, že spolu s ním budú prenajatý byt užívať v tomto článku uvedené osoby a to:. Spolu s nájomcami bude byt užívať celkový počet osôb 4, slovom štyri. 3. Byt sa nachádza v nadstavbe bytového domu súpisné číslo 283, zapísaný na L",/Users/kazimir/Desktop/BP/zmluvy_cleaned_checked_strict_valid/11818828.txt
11818832,other,,True,Zmluva č.1/2025/SoÚ o zriadení Spoločného obecného úradu Budimír,č.1/2025,"ZMLUVA č.1/2025/S0Ú o zriadení Spoločného obecného úradu Budimír uzatvorená podľa $ 20a zákona SNR č. 369/1990 Zb. o obecnom zriadení v znení neskorších predpisov uzatvorená medzi: Učastníci zmluvy: 1. Názov: Obec Budimír Sídlo: Zámocká 22/4, 044 43 Budimír Zastúpená: — Vojtech Staňo, Mgr., starosta obce IČO: 00324001 DIČ: 2021235854 2. Názov: Obec Bačkovík Sídlo: Bačkovík 41, 044 45 Bačkovík Konajúca: — Milan Gábor, starosta obce IČO: 00323934 DIČ: 2021235788 3. Názov: Obec Baška Sídlo: Baška 71, 040 16 Košice 16 Konajúca: Ľubomír Demský, MUDr., starosta obce IČO: 00323942 DIČ: 2021235799 4, Názov: Obec Beniakovce Sídlo: Beniakovce 44, 044 42 Rozhanovce Konajúca: Miroslav Halás, Ing., starosta obce IČO: 00691224 DIČ: 2021261308 5. Názov: Obec Blažice Sídlo: Blažice 53, 044 16 Bohdanovce Konajúca: — Juraj Gmitro, starosta obce IČO: 00690198 DIČ: 2021261176 6. Názov: Obec Bohdanovce Sídlo: Bohdanovce 142, 044 16 Bohdanovce Konajúca: Patrik Beluš, Ing., starosta obce IČO: 00323985 DIČ: 2021235832 7. Názov: Sídlo: Konajúca: IČO: DIČ: 8. Názov: Sídlo: Konajúci: IČO: DIČ: 9. Názov: Sídlo: Konajúca: Ičo: DIČ: 10. Názov: Sídlo: Konajúca: IČO: DIC: 11. Názov: Sídlo: Konajúca: IČO: DIČ: 12",/Users/kazimir/Desktop/BP/zmluvy_cleaned_checked_strict_valid/11818832.txt
11818837,other,,True,Zmluva o zverení nehnuteľného majetku mesta do správy,1/2026,"ZMLUVA O ZVERENÍ NEHNUTEĽNÉHO MAJETKU MESTA DO SPRÁVY Uzatvorená podľa § 8 zákona č. 369/1990 Zb. o obecnom zriadení a podľa § 6, 7 a 9 zákona č. 138/1991 Zb. o majetku obcí v znení neskorších predpisov a príslušných ustanovení Zásad hospodárenia a nakladania s majetkom Mesta Dolný Kubín Vlastník: Mesto Dolný Kubín, Hviezdoslavovo nám. č. 1651/2, 026 01 Dolný Kubín oprávnený konať: Ing. Ján Prílepok – primátor mesta IČO: 00314463 bankové spojenie: VÚB a.s., Dolný Kubín IBAN: SK2002000000000020426332 (ďalej len „Vlastník“) a Správca: Spojená škola Sídlo: Martina Hattalu 2151, 026 01 Dolný Kubín 57273171 IČO: Štatutárny zástupca: Ing. Mária Studeničová, riaditeľ Bankové spojenie: IBAN: (ďalej len „Správca“) Predmetom tejto zmluvy je zverenie nehnuteľného majetku Vlastníka do správy I. Správcovi, ktorý tvoria nehnuteľnosti: Stavby k.ú. Dolný Kubín: a) stavba objekt základnej školy, s.č. 2151, postavená na pozemku CKN parc. č. 856/28, b) stavba Pavilón B, bez s.č., postavená na pozemku CKN parc. č. 856/98, c) stavba telocvičňa ZŠ, s.č. 1968, postavená na pozemku CKN parc. č. 1057/36, d) stavba Prístavba telocvične, bez s.č., postavená na pozemku CKN",/Users/kazimir/Desktop/BP/zmluvy_cleaned_checked_strict_valid/11818837.txt
11818840,other,,True,Zmluva o zverení nehnuteľného majetku mesta do správy,2/2026,"ZMLUVA O ZVERENÍ NEHNUTEĽNÉHO MAJETKU MESTA DO SPRÁVY Uzatvorená podľa § 8 zákona č. 369/1990 Zb. o obecnom zriadení a podľa § 6, 7 a 9 zákona č. 138/1991 Zb. o majetku obcí v znení neskorších predpisov a príslušných ustanovení Zásad hospodárenia a nakladania s majetkom Mesta Dolný Kubín Vlastník: Mesto Dolný Kubín, Hviezdoslavovo nám. č. 1651/2, 026 01 Dolný Kubín oprávnený konať: Ing. Ján Prílepok – primátor mesta IČO: 00314463 bankové spojenie: VÚB a.s., Dolný Kubín IBAN: SK2002000000000020426332 (ďalej len „Vlastník“) a Správca: Spojená škola Sídlo: IČO: Štatutárny zástupca: Mgr. Rastislav Eliáš, riaditeľ Bankové spojenie: IBAN: (ďalej len „Správca“) Kohútov sad 1752/4, 026 01 Dolný Kubín 57273235 Predmetom tejto zmluvy je zverenie nehnuteľného majetku Vlastníka do správy I. Správcovi, ktorý tvoria nehnuteľnosti: Stavby k.ú. Dolný Kubín: a) stavba Základná škola, s.č. 1752, postavená na pozemku CKN parc. č. 43/1 a CKN parc. č. 43/26, b) stavba obytná budova školy, s.č. 1751, postavená na pozemku CKN parc. č. 43/7, c) stavba telocvičňa, s.č. 1748, postavená na pozemku CKN parc. č. 43/2 a CKN parc. č. 43/20, d) stavba školské dielne, s.č",/Users/kazimir/Desktop/BP/zmluvy_cleaned_checked_strict_valid/11818840.txt
11818842,other,,True,ZMLUVA č.1/2025/S0Úo zriadení Spoločného obecného úradu Budimír uzatvorená podľa $ 20a zákona SNR č. 369/1990 Zb. o obecnom zriadení v znení neskorších predpisov,1/2025/SOÚ,"ZMLUVA č.1/2025/S0Ú o zriadení Spoločného obecného úradu Budimír uzatvorená podľa $ 20a zákona SNR č. 369/1990 Zb. o obecnom zriadení v znení neskorších predpisov uzatvorená medzi: Učastníci zmluvy: 1. Názov: Obec Budimír Sídlo: Zámocká 22/4, 044 43 Budimír Zastúpená: — Vojtech Staňo, Mgr., starosta obce IČO: 00324001 DIČ: 2021235854 2. Názov: Obec Bačkovík Sídlo: Bačkovík 41, 044 45 Bačkovík Konajúca: — Milan Gábor, starosta obce IČO: 00323934 DIČ: 2021235788 3. Názov: Obec Baška Sídlo: Baška 71, 040 16 Košice 16 Konajúca: Ľubomír Demský, MUDr., starosta obce IČO: 00323942 DIČ: 2021235799 4, Názov: Obec Beniakovce Sídlo: Beniakovce 44, 044 42 Rozhanovce Konajúca: Miroslav Halás, Ing., starosta obce IČO: 00691224 DIČ: 2021261308 5. Názov: Obec Blažice Sídlo: Blažice 53, 044 16 Bohdanovce Konajúca: — Juraj Gmitro, starosta obce IČO: 00690198 DIČ: 2021261176 6. Názov: Obec Bohdanovce Sídlo: Bohdanovce 142, 044 16 Bohdanovce Konajúca: Patrik Beluš, Ing., starosta obce IČO: 00323985 DIČ: 2021235832 7. Názov: Sídlo: Konajúca: IČO: DIČ: 8. Názov: Sídlo: Konajúci: IČO: DIČ: 9. Názov: Sídlo: Konajúca: Ičo: DIČ: 10. Názov: Sídlo: Konajúca: IČO: DIC: 11. Názov: Sídlo: Konajúca: IČO: DIČ: 12",/Users/kazimir/Desktop/BP/zmluvy_cleaned_checked_strict_valid/11818842.txt
11818844,najom,najom,True,Zmluva o poskytovaní krátkodobého prenájmu Pastierskej koliby,PK17/2025,"Zmluva o poskytovaní krátkodobého prenájmu Pastierskej koliby uzatvorená podľa § 663 a nasl. Občianskeho zákonníka Obec Tekovská Breznica Tekovská Breznica 566, 966 52 00 321 036 Všeobecná úverová banka, a. s. SK46 0200 0000 0000 0302 5422 Vladimír Zaťko, starosta obce Tekovská Breznica 0903 560 011 podatelna@tekovskabreznica.sk Michal Kasák č.268, 966 52 Tekovská Breznica Prenajímateľ: Sídlo: IČO: Peňažný ústav: Číslo účtu IBAN: Zastúpená: Telefonický kontakt: E-mail: (ďalej ako „prenajímateľ“) a Nájomca: Trvalý pobyt: Dátum narodenia: Číslo OP: Telefonický kontakt: E-mail: (ďalej ako „nájomca“) (ďalej ako „zmluvné strany“) sa dohodli na uzatvorení Zmluvy o poskytovaní krátkodobého prenájmu Pastierskej koliby (ďalej ako „Zmluva“). Článok I. Preambula Táto zmluva sa uzatvára za účelom stanovenia jasných vzťahov medzi prenajímateľom a nájomcom tak, aby bolo zabezpečené bezpečné, bezproblémové a ničím nerušené užívanie Pastierskej koliby nájomcom na jednej strane, a zabezpečenie práv prenajímateľa Pastierskej koliby na strane druhej, ako vyžadovanie zodpovedného, bezpečného a starostlivého prístupu nájomcu počas pobytu voči celému objektu a",/Users/kazimir/Desktop/BP/zmluvy_cleaned_checked_strict_valid/11818844.txt
11818847,other,,True,Zmluva o zverení nehnuteľného majetku mesta do správy,3/2026,"ZMLUVA O ZVERENÍ NEHNUTEĽNÉHO MAJETKU MESTA DO SPRÁVY Uzatvorená podľa § 8 zákona č. 369/1990 Zb. o obecnom zriadení a podľa § 6, 7 a 9 zákona č. 138/1991 Zb. o majetku obcí v znení neskorších predpisov a príslušných ustanovení Zásad hospodárenia a nakladania s majetkom Mesta Dolný Kubín Vlastník: Mesto Dolný Kubín, Hviezdoslavovo nám. č. 1651/2, 026 01 Dolný Kubín oprávnený konať: Ing. Ján Prílepok – primátor mesta IČO: 00314463 bankové spojenie: VÚB a.s., Dolný Kubín IBAN: SK2002000000000020426332 (ďalej len „Vlastník“) a Správca: Spojená škola Sídlo: SNP 1199/36, 026 01 Dolný Kubín 57273448 IČO: Štatutárny zástupca: Mgr. Jana Michaligová, riaditeľ Bankové spojenie: IBAN: (ďalej len „Správca“) Predmetom tejto zmluvy je zverenie nehnuteľného majetku Vlastníka do správy I. Správcovi, ktorý tvoria nehnuteľnosti: Stavby k.ú. Veľký Bysterec: a) stavba ZŠ-M.Kukučína, s.č. 1199, postavená na pozemku CKN parc. č. 390/37, b) stavba jedáleň, s.č. 2581, postavená na pozemku CKN parc. č. 390/38, c) stavba dielne, s.č. 2582, postavená na pozemku CKN parc. č. 390/39, d) stavba telocvičňa, s.č. 2583, postavená na pozemku CKN parc. č. 390/40, e) viacúčelové š",/Users/kazimir/Desktop/BP/zmluvy_cleaned_checked_strict_valid/11818847.txt
11818849,najom,najom,True,Zmluva prenájom telocvične,1/2026/1,"ZMLUVA O NÁJME NEBYTOVÉHO PRIESTORU Č. 1/2026/1 uzavretá podľa zákona č. 116/1990 Zb. o nájme a podnájme nebytových priestorov v znení neskorších predpisov Prenajímateľ: zastúpený: sídlo: IČO: DIČ: číslo účtu: bankové spojenie: (ďalej len „prenajímateľ“) Nájomca: bytom: Č.OP: (ďalej len „nájomca“) Zmluvné strany Gymnázium–Gimnázium, PaedDr. Gabriel Dobos, riaditeľ školy Horešská 18, 077 01 Kráľovský Chlmec 00 161012 2020728314 SK43 8180 0000 0070 0018 8316 Štátna pokladnica Róbert Vaszily, Kráľovský Chlmec Čl. I Predmet zmluvy 1. Košický samosprávny kraj je vlastníkom nehnuteľnosti – budovy Gymnázia so súpisným číslom 18/1052, nachádzajúcej sa na ulici Horešskej v Kráľovskom Chlmci, na pozemku registra C KN parc. č. 1883/5, ktorá je evidovaná Okresným úradom v Košiciach, katastrálnym odborom, na liste vlastníctva č.329, kat. územie Kráľovský Chlmec, obec Kráľovský Chlmec, okres Trebišov (ďalej len „nehnuteľnosť“). 2. Podľa zákona č. 446/2001 Z. z. o majetku vyšších územných celkov zveril vlastník nehnuteľnosť do správy správcovi: ( Gymnázium – Gimnázium, Horešská 18, Kráľovský Chlmec), ktorý je oprávnený konať v mene vlastníka pri nakladaní",/Users/kazimir/Desktop/BP/zmluvy_cleaned_checked_strict_valid/11818849.txt
11818850,other,,True,Zmluva o zverení nehnuteľného majetku mesta do správy,4/2026,"ZMLUVA O ZVERENÍ NEHNUTEĽNÉHO MAJETKU MESTA DO SPRÁVY Uzatvorená podľa § 8 zákona č. 369/1990 Zb. o obecnom zriadení a podľa § 6, 7 a 9 zákona č. 138/1991 Zb. o majetku obcí v znení neskorších predpisov a príslušných ustanovení Zásad hospodárenia a nakladania s majetkom Mesta Dolný Kubín Vlastník: Mesto Dolný Kubín, Hviezdoslavovo nám. č. 1651/2, 026 01 Dolný Kubín oprávnený konať: Ing. Ján Prílepok – primátor mesta IČO: 00314463 bankové spojenie: VÚB a.s., Dolný Kubín IBAN: SK2002000000000020426332 (ďalej len „Vlastník“) a Správca: Spojená škola Sídlo: IČO: Štatutárny zástupca: Mgr. Michal Janiga, riaditeľ Bankové spojenie: IBAN: (ďalej len „Správca“) Matúškova 1632/5, 026 01 Dolný Kubín 57280711 Predmetom tejto zmluvy je zverenie nehnuteľného majetku Vlastníka do správy I. Správcovi, ktorý tvoria nehnuteľnosti: Stavby k.ú. Veľký Bysterec: a) stavba Základná umelecká škola Ivana Ballu, s.č. 1575, postavená na pozemku CKN parc. č. 390/144, b) stavba Učebňa č. 2 ZUŠ Ivana Ballu, bez s.č., postavená na pozemku CKN parc. č. 390/143, c) stavba Učebňa č. 1 ZUŠ Ivana Ballu, bez s.č., postavená na pozemku CKN parc. č. 390/142, d) oplotenie ZUŠ",/Users/kazimir/Desktop/BP/zmluvy_cleaned_checked_strict_valid/11818850.txt
11818855,spolupraca,spoluprac,True,ZMLUVA O SPOLUPRÁCI,UPJS - 914/2025,"ZMLUVA O SPOLUPRÁCI uzatvorená podľa § 269 ods. 2 zák. č. 513/1991 Z. z. Obchodný zákonník v znení neskorších predpisov (ďalej len „Obchodný zákonník“) 1. Univerzita Pavla Jozefa Šafárika v Košiciach Článok 1 Zmluvné strany Sídlo: Štatutárny orgán: Zastúpenie: IČO: Kontaktná osoba: Email: (ďalej aj „UPJŠ“) Šrobárova 2, 041 80 Košice prof. MUDr. Daniel Pella, PhD., rektor doc. RNDr. Dušan Šveda, CSc., riaditeľ Centra celoživotného vzdelávania a podpory projektov (CCVaPP) UPJŠ, na základe plnej moci rektora UPJŠ zo dňa 06.11.2023 00 397 768 doc. RNDr. JUDr. Pavol Sokol, PhD. et PhD. 2. Stredná priemyselná škola stavebná, Plzenská 10, Prešov Sídlo: Štatutárny orgán: IČO: Kontaktná osoba E-mail: (ďalej aj „Škola“)............... UPJŠ a Škola označovaní ďalej spoločne aj ako „Zmluvné strany“ alebo samostatne ako „Zmluvná strana“ uzatvárajú túto zmluvu o spolupráci (ďalej len „Zmluva“), za nasledovných podmienok: Článok 2 Predmet a účel Zmluvy 1. Predmetom tejto Zmluvy je realizácia vzájomne výhodnej spolupráce Zmluvných strán v oblastiach ich spoločného záujmu, ktorej cieľom je výmena poznatkov pri vykonávaní aktivít definovaných v ods. 2 toh",/Users/kazimir/Desktop/BP/zmluvy_cleaned_checked_strict_valid/11818855.txt
11818858,sluzby,sluzb|kurz|veterinarn|karanten,True,Zmluva na umiestnenie psov do karanténnej stanice,INE_158/2025,"ZMLUVA NA UMIESTNENIE PSOV DO KARANTÉNNEJ STANICE Uzatvorená podľa § 269 odsek 2 a následne Obchodného zákonníka Poskytovateľ služby: Šťastné labky Farská lúka 1609/66 986 01 Fiľakovo Zastúpený: Beata Jagošová, predseda Bankové spojenie: VÚB Banka, a.s. Číslo účtu IBAN: IBAN: SK4802000000003350001656; BIC: SUBASKBX IČO: 42197759 DIČ: 2023731754 Objednávateľ: Mesto Fiľakovo Radničná 562/25, 986 01 Fiľakovo Bankové spojenie: VÚB, a. s. Číslo účtu IBAN: SK33 0200 0000 0029 1559 6059 IČO: 00316075 Zastúpené: Mgr. Attila Agócs, PhD., primátor mesta Osoby oprávnené na vecné a obchodné rokovania: Mgr. Attila Visnyai, zástupca primátora Tel. kontakt: +421915163310 Mgr. Gabriel Benčik, náčelník MsP Fiľakovo Tel. kontakt: +421905614577ˇ ( ďalej len „objednávateľ“ ) I. PREDMET ZMLUVY Predmetom zmluvy je činnosť poskytovateľa služby podľa zákona NR SR č. 39/2007 Z. z. o veterinárnej starostlivosti v znení neskorších predpisov a spočíva v umiestnení odchytených zabehnutých, opustených a túlavých psov na verejných priestranstvách objednávateľa v katastrálnom území mesta Fiľakovo do karanténnej stanice OZ Šťastné labky - Regionálneho ce",/Users/kazimir/Desktop/BP/zmluvy_cleaned_checked_strict_valid/11818858.txt
11818860,dielo,zmluva o dielo|dielo,True,Zmluva o dielo,DIELO_002/2026,"Zmluva o dielo uzavretá podľa § 536 a nasl. zákona č. 513/1991 Zb. Obchodný zákonník v znení neskorších predpisov Zmluvné strany Objednávateľ: Mesto Fiľakovo Sídlo: IČO: DIČ: Štatutárny orgán: Bankové spojenie: IBAN: Radničná 25, 98601 Fiľakovo 00316075 2021115052 Mgr. Attila Agócs, PhD., primátor mesta VÚB Slovensko a. s. SK33 0200 0000 0029 1559 6059 (ďalej len „objednávateľ“) a Zhotoviteľ: Nográd Média, s.r.o. Sídlo: I. Madácha 1669/5, 986 01 Fiľakovo IČO: 54 017 891 Bankové spojenie: VÚB Banka Slovensko, a. s. IBAN: SK12 0200 0000 0044 9988 7058 v zast: konateľom Emese Agócs Szvorák (ďalej len „zhotoviteľ“) čl. 1 Predmet zmluvy 1. Predmetom tejto zmluvy je poskytovanie príspevkov a reportáží v maďarskom jazyku pre objednávateľa do relácie Látószög - Uhol pohľadu, ktorú v rámci svojej programovej štruktúry odvysiela spoločnosť Tv LocAll, s ktorou má objednávateľ uzatvorenú Zmluvu o poskytovaní služieb súvisiacich s nadobúdaním, produkciou a koprodukciou televíznej spoločnosti. televíznych programov v rámci vysielacieho času čl. 2 Povinnosti objednávateľa 1. Objednávateľ poveruje Bc. Klaudiu Mikuš Kovácsovú zodpove",/Users/kazimir/Desktop/BP/zmluvy_cleaned_checked_strict_valid/11818860.txt
11818866,najom,najom,True,Zmluva prenájom telocvične,1/2026/2,"ZMLUVA O NÁJME NEBYTOVÉHO PRIESTORU Č. 1/2026/2 uzavretá podľa zákona č. 116/1990 Zb. o nájme a podnájme nebytových priestorov v znení neskorších predpisov Prenajímateľ: zastúpený: sídlo: IČO: DIČ: číslo účtu: bankové spojenie: (ďalej len „prenajímateľ“) Nájomca: bytom: Č.OP: (ďalej len „nájomca“) Zmluvné strany Gymnázium–Gimnázium, PaedDr. Gabriel Dobos, riaditeľ školy Horešská 18, 077 01 Kráľovský Chlmec 00 161012 2020728314 SK43 8180 0000 0070 0018 8316 Štátna pokladnica Róbert Vaszily, Kráľovský Chlmec Čl. I Predmet zmluvy 1. Košický samosprávny kraj je vlastníkom nehnuteľnosti – budovy Gymnázia so súpisným číslom 18/1052, nachádzajúcej sa na ulici Horešskej v Kráľovskom Chlmci, na pozemku registra C KN parc. č. 1883/5, ktorá je evidovaná Okresným úradom v Košiciach, katastrálnym odborom, na liste vlastníctva č.329, kat. územie Kráľovský Chlmec, obec Kráľovský Chlmec, okres Trebišov (ďalej len „nehnuteľnosť“). 2. Podľa zákona č. 446/2001 Z. z. o majetku vyšších územných celkov zveril vlastník nehnuteľnosť do správy správcovi: ( Gymnázium – Gimnázium, Horešská 18, Kráľovský Chlmec), ktorý je oprávnený konať v mene vlastníka pri nakladaní",/Users/kazimir/Desktop/BP/zmluvy_cleaned_checked_strict_valid/11818866.txt
11818872,najom,najom,True,Zmluva prenájom auly,1/2026/3,"ZMLUVA O NÁJME NEBYTOVÉHO PRIESTORU Č. 1/2026/3 uzavretá podľa zákona č. 116/1990 Zb. o nájme a podnájme nebytových priestorov v znení neskorších predpisov Prenajímateľ: zastúpený: sídlo: IČO: DIČ: číslo účtu: bankové spojenie: (ďalej len „prenajímateľ“) Zmluvné strany Gymnázium–Gimnázium, PaedDr. Gabriel Dobos, riaditeľ Horešská 18, 077 01 Kráľovský Chlmec 00 161012 2020728314 SK43 8180 0000 0070 0018 8316 Štátna pokladnica Nájomca: bydlisko: Angelika Baloghová – Rodičia ZŠ Kr.Chlmec Kráľovský Chlmec 07701 (ďalej len „nájomca“) Čl. I Predmet zmluvy 1. Košický samosprávny kraj je vlastníkom nehnuteľnosti – budovy Gymnázia so súpisným číslom 18/1052, nachádzajúcej sa na ulici Horešskej v Kráľovskom Chlmci, na pozemku registra C KN parc. č. 1883/5, ktorá je evidovaná Okresným úradom v Košiciach, katastrálnym odborom, na liste vlastníctva č.329, kat. územie Kráľovský Chlmec, obec Kráľovský Chlmec, okres Trebišov (ďalej len „nehnuteľnosť“). 2. Podľa zákona č. 446/2001 Z. z. o majetku vyšších územných celkov zveril vlastník nehnuteľnosť do správy správcovi: ( Gymnázium – Gimnázium, Horešská 18, Kráľovský Chlmec), ktorý je oprávnený konať v mene",/Users/kazimir/Desktop/BP/zmluvy_cleaned_checked_strict_valid/11818872.txt
11818877,sluzby,prikazn,True,Príkazná zmluva,1/2026,"PRÍKAZNÁ ZMLUVA č. 1/ 2026 uzatvorená podľa ustanovení § 724 a nasl. Občianskeho zákonníka. Článok I. ZMLUVNÉ STRANY 1. Príkazca: OBEC Podhoroď Sídlo: Obecný úrad Podhoroď 112, 072 64 Podhoroď Zastúpený: Anton Hricko - starosta obce IČO: 00325635 DIČ: 2020752294 Bankové spojenie: Prima banka Slovensko, a.s. Číslo účtu: SK58 5600 0000 0042 0949 0002 Tel.: 056/6584077 E – mail: podhorod@podhorod.sk (ďalej len ako,,príkazca“) 2. Príkazník: Milan Čačko Bydlisko: Telefón: (ďalej len ako,,príkazník“) Článok II. PREDMET ZMLUVY Príkazník sa touto zmluvou zaväzuje pre príkazcu zabezpečiť práce podľa požiadaviek 2.1 príkazcu, a to odhŕňanie a odpratávanie snehu na území obce Podhoroď - miestne komunikácie. Článok III. TRVANIE A ZÁNIK ZMLUVY 3.1. Zmluva sa uzatvára na dobu určitú, a to na obdobie od 02.01.2026 do 31.03.2026. 3.2. Zmluvu je možné jednostranne vypovedať v lehote jedného kalendárneho mesiaca. Výpovedná lehota začne plynúť prvým dňom mesiaca nasledujúcom po doručení písomnej výpovede druhej zmluvnej strane. 3.3. Tým nie je dotknuté právo účastníkov ukončiť zmluvný vzťah dohodou kedykoľvek z akéhokoľvek dôvodu. Dohoda musí mať písomnú formu.",/Users/kazimir/Desktop/BP/zmluvy_cleaned_checked_strict_valid/11818877.txt
11818883,sluzby,sluzb|superviz,True,Zmluva o výkone supervízie,Zmluva o výkone supervízie zo dňa 19.12.2025,"ZMLUVA O VÝKONE SUPERVÍZIE Článok I. Zmluvné strany Objednávateľ: Názov: Adresa / Sídlo: IČO: Kontakt (e-mail, telefón): Obec Ulič Ulič 89, 067 67 Ulič 00323691 ulic@obeculic.sk, 0577795852 Supervízor: Meno a priezvisko: Adresa: IBAN: Kontakt: doc. PhDr. Maroš Šip, PhD. (ďalej spolu len „zmluvné strany“) Článok II. Predmet zmluvy 1. Predmetom tejto zmluvy je realizácia Individuálnej supervízie – Riadiaca supervízia pre dvoch zamestnancov (OM KC a KP KC) Komunitného centra Kotva Ulič (ďalej len komunitného centra) v časovom rozmedzí 2 hodiny v Komunitnom centre Kotva, Ulič 117 a v zmysle Zákona č. 448/2008 Z.z. o sociálnych službách a o zmene a doplnení zákona č. 455/1991 Zb. o živnostenskom podnikaní (živnostenský zákon) v znení neskorších predpisov (ďalej iba „supervízia“). 2. Supervízia sa vykonáva v súlade s princípmi sociálnej práce, Etickým kódexom sociálneho pracovníka a platnými právnymi predpismi Slovenskej republiky. Článok III. Zmluvné podmienky 1. Zmluva sa uzatvára na vykonanie činnosti, dňa 30.12.2025 so začiatkom o 10.30 hod. 2. Dokladom o vykonaní supervízie je záznam o vykonaní supervízie, ktorého prílohu bude tvoriť",/Users/kazimir/Desktop/BP/zmluvy_cleaned_checked_strict_valid/11818883.txt
11818891,hrobove_miesto,hrobove miesto|hroboveho miesta|hrobov,True,Zmluva o nájme hrobového miesta,8474/2025,"Zmluva o nájme hrobového miesta č.: 8474/2025 variabilný symbol: 1608123128 uzavretá podľa § 21 a nasl. zákona č. 131/2010 Z. z. o pohrebníctve medzi: Prevádzkovateľ pohrebiska: Technické služby mesta Prievidza s.r.o. Mariánska 17, 971 01 Prievidza So sídlom: Zastúpený konateľom spoločnosti:Ing. Marián Bielický IČO: IČ DPH: Bankové spojenie: Číslo účtu: Registrácia: 31 579 183 SK2020467350 VÚB a.s., pobočka Prievidza OR OS Trenčín, Oddiel: Sro, Vložka č.: 2223/R a Nájomcom: Meno a priezvisko: Róbert Lupták Narodený: ___________________________________________ Trvalé bydlisko: _______________________________________ _____________________________________________________________________ Číslo OP: ________________________ Telefón: __________________________ E-mail: ___________________________ I. Úvodné ustanovenie 1.1. Prevádzkovateľ pohrebiska je správcom pohrebísk (cintorínov) na území mesta Prievidza, ktorú činnosť vykonáva na základe Komisionárskej zmluvy uzatvorenej s mestom Prievidza a na základe Úplného znenia zmluvy o nájme hnuteľného a nehnuteľného majetku č. 22/20 uzatvoreného s mestom Prievidza. II. Predmet zmluvy 2.1. Predm",/Users/kazimir/Desktop/BP/zmluvy_cleaned_checked_strict_valid/11818891.txt
11818902,najom,najom,True,Zmluva o nájme nebytových priestorov v KD Zástranie dňa 03.01.2026 od 16:00hod. do 18:00hod. - schôdza,1/2026,"Zmluva o nijme nebytovfch priestorov i.2026001 uzatvoren6 podlia Zikona (. 11611990 Zb. o ndjme a podndjme nebytovych priestorov v meni neskor5ich predpisov I. Zmluvn6 strany I Prenajimatel': Zastfpeny: Mesto Zitina so sidlom: Nrimestie obeti komunizmu 1, 0l I 3l Zilina ZILBYT, osoba opr6vnen6 konat' za spolodnost': Ing. Jozef Polt6k, konatel' so sidlom: Nantersk6 8399/29, 010 08 Zilina ""."".r. Bankove spojenie: ICO: DIi: Obchodnli register: Prima banka SK 37 5600 0000 0003 3035 9l 12 46723994 2023541344 Okresnj std v Ziline, odd. Sro, vl. d. 56867/L t Nijomca: Adresa: Dobrovolhf hasiiskf zbor Zistranie Stari dedina 64115, 010 03 Zilina D6tum narodenia,{CO: 001774742812 tr. Predmet zmlury I ) Prenajimatel' je vjludnjm vlastnikom stavby - kulturny dom, srip. d. 60 na parc. d. KN-C 318/3 - zastavan6 plochy a n6dvoria o vyy'mere 2334 m2, zapisan6 na LV d. 335,kat. tz. Z{stranie. Touto zmluvou prenajimatel' prenech6va do n6jmu n6jomcovi dast' nebytovly'ch priestorov, a to: sdla na prizemi/poschodi v budove Specifikovanej dl. II ods. I zmluvy. 2) Prenajimatel' d6va do uZfvania n6jomcovi predmet n6jmu za fdelom: sch6dza. Itr. Uiel nr{.|mu Niijom sa uzatviira na dob",/Users/kazimir/Desktop/BP/zmluvy_cleaned_checked_strict_valid/11818902.txt
11818906,spolupraca,spoluprac,True,ZMLUVA O SPOLUPRÁCI,UPJS - 915/2025,"ZMLUVA O SPOLUPRÁCI uzatvorená podľa § 269 ods. 2 zák. č. 513/1991 Z. z. Obchodný zákonník v znení neskorších predpisov (ďalej len „Obchodný zákonník“) 1. Univerzita Pavla Jozefa Šafárika v Košiciach Článok 1 Zmluvné strany Sídlo: Štatutárny orgán: Zastúpenie: IČO: Kontaktná osoba: Email: (ďalej aj „UPJŠ“) Šrobárova 2, 041 80 Košice prof. MUDr. Daniel Pella, PhD., rektor doc. RNDr. Dušan Šveda, CSc., riaditeľ Centra celoživotného vzdelávania a podpory projektov (CCVaPP) UPJŠ, na základe plnej moci rektora UPJŠ zo dňa 06.11.2023 00 397 768 doc. RNDr. JUDr. Pavol Sokol, PhD. et PhD. 2. Stredná priemyselná škola strojnícka, Duklianska 1, Prešov Sídlo: Štatutárny orgán: IČO: Kontaktná osoba E-mail: (ďalej aj „Škola“)............... UPJŠ a Škola označovaní ďalej spoločne aj ako „Zmluvné strany“ alebo samostatne ako „Zmluvná strana“ uzatvárajú túto zmluvu o spolupráci (ďalej len „Zmluva“), za nasledovných podmienok: Článok 2 Predmet a účel Zmluvy 1. Predmetom tejto Zmluvy je realizácia vzájomne výhodnej spolupráce Zmluvných strán v oblastiach ich spoločného záujmu, ktorej cieľom je výmena poznatkov pri vykonávaní aktivít definovaných v ods. 2",/Users/kazimir/Desktop/BP/zmluvy_cleaned_checked_strict_valid/11818906.txt
11818907,other,,True,Zmluva o uzavretí budúcej zmluvy o zriadení vecného bremena,022-MA-05-11001-ZBVB/2025,"Zmluva o uzavretí budúcej zmluvy o zriadení vecného bremena č. 022-MA-05-11001-ZBVB/2025 uzatvorená v zmysle §50a, § 151n a nasl. zákona č. 40/1964 Zb. Občiansky zákonník v znení neskorších predpisov (ďalej len „Občiansky zákonník“), (ďalej len „zmluva“) ktorú medzi sebou uzavreli Názov: sídlo: štatutárny orgán: Bankové spojenie: IBAN: SWIFT/BIC: IČO: DIČ: a Obchodné meno: sídlo: štatutárny orgán: osoba oprávnená k podpisu zmluvy: Bankové spojenie: IBAN: SWIFT/BIC: IČO: IČ DPH: Registrácia: Mesto Malacky Bernolákova 5188/1A, Malacky 901 01, SR JUDr. Ing. Juraj Říha, PhD., primátor 00 304 913 2021049393 ďalej ako „budúci povinný z vecného bremena“ Slovenská republika, konajúca prostredníctvom správcu Železnice Slovenskej republiky Klemensova 8, 813 61 Bratislava Ivan Bednárik, MBA, generálny riaditeľ Ing. Štefan Sedláček, riaditeľ odboru investorského 31 364 501 SK 2020480121 Obchodný register Mestského súdu Bratislava III, Oddiel: Po, Vložka č.: 312/B ďalej ako „budúci oprávnený z vecného bremena“ Čl. I. 1.1. Budúci povinný z vecného bremena je výlučným vlastníkom nehnuteľností nachádzajúcich sa v katastrálnom území Malacky,",/Users/kazimir/Desktop/BP/zmluvy_cleaned_checked_strict_valid/11818907.txt
11818908,hrobove_miesto,hrobove miesto|hroboveho miesta|hrobov,True,Zmluva o nájme hrobového miesta,8475/2025,"Zmluva o nájme hrobového miesta č.: 8475/2025 variabilný symbol: 1608058107 uzavretá podľa § 21 a nasl. zákona č. 131/2010 Z. z. o pohrebníctve medzi: Prevádzkovateľ pohrebiska: Technické služby mesta Prievidza s.r.o. Mariánska 17, 971 01 Prievidza So sídlom: Zastúpený konateľom spoločnosti:Ing. Marián Bielický IČO: IČ DPH: Bankové spojenie: Číslo účtu: Registrácia: 31 579 183 SK2020467350 VÚB a.s., pobočka Prievidza OR OS Trenčín, Oddiel: Sro, Vložka č.: 2223/R a Nájomcom: Meno a priezvisko: RNDr. Jaroslav Mikuláš Narodený: ___________________________________________ Trvalé bydlisko: _______________________________________ _____________________________________________________________________ Číslo OP: ________________________ Telefón: __________________________ E-mail: ___________________________ I. Úvodné ustanovenie 1.1. Prevádzkovateľ pohrebiska je správcom pohrebísk (cintorínov) na území mesta Prievidza, ktorú činnosť vykonáva na základe Komisionárskej zmluvy uzatvorenej s mestom Prievidza a na základe Úplného znenia zmluvy o nájme hnuteľného a nehnuteľného majetku č. 22/20 uzatvoreného s mestom Prievidza. II. Predmet zmluvy 2",/Users/kazimir/Desktop/BP/zmluvy_cleaned_checked_strict_valid/11818908.txt
11818925,other,,True,Delimitačný protokol CRZ č. 04251/2025-OS-0140151/25.00 o odovzdaní a prevzatí správy nehnuteľností vo vlastníctve štátu,CRZč.6026/2025/LSR,"Delimitačný protokol CRZ č. 04251/2025-OS-0140151/25.00 o odovzdaní a prevzatí správy nehnuteľností vo vlastníctve štátu podľa zákona č. 326/2005 Z.z. o lesoch v znení neskorších predpisov (ďalej len „Protokol“) Odovzdávajúci: Slovenský pozemkový fond Sídlo: Búdková 36, 817 15 Bratislava Štatutárny orgán: generálny riaditeľ a námestník generálneho riaditeľa podľa výpisu z obchodného registra IČO: 17 335 345 DIČ: 2021007021 Bankové spojenie: Štátna pokladnica Číslo účtu IBAN: SK35 8180 0000007000001638 zapísaný v Obchodnom registri Mestského súdu Bratislava III, oddiel: PO, vložka 35/B (ďalej len „odovzdávajúci“) a Preberajúci: Slovenská republika - LESY Slovenskej republiky, štátny podnik so sídlom: Námestie SNP 8, 97566, Banská Bystrica štatutárny orgán: Ing. Juraj Marko - riaditeľ IČO: 36038351 DIČ: 2020087982 (ďalej len „preberajúci“ a spolu s odovzdávajúcim „účastníci protokolu“) Čl. I Predmet a dôvod odovzdania správy nehnuteľného majetku štátu 1. Odovzdávajúci odovzdáva a preberajúci preberá podľa § 50 zákona č. 326/2005 Z.z. o lesoch v znení neskorších predpisov správu k nehnuteľnému majetku vo vlastníctve Slovenskej republiky: Okres: Žarnovica Obec: Nová Baň",/Users/kazimir/Desktop/BP/zmluvy_cleaned_checked_strict_valid/11818925.txt
11818932,spolupraca,spoluprac,True,ZMLUVA O SPOLUPRÁCI,UPJS - 916/2025,"ZMLUVA O SPOLUPRÁCI uzatvorená podľa § 269 ods. 2 zák. č. 513/1991 Z. z. Obchodný zákonník v znení neskorších predpisov (ďalej len „Obchodný zákonník“) 1. Univerzita Pavla Jozefa Šafárika v Košiciach Článok 1 Zmluvné strany Sídlo: Štatutárny orgán: Zastúpenie: IČO: Kontaktná osoba: Email: (ďalej aj „UPJŠ“) Šrobárova 2, 041 80 Košice prof. MUDr. Daniel Pella, PhD., rektor doc. RNDr. Dušan Šveda, CSc., riaditeľ Centra celoživotného vzdelávania a podpory projektov (CCVaPP) UPJŠ, na základe plnej moci rektora UPJŠ zo dňa 06.11.2023 00 397 768 doc. RNDr. JUDr. Pavol Sokol, PhD. et PhD. 2. Škola umeleckého priemyslu, Vodárenská 3, Prešov............... Sídlo: Štatutárny orgán: IČO: Kontaktná osoba E-mail: (ďalej aj „Škola“) UPJŠ a Škola označovaní ďalej spoločne aj ako „Zmluvné strany“ alebo samostatne ako „Zmluvná strana“ uzatvárajú túto zmluvu o spolupráci (ďalej len „Zmluva“), za nasledovných podmienok: Článok 2 Predmet a účel Zmluvy 1. Predmetom tejto Zmluvy je realizácia vzájomne výhodnej spolupráce Zmluvných strán v oblastiach ich spoločného záujmu, ktorej cieľom je výmena poznatkov pri vykonávaní aktivít definovaných v ods. 2 tohto člán",/Users/kazimir/Desktop/BP/zmluvy_cleaned_checked_strict_valid/11818932.txt
11818933,other,,True,Delimitačný protokol CRZ č. 04277/2025-OS-0140152/25.00 o odovzdaní a prevzatí správy nehnuteľností vo vlastníctve štátu,CRZč.6253/2025/LSR,"Delimitačný protokol CRZ č. 04277/2025-OS-0140152/25.00 o odovzdaní a prevzatí správy nehnuteľností vo vlastníctve štátu podľa zákona č. 326/2005 Z.z. o lesoch v znení neskorších predpisov (ďalej len „Protokol“) Odovzdávajúci: Slovenská republika – Slovenský pozemkový fond Sídlo: Búdková 36, 817 15 Bratislava Štatutárny orgán: generálny riaditeľ a námestník generálneho riaditeľa podľa výpisu z obchodného registra IČO: 17 335 345 DIČ: 2021007021 Bankové spojenie: Štátna pokladnica Číslo účtu IBAN: SK35 8180 0000007000001638 zapísaný v Obchodnom registri Mestského súdu Bratislava III, oddiel: PO, vložka 35/B (ďalej len „odovzdávajúci“) a Preberajúci: Slovenská republika - LESY Slovenskej republiky, štátny podnik so sídlom: Námestie SNP 8, 97566, Banská Bystrica štatutárny orgán: Ing. Juraj Marko – riaditeľ IČO: 36038351 DIČ: 2020087982 (ďalej len „preberajúci“ a spolu s odovzdávajúcim „účastníci protokolu“) Čl. I Predmet a dôvod odovzdania správy nehnuteľného majetku štátu 1. Odovzdávajúci odovzdáva a preberajúci preberá podľa § 50 zákona č. 326/2005 Z.z. o lesoch v znení neskorších predpisov správu k nehnuteľnému majetku vo vlastníctve Slovenskej republiky: Okres: Bá",/Users/kazimir/Desktop/BP/zmluvy_cleaned_checked_strict_valid/11818933.txt
11818940,other,,True,Delimitačný protokol CRZ č. 04345/2025-OS-0140155/25.00 o odovzdaní a prevzatí správy nehnuteľností vo vlastníctve štátu,CRZč.5990/2025/LSR,"Delimitačný protokol CRZ č. 04345/2025-OS-0140155/25.00 o odovzdaní a prevzatí správy nehnuteľností vo vlastníctve štátu podľa zákona č. 326/2005 Z.z. o lesoch v znení neskorších predpisov (ďalej len „Protokol“) Odovzdávajúci: Slovenská republika – Slovenský pozemkový fond Sídlo: Búdková 36, 817 15 Bratislava Štatutárny orgán: generálny riaditeľ a námestník generálneho riaditeľa podľa výpisu z obchodného registra IČO: 17 335 345 DIČ: 2021007021 Bankové spojenie: Štátna pokladnica Číslo účtu IBAN: SK35 8180 0000007000001638 zapísaný v Obchodnom registri Mestského súdu Bratislava III, oddiel: PO, vložka 35/B (ďalej len „odovzdávajúci“) a Preberajúci: Slovenská republika - LESY Slovenskej republiky, štátny podnik so sídlom: Námestie SNP 8, 97566, Banská Bystrica štatutárny orgán: Ing. Juraj Marko – riaditeľ IČO: 36038351 DIČ: 2020087982 (ďalej len „preberajúci“ a spolu s odovzdávajúcim „účastníci protokolu“) Čl. I Predmet a dôvod odovzdania správy nehnuteľného majetku štátu 1. Odovzdávajúci odovzdáva a preberajúci preberá podľa § 50 zákona č. 326/2005 Z.z. o lesoch v znení neskorších predpisov správu k nehnuteľnému majetku vo vlastníctve Slovenskej republiky: Okres: By",/Users/kazimir/Desktop/BP/zmluvy_cleaned_checked_strict_valid/11818940.txt
11818941,dielo,zmluva o dielo|dielo,True,Zmluva o dielo - na výrobu a dodávku terestriálneho televízneho vysielania v Spišskej Novej Vsi,1/2026,"Zmluva o dielo č.... na výrobu a dodávku terestriálneho televízneho vysielania v Spišskej Novej Vsi uzavretá v zmysle § 536 a nasl. zák č. 513/1991 Zb. Obchodného zákonníka v znení neskorších predpisov s poukazom na § 1 ods. 2 písm. j) zákona č. 343/2015 Z. z. o verejnom obstarávaní a o zmene a doplnení niektorých zákonov v znení neskorších predpisov Zhotoviteľ: Objednávateľ: Čl. I Zmluvné strany BIC Spišská Nová Ves, s. r. o. Štefánikovo námestie 1, 052 01 Spišská Nová Ves zastúpená konateľom spoločnosti Marcelom Blahutom IČO: 31 659 969 IČ DPH: SK 2020503012 Bankové spojenie: Prima banka Slovensko, a. s., pobočka Sp. Nová Ves IBAN: SK80 5600 0000 0075 2184 9001 (ďalej iba „zhotoviteľ“) Mesto Spišská Nová Ves Radničné námestie 7, 052 01 Spišská Nová Ves zastúpené primátorom mesta Ing. Pavlom Bečarikom IČO: 00 329 614 DIČ: 2020717875 Bankové spojenie: Prima banka Slovensko, a. s., pobočka Sp. Nová Ves IBAN: SK16 5600 0000 0034 0042 2003 (ďalej iba „objednávateľ“) Čl. II Predmet zmluvy Predmetom tejto zmluvy je výroba a dodávka kompletného televízneho videoprogramu pre terestriálne vysielanie a vysielanie prostredníctvom káblovej siete UPC Broad",/Users/kazimir/Desktop/BP/zmluvy_cleaned_checked_strict_valid/11818941.txt
11818943,hrobove_miesto,hrobove miesto|hroboveho miesta|hrobov,True,Zmluva o nájme hrobového miesta,8476/2025,"Zmluva o nájme hrobového miesta č.: 8476/2025 variabilný symbol: 1508056111 uzavretá podľa § 21 a nasl. zákona č. 131/2010 Z. z. o pohrebníctve medzi: Prevádzkovateľ pohrebiska: Technické služby mesta Prievidza s.r.o. Mariánska 17, 971 01 Prievidza So sídlom: Zastúpený konateľom spoločnosti:Ing. Marián Bielický IČO: IČ DPH: Bankové spojenie: Číslo účtu: Registrácia: 31 579 183 SK2020467350 VÚB a.s., pobočka Prievidza OR OS Trenčín, Oddiel: Sro, Vložka č.: 2223/R a Nájomcom: Meno a priezvisko: Milan Nedeljak Narodený: ___________________________________________ Trvalé bydlisko: _______________________________________ _____________________________________________________________________ Číslo OP: ________________________ Telefón: __________________________ E-mail: ___________________________ I. Úvodné ustanovenie 1.1. Prevádzkovateľ pohrebiska je správcom pohrebísk (cintorínov) na území mesta Prievidza, ktorú činnosť vykonáva na základe Komisionárskej zmluvy uzatvorenej s mestom Prievidza a na základe Úplného znenia zmluvy o nájme hnuteľného a nehnuteľného majetku č. 22/20 uzatvoreného s mestom Prievidza. II. Predmet zmluvy 2.1. Pred",/Users/kazimir/Desktop/BP/zmluvy_cleaned_checked_strict_valid/11818943.txt
11818946,other,,True,Delimitačný protokol CRZ č. 04405/2025-OS-0140156/25.00 o odovzdaní a prevzatí správy nehnuteľností vo vlastníctve štátu,CRZč.6027/2025/LSR,"Delimitačný protokol CRZ č. 04405/2025-OS-0140156/25.00 o odovzdaní a prevzatí správy nehnuteľností vo vlastníctve štátu podľa zákona č. 326/2005 Z.z. o lesoch v znení neskorších predpisov (ďalej len „Protokol“) Odovzdávajúci: Slovenská republika – Slovenský pozemkový fond Sídlo: Búdková 36, 817 15 Bratislava Štatutárny orgán: generálny riaditeľ a námestník generálneho riaditeľa podľa výpisu z obchodného registra IČO: 17 335 345 DIČ: 2021007021 Bankové spojenie: Štátna pokladnica Číslo účtu IBAN: SK35 8180 0000007000001638 zapísaný v Obchodnom registri Mestského súdu Bratislava III, oddiel: PO, vložka 35/B (ďalej len „odovzdávajúci“) a Preberajúci: Slovenská republika - LESY Slovenskej republiky, štátny podnik so sídlom: Námestie SNP 8, 97566, Banská Bystrica štatutárny orgán: Ing. Juraj Marko – riaditeľ IČO: 36038351 DIČ: 2020087982 (ďalej len „preberajúci“ a spolu s odovzdávajúcim „účastníci protokolu“) Čl. I Predmet a dôvod odovzdania správy nehnuteľného majetku štátu 1. Odovzdávajúci odovzdáva a preberajúci preberá podľa § 50 zákona č. 326/2005 Z.z. o lesoch v znení neskorších predpisov správu k nehnuteľnému majetku vo vlastníctve Slovenskej republiky: Okres: Ni",/Users/kazimir/Desktop/BP/zmluvy_cleaned_checked_strict_valid/11818946.txt
11818949,hrobove_miesto,hrobove miesto|hroboveho miesta|hrobov,True,Zmluva o nájme hrobového miesta,8477/2025,"Zmluva o nájme hrobového miesta č.: 8477/2025 variabilný symbol: 1608001103 uzavretá podľa § 21 a nasl. zákona č. 131/2010 Z. z. o pohrebníctve medzi: Prevádzkovateľ pohrebiska: Technické služby mesta Prievidza s.r.o. Mariánska 17, 971 01 Prievidza So sídlom: Zastúpený konateľom spoločnosti:Ing. Marián Bielický IČO: IČ DPH: Bankové spojenie: Číslo účtu: Registrácia: 31 579 183 SK2020467350 VÚB a.s., pobočka Prievidza OR OS Trenčín, Oddiel: Sro, Vložka č.: 2223/R a Nájomcom: Meno a priezvisko: Vladimír Sloboda Narodený: ___________________________________________ Trvalé bydlisko: _______________________________________ _____________________________________________________________________ Číslo OP: ________________________ Telefón: __________________________ E-mail: ___________________________ I. Úvodné ustanovenie 1.1. Prevádzkovateľ pohrebiska je správcom pohrebísk (cintorínov) na území mesta Prievidza, ktorú činnosť vykonáva na základe Komisionárskej zmluvy uzatvorenej s mestom Prievidza a na základe Úplného znenia zmluvy o nájme hnuteľného a nehnuteľného majetku č. 22/20 uzatvoreného s mestom Prievidza. II. Predmet zmluvy 2.1. Pr",/Users/kazimir/Desktop/BP/zmluvy_cleaned_checked_strict_valid/11818949.txt
11818951,sluzby,sluzb|sluzieb|servis|strav|pomocnych prac,True,ZMLUVA O VYKONANÍ POMOCNÝCH PRÁC č. UVVaUVTOS-04178/34-PO-2025 uzavretá podľa § 269 ods. 2 zákona č. 513/1991 Zb. Obchodný zákonník v znení neskorších predpisov (ďalej len „Obchodný zákonník“),UVVaUVTOS-04178/34-PO-2025,"ZMLUVA O VYKONANÍ POMOCNÝCH PRÁC č. UVVaUVTOS-04178/34-PO-2025 uzavretá podľa § 269 ods. 2 zákona č. 513/1991 Zb. Obchodný zákonník v znení neskorších predpisov (ďalej len „Obchodný zákonník“) Poskytovateľom: medzi Názov organizácie: Ústav na výkon väzby a Ústav na výkon trestu odňatia slobody Kpt. Nálepku 1, 081 13 Prešov Sídlo: Korešpondenčná adresa: Kpt. Nálepku 1, priečinok 113, 081 13 Prešov Právna forma: rozpočtová organizácia zriadená na základe zriaďovacej listiny Ministerstva spravodlivosti Slovenskej republiky č. GR ZVJS-8-1/16-2011 zo dňa 13. decembra 2011 00738409 IČO: DIČ: Zastúpený: plk. Mgr. Norbert Kundrák, riaditeľ Ústavu na výkon väzby a Ústavu na výkon trestu odňatia slobody Prešov (ďalej len „riaditeľ“) Osoba oprávnená rokovať vo veciach organizačných: Bankové spojenie: IBAN: (ďalej len „poskytovateľ“) Objednávateľom: a Názov organizácie: NIDUM Services, s.r.o. Sídlo: Korešpondenčná adresa: Slovenská 16, 080 01 Prešov Právna forma: Slovenská 16, 080 01 Prešov Spoločnosť s ručením obmedzeným zapísaná v obchodnom registri Okresného súdu Prešov, oddiel Sro, vložka č. 40609/P Štatutárny orgán/zastúpený: Ing. Anton Šar",/Users/kazimir/Desktop/BP/zmluvy_cleaned_checked_strict_valid/11818951.txt
11818959,other,,True,Delimitačný protokol CRZ č. 04747/2025-OS-0140167/25.00 o odovzdaní a prevzatí správy nehnuteľností vo vlastníctve štátu,CRZč.6441/2025/LSR,"Delimitačný protokol CRZ č. 04747/2025-OS-0140167/25.00 o odovzdaní a prevzatí správy nehnuteľností vo vlastníctve štátu podľa zákona č. 326/2005 Z.z. o lesoch v znení neskorších predpisov (ďalej len „Protokol“) Odovzdávajúci: Slovenský pozemkový fond Sídlo: Búdková 36, 817 15 Bratislava Štatutárny orgán: generálny riaditeľ a námestník generálneho riaditeľa podľa výpisu z obchodného registra IČO: 17 335 345 DIČ: 2021007021 Bankové spojenie: Štátna pokladnica Číslo účtu IBAN: SK35 8180 0000007000001638 zapísaný v Obchodnom registri Mestského súdu Bratislava III, oddiel: PO, vložka 35/B (ďalej len „odovzdávajúci“) a Preberajúci: Slovenská republika - LESY Slovenskej republiky, štátny podnik so sídlom: Námestie SNP 8, 97566, Banská Bystrica štatutárny orgán: Ing. Juraj Marko - riaditeľ IČO: 36038351 DIČ: 2020087982 (ďalej len „preberajúci“ a spolu s odovzdávajúcim „účastníci protokolu“) Čl. I Predmet a dôvod odovzdania správy nehnuteľného majetku štátu 1. Odovzdávajúci odovzdáva a preberajúci preberá podľa § 50 zákona č. 326/2005 Z.z. o lesoch v znení neskorších predpisov správu k nehnuteľnému majetku vo vlastníctve Slovenskej republiky: Okres: Košice - okolie Obec: Sl",/Users/kazimir/Desktop/BP/zmluvy_cleaned_checked_strict_valid/11818959.txt
11818964,other,,True,Delimitačný protokol CRZ č. 04745/2025-OS-0140166/25.00 o odovzdaní a prevzatí správy nehnuteľností vo vlastníctve štátu,CRZč.6776/2025/LSR,"Delimitačný protokol CRZ č. 04745/2025-OS-0140166/25.00 o odovzdaní a prevzatí správy nehnuteľností vo vlastníctve štátu podľa zákona č. 326/2005 Z.z. o lesoch v znení neskorších predpisov (ďalej len „Protokol“) Odovzdávajúci: Slovenská republika – Slovenský pozemkový fond Sídlo: Búdková 36, 817 15 Bratislava Štatutárny orgán: generálny riaditeľ a námestník generálneho riaditeľa podľa výpisu z obchodného registra IČO: 17 335 345 DIČ: 2021007021 Bankové spojenie: Štátna pokladnica Číslo účtu IBAN: SK35 8180 0000007000001638 zapísaný v Obchodnom registri Mestského súdu Bratislava III, oddiel: PO, vložka 35/B (ďalej len „odovzdávajúci“) a Preberajúci: Slovenská republika - LESY Slovenskej republiky, štátny podnik so sídlom: Námestie SNP 8, 97566, Banská Bystrica štatutárny orgán: Ing. Juraj Marko – riaditeľ IČO: 36038351 DIČ: 2020087982 (ďalej len „preberajúci“ a spolu s odovzdávajúcim „účastníci protokolu“) Čl. I Predmet a dôvod odovzdania správy nehnuteľného majetku štátu 1. Odovzdávajúci odovzdáva a preberajúci preberá podľa § 50 zákona č. 326/2005 Z.z. o lesoch v znení neskorších predpisov správu k nehnuteľnému majetku vo vlastníctve Slovenskej republiky: Okres: Gel",/Users/kazimir/Desktop/BP/zmluvy_cleaned_checked_strict_valid/11818964.txt
11818966,ukoncenie,ukoncen,True,Dohoda o ukončení Zmluvy o zriadení spoločného obecného úradu zo dňa 15.12.2020,10/2025,"Dohoda o ukončení Zmluvy o zriadení spoločného obecného úradu zo dňa 15.12.2020 uzatvorená podľa § 20a zákona č. 369/1990 Zb. Zákona Slovenskej národnej rady o obecnom zriadení uzatvorená medzi: Zmluvné strany: 1. Obec Badín So sídlom: Sládkovičova č. 4, 976 32 Badín IČO: 00313262 Zastúpená: Mgr. Pavlom Hricom, starostom obce 2. Obec Harmanec So sídlom: Harmanec 6, 976 03 Harmanec IČO: 00 313 416 Zastúpená: Henrietou Ivanovou, starostkou obce 3. Obec Kordíky So sídlom: Kordíky 59, 976 34 Kordíky IČO: 00 313 530 Zastúpená: Dušanom Tučekom, starostom obce 4. Obec Kynceľová So sídlom: Kynceľová 39, 974 01 Kynceľová IČO: 00 647 659 Zastúpená: Ing. Martinou Kubišovou, PhD., starostkou obce 5. Obec Malachov So sídlom: Ortútska 145, 974 05 Malachov IČO: 00 620 891 Zastúpená: Ing. Martinom Pálom, starostom obce 6. Obec Môlča So sídlom: Prostredná Môlča 61, 974 01 Môlča IČO: 00 313 611 Zastúpená: Mgr. Marianou Luptákovou, starostkou obce 7. Obec Tajov So sídlom: Tajov 79, 976 34 Tajov IČO: 00 313 882 Zastúpená: Mgr. Janette Cimermanovou, starostkou obce 8. Obec Poniky So sídlom: Malá Stráňa 32, 976 33 Poniky IČO: 00 313 734 Zastúpená: In",/Users/kazimir/Desktop/BP/zmluvy_cleaned_checked_strict_valid/11818966.txt
11818968,other,,True,Zmluva o zriadení spoločného obecného úradu,11/2025,"Zmluva o zriadení spoločného obecného úradu uzatvorená podľa § 20a zákona č. 369/1990 Zb. Zákona Slovenskej národnej rady o obecnom zriadení Zmluvné strany: 1. Obec Badín uzatvorená medzi: So sídlom: Sládkovičova č. 4, 976 32 Badín IČO: 00313262 Zastúpená: Mgr. Pavlom Hricom, starostom obce Bankové spojenie: Prima banka Slovensko, a.s., IBAN: SK85 5600 0000 0012 0055 0001 2. Obec Harmanec So sídlom: Harmanec 6, 976 03 Harmanec IČO: 00 313 416 Zastúpená: Henrietou Ivanovou, starostkou obce Bankové spojenie: Prima banka Slovensko, a.s., IBAN: SK 96 5600 0000 0012 1715 3002 3. Obec Kordíky So sídlom: Kordíky 59, 976 34 Kordíky IČO: 00 313 530 Zastúpená: Dušanom Tučekom, starostom obce Bankové spojenie: Prima banka Slovensko, a.s., IBAN: SK 10 5600 0000 0012 2358 4001 4. Obec Kynceľová So sídlom: Kynceľová 39, 974 01 Kynceľová IČO: 00 647 659 Zastúpená: Ing. Martinou Kubišovou, PhD., starostkou obce Bankové spojenie: VÚB Banka, a.s., IBAN: SK 64 0200 0000 0031 5905 4055 5. Obec Malachov So sídlom: Ortútska 145, 974 05 Malachov IČO: 00 620 891 Zastúpená: Ing. Martinom Pálom, starostom obce Bankové spojenie: Prima banka Slovensko, a.s., IBAN: SK 1",/Users/kazimir/Desktop/BP/zmluvy_cleaned_checked_strict_valid/11818968.txt
11818970,najom,najom,True,Nájomná zmluva,NZ-1-2026,".-.- ZMLUVA o n5.jme Skolske j telocvidne na ZS Slovansk5. L4L5 /7 v Povaiskej Bystrici. dlAnok 1 Z MLUVNE STRANY Prenaj lmateI: ZAkladnS 5kola, Slovanska l-4I5 /1, Pov. Bystrica zastupen6 riaditelom Mgr. Vladimlrom Sebeiom Bankove spojenie: Prima banka Slovensko a.s. Pov. Bystrica 6.u.: 2820786001 /5600 rCo: 35995955 DIa: 2020910451 NAjomca: Telovychovn6 jednota Slovan, PovaZsk6, Bystrica zastupen5 Ing. Pavlom Jurdl kom, PhD. Bankove spoj enie: SLSP a. s. Pov. Bystrica d.u.: 0063612738/ 0900 rCO: L4224297 uzaLvS,ral ri zmLuvu v zmysle zAkona d. 116 / L990 Zb. o n6 jme v zneni neskor5lch zmien a podn6lme nebytovych priestorov a doplnkov dt6nok 2 PREDMET Z MLUVY I. Predmetom zmLuvy o prenSjme srj Skol-sk6 telocvidia, n5rad'ovia a Satia Zekladne j 5ko1y Slovanska 74I5 /1 Pova 2sk6, Bystrica. 2. Telocvidila bude vyu 2ivan6, na a zapasy muZov v stolnom tenise, 5atf,a na pre zLlekanie muZov, nArad'ovf,a ako sklad stolnotenisovych stolov a n5radia. treningy tieto priestory len na ridely 3. NA j omca j e povinny vyu Zivat doj ednan6 v te; to zmluve. dt6nok 3 DCBA NA JMU 1. N5 j omnA zmluva sa uzatv6Lra na dobu urditf I a to od 01. j anu5ra 2026 do 3 0. I",/Users/kazimir/Desktop/BP/zmluvy_cleaned_checked_strict_valid/11818970.txt
11818972,spolupraca,spoluprac,True,ZMLUVA O SPOLUPRÁCI,UPJS - 917/2025,"ZMLUVA O SPOLUPRÁCI uzatvorená podľa § 269 ods. 2 zák. č. 513/1991 Z. z. Obchodný zákonník v znení neskorších predpisov (ďalej len „Obchodný zákonník“) 1. Univerzita Pavla Jozefa Šafárika v Košiciach Článok 1 Zmluvné strany Sídlo: Štatutárny orgán: Zastúpenie: IČO: Kontaktná osoba: Email: (ďalej aj „UPJŠ“) Šrobárova 2, 041 80 Košice prof. MUDr. Daniel Pella, PhD., rektor doc. RNDr. Dušan Šveda, CSc., riaditeľ Centra celoživotného vzdelávania a podpory projektov (CCVaPP) UPJŠ, na základe plnej moci rektora UPJŠ zo dňa 06.11.2023 00 397 768 doc. RNDr. JUDr. Pavol Sokol, PhD. et PhD. 2. Stredná zdravotnícka škola, Sládkovičova 36, Prešov............... Sídlo: Štatutárny orgán: IČO: Kontaktná osoba E-mail: (ďalej aj „Škola“) UPJŠ a Škola označovaní ďalej spoločne aj ako „Zmluvné strany“ alebo samostatne ako „Zmluvná strana“ uzatvárajú túto zmluvu o spolupráci (ďalej len „Zmluva“), za nasledovných podmienok: Článok 2 Predmet a účel Zmluvy 1. Predmetom tejto Zmluvy je realizácia vzájomne výhodnej spolupráce Zmluvných strán v oblastiach ich spoločného záujmu, ktorej cieľom je výmena poznatkov pri vykonávaní aktivít definovaných v ods. 2 tohto č",/Users/kazimir/Desktop/BP/zmluvy_cleaned_checked_strict_valid/11818972.txt
11818973,other,,True,Delimitačný protokol CRZ č. 04851/2025-OS-0140171/25.00 o odovzdaní a prevzatí správy nehnuteľností vo vlastníctve štátu,CRZč.6445/2025/LSR,"Delimitačný protokol CRZ č. 04851/2025-OS-0140171/25.00 o odovzdaní a prevzatí správy nehnuteľností vo vlastníctve štátu podľa zákona č. 326/2005 Z.z. o lesoch v znení neskorších predpisov (ďalej len „Protokol“) Odovzdávajúci: Slovenská republika – Slovenský pozemkový fond Sídlo: Búdková 36, 817 15 Bratislava Štatutárny orgán: generálny riaditeľ a námestník generálneho riaditeľa podľa výpisu z obchodného registra IČO: 17 335 345 DIČ: 2021007021 Bankové spojenie: Štátna pokladnica Číslo účtu IBAN: SK35 8180 0000007000001638 zapísaný v Obchodnom registri Mestského súdu Bratislava III, oddiel: PO, vložka 35/B (ďalej len „odovzdávajúci“) a Preberajúci: Slovenská republika - LESY Slovenskej republiky, štátny podnik so sídlom: Námestie SNP 8, 97566, Banská Bystrica štatutárny orgán: Ing. Juraj Marko – riaditeľ IČO: 36038351 DIČ: 2020087982 (ďalej len „preberajúci“ a spolu s odovzdávajúcim „účastníci protokolu“) Čl. I Predmet a dôvod odovzdania správy nehnuteľného majetku štátu 1. Odovzdávajúci odovzdáva a preberajúci preberá podľa § 50 zákona č. 326/2005 Z.z. o lesoch v znení neskorších predpisov správu k nehnuteľnému majetku vo vlastníctve Slovenskej republiky: Okres: L",/Users/kazimir/Desktop/BP/zmluvy_cleaned_checked_strict_valid/11818973.txt
11818977,hrobove_miesto,hrobove miesto|hroboveho miesta|hrobov,True,Zmluva o nájme hrobového miesta,1269/2016,"Zmluva o nájme hrobového miesta č.: 1269/2016 variabilný symbol: 1601005128 uzavretá podľa § 21 a nasl. zákona č. 131/2010 Z. z. o pohrebníctve medzi: Prevádzkovateľ pohrebiska: Technické služby mesta Prievidza s.r.o. Mariánska 17, 971 01 Prievidza So sídlom: Zastúpený konateľom spoločnosti:Ing. Marián Bielický IČO: IČ DPH: Bankové spojenie: Číslo účtu: Registrácia: 31 579 183 SK2020467350 VÚB a.s., pobočka Prievidza OR OS Trenčín, Oddiel: Sro, Vložka č.: 2223/R a Nájomcom: Meno a priezvisko: Ing. Milan Smaho Narodený: ___________________________________________ Trvalé bydlisko: _______________________________________ _____________________________________________________________________ Číslo OP: ________________________ Telefón: __________________________ E-mail: ___________________________ I. Úvodné ustanovenie 1.1. Prevádzkovateľ pohrebiska je správcom pohrebísk (cintorínov) na území mesta Prievidza, ktorú činnosť vykonáva na základe Komisionárskej zmluvy uzatvorenej s mestom Prievidza a na základe Úplného znenia zmluvy o nájme hnuteľného a nehnuteľného majetku č. 22/20 uzatvoreného s mestom Prievidza. II. Predmet zmluvy 2.1. Pr",/Users/kazimir/Desktop/BP/zmluvy_cleaned_checked_strict_valid/11818977.txt
11818983,other,,True,Delimitačný protokol CRZ č. 05204/2025-OS-0140175/25.00 o odovzdaní a prevzatí správy nehnuteľností vo vlastníctve štátu,CRZč.6947/2025/LSR,"Delimitačný protokol CRZ č. 05204/2025-OS-0140175/25.00 o odovzdaní a prevzatí správy nehnuteľností vo vlastníctve štátu podľa zákona č. 326/2005 Z.z. o lesoch v znení neskorších predpisov (ďalej len „Protokol“) Odovzdávajúci: Slovenská republika - Slovenský pozemkový fond Sídlo: Búdková 36, 817 15 Bratislava Štatutárny orgán: generálny riaditeľ a námestník generálneho riaditeľa podľa výpisu z obchodného registra IČO: 17 335 345 DIČ: 2021007021 Bankové spojenie: Štátna pokladnica Číslo účtu IBAN: SK35 8180 0000007000001638 zapísaný v Obchodnom registri Mestského súdu Bratislava III, Oddiel: Po, Vložka 35/B (ďalej len „odovzdávajúci“) a Preberajúci: Slovenská republika - LESY Slovenskej republiky, štátny podnik so sídlom: Námestie SNP 8, 97566, Banská Bystrica štatutárny orgán: Ing. Juraj Marko – poverený generálny riaditeľ IČO: 36038351 DIČ: 2020087982 (ďalej len „preberajúci“ a spolu s odovzdávajúcim „účastníci protokolu“) Čl. I Predmet a dôvod odovzdania správy nehnuteľného majetku štátu 1. Odovzdávajúci odovzdáva a preberajúci preberá podľa § 50 zákona č. 326/2005 Z.z. o lesoch v znení neskorších predpisov správu k nehnuteľnému majetku vo vlastníctve Slovenskej rep",/Users/kazimir/Desktop/BP/zmluvy_cleaned_checked_strict_valid/11818983.txt
11818988,other,,True,Delimitačný protokol CRZ č. 05216/2025-OS-0140176/25.00 o odovzdaní a prevzatí správy nehnuteľností vo vlastníctve štátu,CRZč.7093/2025/LSR,"Delimitačný protokol CRZ č. 05216/2025-OS-0140176/25.00 o odovzdaní a prevzatí správy nehnuteľností vo vlastníctve štátu podľa zákona č. 326/2005 Z.z. o lesoch v znení neskorších predpisov (ďalej len „Protokol“) Odovzdávajúci: Slovenská republika - Slovenský pozemkový fond Sídlo: Búdková 36, 817 15 Bratislava Štatutárny orgán: generálny riaditeľ a námestník generálneho riaditeľa podľa výpisu z obchodného registra IČO: 17 335 345 DIČ: 2021007021 Bankové spojenie: Štátna pokladnica Číslo účtu IBAN: SK35 8180 0000007000001638 zapísaný v Obchodnom registri Mestského súdu Bratislava III, Oddiel: Po, Vložka 35/B (ďalej len „odovzdávajúci“) a Preberajúci: Slovenská republika - LESY Slovenskej republiky, štátny podnik so sídlom: Námestie SNP 8, 97566, Banská Bystrica štatutárny orgán: Ing. Juraj Marko – poverený generálny riaditeľ IČO: 36038351 DIČ: 2020087982 (ďalej len „preberajúci“ a spolu s odovzdávajúcim „účastníci protokolu“) Čl. I Predmet a dôvod odovzdania správy nehnuteľného majetku štátu 1. Odovzdávajúci odovzdáva a preberajúci preberá podľa § 50 zákona č. 326/2005 Z.z. o lesoch v znení neskorších predpisov správu k nehnuteľnému majetku vo vlastníctve Slovenskej rep",/Users/kazimir/Desktop/BP/zmluvy_cleaned_checked_strict_valid/11818988.txt
11818991,sluzby,sluzb|sluzieb|servis|odpadu,True,Servisná zmluva,33/2025,"SERVISNÁ ZMLUVA č. 33/2025 uzavretá podľa ustanovenia § 269 ods. 2 Obchodného zákonníka Objednávateľ: Obec Richnava Sídlo IČO: Richnava 124, 053 51 Richnava: 00329525 Konajúci prostr.: Peter Biroš, MBA starosta obce Bankové spojenie: Prima banka Slovensko, a.s. Č. účtu IBAN: SK24 5600 0000 0034 5207 3001 Telefón E-mail:: 0948590441 richnava@richnava.sk Poskytovateľ: netIQ, s. r. o. Sídlo IČO: Oľšavka 40, 053 61: 36 571 334 Konajúci prostr.: Mgr. Slavomír Holotňák, konateľ spoločnosti Zápis v: Obchodnom registri Okresného súdu Košice I, vl. č. 14023/V Bankové spojenie: Tatra banka, a.s. Č. účtu IBAN: SK47 1100 0000 0026 2370 5516 Telefón E-mail:: 0949 716 332 holotnak@netiq.sk poskytovateľ je oprávnený poskytovať technické služby podľa § 7 ods. 1 zák. č. 473/2005 Z. z. o poskytovaní služieb v oblasti súkromnej bezpečnosti za týchto podmienok: Čl. I Predmet zmluvy 1. Poskytovateľ sa zaväzuje vykonávať pre objednávateľa servisné činnosti v rozsahu špecifikovanom v článku II tejto zmluvy na zariadeniach špecifikovaných v ods. 2 tohto článku zmluvy. Predmetom tejto zmluvy je vykonávanie servisnej činnosti týkajúcej sa kamerového",/Users/kazimir/Desktop/BP/zmluvy_cleaned_checked_strict_valid/11818991.txt
11818993,dotacia,dotacie|dotac,True,Zmluva o poskytnutí dotácie,01/26,"Č.j. OcÚ TN 493/2025-001 príloha č. 2 k VZN 1/2024 o poskytnutí dotácie z rozpočtu obce uzatvorená v zmysle § 7 ods. 4 zákona č. 583/2004 Z. z. o rozpočtových pravidlách územnej samosprávy a o zmene a doplnení niektorých zákonov v spojení s čl. 2 ods. 2 a násl. Všeobecne záväzného nariadenia obce Tekovské Nemce č. 1/2024 o poskytovaní dotácií z rozpočtu obce Zmluva medzi Príjemcom: Základná organizácia Jednota dôchodcov Tekovské Nemce Sídlo: Tekovské Nemce, Tekovská 311/16 Zastúpený: Ing. Štefan Janček - predseda Bankové spojenie: Bankové spojenie: Československá obchodná banka, a.s. Číslo účtu: 4021326641 IBAN: SK96 7500 0000 0040 2132 3341 (ďalej len „žiadateľ ) a Poskytovateľom: obec Tekovské Nemce Sídlo: Obecný úrad Tekovské Nemce, Tekovská 405 V zastúpení: Mária Rudzanová - starostka obce IČO: 00321 044 Bankové spojenie: Všeobecná úverová banka Číslo účtu: 2524422/0200 IBAN: SK 08 0200 0000 0000 0252 4422 ČI. I. Predmet zmluvy Predmetom zmluvy je poskytnutie dotácie z rozpočtu obce v sume 600,- € (slovom: šesťsto eur ), ktoré sa zaväzuje žiadateľ použiť v plnej výške na bežné výdavky s účelovým určením na projekt Kultúrno-spolo",/Users/kazimir/Desktop/BP/zmluvy_cleaned_checked_strict_valid/11818993.txt
11818995,dotacia,dotacie|dotac,True,Zmluva o poskytnutí dotáce,02/26,"Č.j. OcÚ TN 531/2025-002 príloha č. 2 k VZN 1/2024 o poskytnutí dotácie z rozpočtu obce uzatvorená v zmysle § 7 ods. 4 zákona č. 583/2004 Z. z. o rozpočtových pravidlách územnej samosprávy a o zmene a doplnení niektorých zákonov v spojení s čl. 2 ods. 2 a násl. Všeobecne záväzného nariadenia obce Tekovské Nemce č. 1/2024 o poskytovaní dotácií z rozpočtu obce Zmluva medzi Príjemcom: DHZ Tekovské Nemce Sídlo: Tekovské Nemce, Tekovská 405 Zastúpený: Jozef Závalec Bankové spojenie: Všeobecná úverová banka Číslo účtu: 2524422/0200 IBAN: SK 08 0200 0000 0000 0252 4422 (ďalej len „žiadateľ ) a Poskytovateľom: obec Tekovské Nemce Sídlo: Obecný úrad Tekovské Nemce, Tekovská 405 V zastúpení: Mária Rudzanová - starostka obce IČO: 00321 044 Bankové spojenie: Všeobecná úverová banka Číslo účtu: 2524422/0200 IBAN: SK 08 0200 0000 0000 0252 4422 ČI. I. Predmet zmluvy Predmetom zmluvy je poskytnutie dotácie z rozpočtu obce v sume 400,- € (slovom: štyristo eur), ktoré sa zaväzuje žiadateľ použiť v plnej výške na bežné výdavky s účelovým určením na projekt: 100 rokov od založenia DHZ v Tekovských Nemciach (tradícia „hasičstva“ v Tekovských Nemciach –",/Users/kazimir/Desktop/BP/zmluvy_cleaned_checked_strict_valid/11818995.txt
11818997,najom,najom,True,prenájom telocvične,21/2025_2,"ZMLUVA O NÁJME NEBYTOVÝCH PRIESTOROV Č. 21/2025 uzatvorená podľa zákona č. 116/1990 Zb. o nájme a podnájme nebytových priestorov v znení neskorších predpisov a § 663 a nasl. zákona č. 40/1964 Zb. Občiansky zákonník v znení neskorších predpisov (ďalej len „zmluva“) medzi zmluvnými stranami: Prenajímateľ Názov: Sídlo: Štatutárny orgán: Bankové spojenie: IBAN: IČO: DIČ: (ďalej len „prenajímateľ"") a Nájomca Názov: Sídlo: Štatutárny orgán: IČO: DIČ: Zapísaný: (ďalej len „nájomca"") Základná škola, Sadová 620, Senica Sadová 620, 905 01 Senica PhDr. Mária Szpyrcová, poverená funkciou riaditeľky ZŠ Prima banka a. s. SK59 5600 0000 0092 1456 0004 31827705 2021077696 karate klub Šin-Mu Gen. L. Svobodu 1359/10, 905 01 Senica Milan Anderle, predseda 31822827 2021077652 MV SR, reg. číslo: VVS/1-900/90-4956, dňa 30.01.1992 Čl. I Predmet a účel nájmu 1. Prenajímateľ je správcom nehnuteľnosti – stavby, súpisné číslo 620, postavenej na pozemku parc. č. 3465/2 nachádzajúcej sa v katastrálnom území Senica, obec Senica, okres Senica zapísanej na LV č. 3353, ktorá je vedená Okresným úradom Senica, katastrálnym odborom a ktorej vlastníkom je Mesto Senica,",/Users/kazimir/Desktop/BP/zmluvy_cleaned_checked_strict_valid/11818997.txt
11819000,other,,True,Delimitačný protokol CRZ č. 05297/2025-OS-0140179/25.00 o odovzdaní a prevzatí správy nehnuteľností vo vlastníctve štátu,CRZč.7102/2025/LSR,"Delimitačný protokol CRZ č. 05297/2025-OS-0140179/25.00 o odovzdaní a prevzatí správy nehnuteľností vo vlastníctve štátu podľa zákona č. 326/2005 Z.z. o lesoch v znení neskorších predpisov (ďalej len „Protokol“) Odovzdávajúci: Slovenská republika – Slovenský pozemkový fond Sídlo: Búdková 36, 817 15 Bratislava Štatutárny orgán: generálny riaditeľ a námestník generálneho riaditeľa podľa výpisu z obchodného registra IČO: 17 335 345 DIČ: 2021007021 Bankové spojenie: Štátna pokladnica Číslo účtu IBAN: SK35 8180 0000007000001638 zapísaný v Obchodnom registri Mestského súdu Bratislava III, oddiel: PO, vložka 35/B (ďalej len „odovzdávajúci“) a Preberajúci: Slovenská republika - LESY Slovenskej republiky, štátny podnik so sídlom: Námestie SNP 8, 97566, Banská Bystrica štatutárny orgán: Ing. Juraj Marko poverený výkonom funkcie generálneho riaditeľa IČO: 36038351 DIČ: 2020087982 (ďalej len „preberajúci“ a spolu s odovzdávajúcim „účastníci protokolu“) Čl. I Predmet a dôvod odovzdania správy nehnuteľného majetku štátu 1. Odovzdávajúci odovzdáva a preberajúci preberá podľa § 50 zákona č. 326/2005 Z. z. o lesoch v znení neskorších predpisov správu k nehnuteľnému majetku vo vlastn",/Users/kazimir/Desktop/BP/zmluvy_cleaned_checked_strict_valid/11819000.txt
11819005,other,,True,Delimitačný protokol CRZ č. 03058/2025-OS-0140114/25.00 o odovzdaní a prevzatí správy nehnuteľností vo vlastníctve štátu,CRZč.7118/2025/LSR,"Delimitačný protokol CRZ č. 03058/2025-OS-0140114/25.00 o odovzdaní a prevzatí správy nehnuteľností vo vlastníctve štátu podľa zákona č. 326/2005 Z.z. o lesoch v znení neskorších predpisov (ďalej len „Protokol“) Odovzdávajúci: Slovenská republika – Slovenský pozemkový fond Sídlo: Búdková 36, 817 15 Bratislava Štatutárny orgán: generálny riaditeľ a námestník generálneho riaditeľa podľa výpisu z obchodného registra IČO: 17 335 345 DIČ: 2021007021 Bankové spojenie: Štátna pokladnica Číslo účtu IBAN: SK35 8180 0000007000001638 zapísaný v Obchodnom registri Mestského súdu Bratislava III, oddiel: PO, vložka 35/B (ďalej len „odovzdávajúci“) a Preberajúci: Slovenská republika - LESY Slovenskej republiky, štátny podnik so sídlom: Námestie SNP 8, 97566, Banská Bystrica štatutárny orgán: Ing. Juraj Marko poverený výkonom funkcie generálneho riaditeľa IČO: 36038351 DIČ: 2020087982 (ďalej len „preberajúci“ a spolu s odovzdávajúcim „účastníci protokolu“) Čl. I Predmet a dôvod odovzdania správy nehnuteľného majetku štátu 1. Odovzdávajúci odovzdáva a preberajúci preberá podľa § 50 zákona č. 326/2005 Z.z. o lesoch v znení neskorších predpisov správu k nehnuteľnému majetku vo vlastní",/Users/kazimir/Desktop/BP/zmluvy_cleaned_checked_strict_valid/11819005.txt
11819006,dodatok,dodatok|dodatku,True,Dodatok č. 1 k Zmluve o spolupráci,D/2026/1/IX/JLF/CEVED,"Dodatok č. 1 k Zmluve o spolupráci uzatvorenej podľa § 269 ods. 2 zákona č. 513/1991 Zb. Obchodný zákonník v znení neskorších predpisov (ďalej aj ako „dodatok“) medzi 1. Univerzita Komenského v Bratislave so sídlom: IČO: DIČ: Šafárikovo nám. 6, 814 99 Bratislava 00397865 2020845332 štatutárny orgán: prof. JUDr. Marek Števček, DrSc., rektor Súčasť: so sídlom: zastúpená: Jesseniova lekárska fakulta UK v Martine Malá Hora 4, 036 01 Martin prof. MUDr. Andrea Čalkovská, DrSc., dekanka kontaktná osoba: doc. RNDr. Zuzana Danková, PhD. IBAN: Súčasť: so sídlom: zastúpená: Lekárska fakulta UK Špitálska 24, 813 72 Bratislava prof. MUDr. Juraj Payer, PhD., MPH, FRCP, FEFIM, dekan kontaktná osoba: doc. RNDr. Ľuboš Danišovič, PhD. IBAN: (ďalej len „Koordinátor“ alebo „Partner 1“) 2. Národný onkologický ústav v Bratislave so sídlom: IČO: DIČ: Klenová 1, 833 10 Bratislava 00165336 2020830108 štatutárny orgán: Ing. Tomáš Alscher, MPH, riaditeľ 1 kontaktná osoba: RNDr. Ing. Katarína Kaľavská, PhD. IBAN: (ďalej len „Partner 2“) 3. Fakultná nemocnica s poliklinikou F. D. Roosevelta Banská Bystrica so sídlom: I",/Users/kazimir/Desktop/BP/zmluvy_cleaned_checked_strict_valid/11819006.txt
11819009,sluzby,sluzb|strav,True,Zmluva o poskytnutí rekreačného pobytu č. VÚSZ-29-22/2025,259/XII/GR/25,"Zmluva o poskytnutí rekreačného pobytu č. VÚSZ-29-22/2025 uzatvorená v zmysle § 269 ods. 2 zákona č. 513/1991 Zb. Obchodný zákonník v znení neskorších predpisov (ďalej len „Obchodný zákonník“) Čl. I. Zmluvné strany Vojenský úrad sociálneho zabezpečenia IČO: 00 802 603 so sídlom: Špitálska 22 812 74 Bratislava Slovenská republika konajúci prostredníctvom: plk. Ing. Gustáv Tarcsi, PhD., riaditeľ (ďalej len „VÚSZ“) a HOREZZA, a. s. IČO: 36 280 127 IČ DPH SK2022129384 so sídlom: Teplická 81 921 01 Piešťany Slovenská republika zapísaný v Obchodnom registri Okresného súdu Trnava v odd. Sa, vložka č. 10414/T konajúci prostredníctvom: Mgr. Bronislava Jánošová, predsedníčka predstavenstva a generálna riaditeľka IBAN: SK46 0900 0000 0050 4591 1142 (ďalej len „HOREZZA“) a Ministerstvo obrany Slovenskej republiky IČO: 30 845 572 so sídlom: Námestie generála Viesta 2 832 47 Bratislava Slovenská republika v zastúpení: JUDr. Martin Rímeš, generálny riaditeľ sekcie personálnych a sociálnych činností MO SR na základe plnomocenstva podpredsedu vlády a ministra obrany SR č. KaMO-11- (ďalej len „MO SR“) Čl. II. Predmet zmluvy (1) Predmetom tejto zmluvy je za",/Users/kazimir/Desktop/BP/zmluvy_cleaned_checked_strict_valid/11819009.txt
11819012,spolupraca,spoluprac,True,ZMLUVA O SPOLUPRÁCI,UPJS - 918/2025,"ZMLUVA O SPOLUPRÁCI uzatvorená podľa § 269 ods. 2 zák. č. 513/1991 Z. z. Obchodný zákonník v znení neskorších predpisov (ďalej len „Obchodný zákonník“) 1. Univerzita Pavla Jozefa Šafárika v Košiciach Článok 1 Zmluvné strany Sídlo: Štatutárny orgán: Zastúpenie: IČO: Kontaktná osoba: Email: (ďalej aj „UPJŠ“) Šrobárova 2, 041 80 Košice prof. MUDr. Daniel Pella, PhD., rektor doc. RNDr. Dušan Šveda, CSc., riaditeľ Centra celoživotného vzdelávania a podpory projektov (CCVaPP) UPJŠ, na základe plnej moci rektora UPJŠ zo dňa 06.11.2023 00 397 768 doc. RNDr. JUDr. Pavol Sokol, PhD. et PhD. 2. Gymnázium, Komenského 13, Lipany Sídlo: Štatutárny orgán: IČO: Kontaktná osoba E-mail: (ďalej aj „Škola“)............... UPJŠ a Škola označovaní ďalej spoločne aj ako „Zmluvné strany“ alebo samostatne ako „Zmluvná strana“ uzatvárajú túto zmluvu o spolupráci (ďalej len „Zmluva“), za nasledovných podmienok: Článok 2 Predmet a účel Zmluvy 1. Predmetom tejto Zmluvy je realizácia vzájomne výhodnej spolupráce Zmluvných strán v oblastiach ich spoločného záujmu, ktorej cieľom je výmena poznatkov pri vykonávaní aktivít definovaných v ods. 2 tohto článku rozdelených m",/Users/kazimir/Desktop/BP/zmluvy_cleaned_checked_strict_valid/11819012.txt
11819017,najom,najom,True,Nájomná zmluva,502/2025/RSM,"N Á J O M N Á ZMLUVA č. 502/2025 uzatvorená podľa § 663 a nasl. ustanovení zák. č. 40/1964 Zb. Občianskeho zákonníka v znení neskorších predpisov medzi zmluvnými stranami: Čl. I Zmluvné strany Mesto Dubnica nad Váhom Sídlo: Zastúpené: Bankové spojenie: Číslo účtu (IBAN): Variabilný symbol: IČO: (ďalej ako „prenajímateľ“) Bratislavská 434/9, 018 41 Dubnica nad Váhom Mgr. et. Mgr. Petrom Wolfom, primátorom mesta Slovenská sporiteľňa, a. s. SK12 0900 0000 0052 1756 3245 9970066825 00 317 209 a Meno: Ing. Marián Vranka, r. Vranka Bydlisko: Dátum narodenia: a Monika Vranková, r. Cíbiková Bydlisko: Dátum narodenia: (ďalej ako „nájomcovia“) uzatvárajú túto zmluvu za nasledovných podmienok: Čl. II Predmet nájmu 1. Prenajímateľ je výlučným vlastníkom nehnuteľnosti - pozemku v katastrálnom území Dubnica nad Váhom, evidovaného Okresným úradom Ilava, katastrálnym odborom na liste vlastníctva č. 2600, parcela číslo KN-C 2300/270, zastavaná plocha a nádvorie o výmere 2 560 m2. 2. Prenajímateľ prenecháva nájomcom na dočasné užívanie za odplatu predmet nájmu, a to časť pozemku parcelné číslo KN-C 2300/270 o výmere približne 70 m2 nachádzajúc",/Users/kazimir/Desktop/BP/zmluvy_cleaned_checked_strict_valid/11819017.txt
11819022,other,,True,Delimitačný protokol CRZ č. 05311/2025-OS-0140180/25.00 o odovzdaní a prevzatí správy nehnuteľností vo vlastníctve štátu,CRZč.7120/2025/LSR,"Delimitačný protokol CRZ č. 05311/2025-OS-0140180/25.00 o odovzdaní a prevzatí správy nehnuteľností vo vlastníctve štátu podľa zákona č. 326/2005 Z.z. o lesoch v znení neskorších predpisov (ďalej len „Protokol“) Odovzdávajúci: Slovenská republika – Slovenský pozemkový fond Sídlo: Búdková 36, 817 15 Bratislava Štatutárny orgán: generálny riaditeľ a námestník generálneho riaditeľa podľa výpisu z obchodného registra IČO: 17 335 345 DIČ: 2021007021 Bankové spojenie: Štátna pokladnica Číslo účtu IBAN: SK35 8180 0000007000001638 zapísaný v Obchodnom registri Mestského súdu Bratislava III, oddiel: PO, vložka 35/B (ďalej len „odovzdávajúci“) a Preberajúci: Slovenská republika - LESY Slovenskej republiky, štátny podnik so sídlom: Námestie SNP 8, 97566, Banská Bystrica štatutárny orgán: Ing. Juraj Marko poverený výkonom funkcie generálneho riaditeľa IČO: 36038351 DIČ: 2020087982 (ďalej len „preberajúci“ a spolu s odovzdávajúcim „účastníci protokolu“) Čl. I Predmet a dôvod odovzdania správy nehnuteľného majetku štátu 1. Odovzdávajúci odovzdáva a preberajúci preberá podľa § 50 zákona č. 326/2005 Z.z. o lesoch v znení neskorších predpisov správu k nehnuteľnému majetku vo vlastní",/Users/kazimir/Desktop/BP/zmluvy_cleaned_checked_strict_valid/11819022.txt
11819028,other,,True,Zmluva o bezodplatnom užívaní pozemku,7141/2025/LSR,"CRZ:7141/2025/LSR Zmluva o bezodplatnom užívaní pozemku uzavretá podľa ust. § 50c a nasl. zákona č. 326/2005 Z.z. o lesoch v znení neskorších predpisov v spojení s ust. § 51 Občianskeho zákonníka v znení neskorších predpisov medzi: Správcom: LESY Slovenskej republiky, štátny podnik Námestie SNP 8, 975 66 Banská Bystrica V zastúpení: Ing. Juraj Marko, poverený generálny riaditeľ IČO: 36038351 DIČ: 2020087982 IČ pre DPH: SK 2020087982 Zapísaný v Obchodnom registri Okresného súdu v Banskej Bystrici, dňa 29.10.1999, oddiel Pš, vložka č. 155/S a Užívateľom: Obec Ruská Nová Ves Obecný úrad Ruská Nová Ves Ruská Nová Ves 168, 080 05 Prešov V zastúpení: Tibor Kollár, starosta obce IČO: 00327727 DIČ - 2021225701 Bankové spojenie: č. účtu: SK98 0200 0000 0000 1992 5572 Je platiteľ DPH! I. Predmet bezodplatného užívania 1.1 Predmetom bezodplatného užívania, upraveného touto zmluvou je nehnuteľnosť vo vlastníctve Slovenskej republiky a správe správcu, ktorá sa nachádza v k.ú. Ruská Nová Ves, LV č. 600: - pozemok KN-C parc.č. 2162/5, druh pozemku ostatná plocha, o výmere 1138 m2 Predmetom bezodplatného užívania je pozemok, druh pozemku ostatná plocha so",/Users/kazimir/Desktop/BP/zmluvy_cleaned_checked_strict_valid/11819028.txt
11819037,najom,najom,True,Nájomná zmluva č. 405/2058/15 na opakovaný nájom č. 5,281/2025,"ZM 281/2025 Nájomná zmluva č. 405/208/15 na opakovaný nájom č. 5 uzatvorená podľa § 685 a násl. zák. č. 40/1964 Zb. Občianskeho zákonníka v platnom znení a v súlade s ust. § 12 zákona č. 443/2010 Z. z. o dotáciách na rozvoj bývania a o sociálnom bývaní medzi: Prenajímateľom: zastúpeným: Mesto Sládkovičovo, IČO: 00306177 Ing. Gáborom Krommerom, primátorom mesta (ďalej len „prenajímateľ“) a Nájomcom: Ing. Andrea Dovalová, nar. trvale bytom SNP 1733/12, 925 21 Sládkovičovo (ďalej len „nájomca“) I. Predmet a účel nájmu 1. Predmetom nájmu je byt č. 15, I. kategórie, nachádzajúci sa na 3. poschodí domovej nehnuteľnosti v Sládkovičove na Fučíkovej ulici, bytový dom s. č. 405, orientačné č.: 208, parc. č. 2946, celková plocha bytu 76,61 m2, zapísaný v katastri nehnuteľností Okresného úradu Galanta, Katastrálny odbor, na LV č. 1705, ktorého výlučným vlastníkom je prenajímateľ. 2. Predmetný byt pozostáva z 3 obytných miestností o ploche 45,70 m2 a kuchyne o ploche 9,84 m2 a príslušenstva bytu, a to predsiene o ploche 12,00 m2, kúpeľne o ploche 4,60 m2, WC o ploche 1,85 m2, komory o ploche 2,62 m2 a balkónu o ploche 6,00 m2. 3. Byt je vybavený kuchynskou",/Users/kazimir/Desktop/BP/zmluvy_cleaned_checked_strict_valid/11819037.txt
11819039,najom,najom,True,Nájomná zmluva č. 405/207/13 na opakovaný nájom č. 9,282/2025,"ZM 282/2025 Nájomná zmluva č. 405/207/13 na opakovaný nájom č. 9 uzatvorená podľa § 663, 685 a násl. zák. č. 40/1964 Zb. Občianskeho zákonníka v platnom znení a v súlade s ust. § 12 zákona č. 443/2010 Z. z. o dotáciách na rozvoj bývania a o sociálnom bývaní medzi: Prenajímateľom: zastúpeným: Mesto Sládkovičovo, IČO: 00306177 Ing. Gáborom Krommerom, primátorom mesta (ďalej len „prenajímateľ“) a Nájomcom: Jana Rekenyová, nar. trvale bytom Mierová 662/53, 925 21 Sládkovičovo (ďalej len „nájomca“) I. Predmet a účel nájmu 1. Predmetom nájmu je byt č. 13, I. kategórie, nachádzajúci sa na 2. poschodí domovej nehnuteľnosti v Sládkovičove na Fučíkovej ulici, bytový dom s. č. 405, orientačné č.: 207, parc. č. 2946, celková plocha bytu 50,38 m2, zapísaný v katastri nehnuteľností OÚ Galanta, Katastrálny odbor, LV č. 1705, ktorého výlučným vlastníkom je prenajímateľ. 2. Predmetný byt pozostáva z 2 obytných miestností o ploche 27,20 m2 a kuchyne o ploche 10,20 m2 a príslušenstva bytu, a to predsiene o ploche 7,18 m2, kúpeľne o ploche 4,20 m2, WC o ploche 1,60 m2 a balkóna o ploche 9,50 m2. 3. Byt je vybavený kuchynskou linkou, sporákom a sanitárnym zariaden",/Users/kazimir/Desktop/BP/zmluvy_cleaned_checked_strict_valid/11819039.txt
11819041,najom,najom,True,Nájomná zmluva č. 405/207/2 na opakovaný nájom č. 1,283/2025,"ZM 283/2025 Nájomná zmluva č. 405/207/2 na opakovaný nájom č. 1 uzatvorenej v zmysle ust. § 685 a nasl. zák. č. 40/1964 Zb. Občianskeho zákonníka v platnom znení a podľa zákona č. 443/2010 Z. z. o dotáciách na rozvoj bývania a o sociálnom bývaní medzi: Prenajímateľom: zastúpeným: Mesto Sládkovičovo, IČO: 00306177 Ing. Gáborom Krommerom, primátorom mesta (ďalej len „prenajímateľ“) a Nájomcom: Hajnalka Uherová, nar. trvale bytom Fučíkova 64/59, 925 21 Sládkovičovo (ďalej len „nájomca“) I. Predmet a účel nájmu 1. Predmetom nájmu je byt č. 2, I. kategórie, nachádzajúci sa na prízemí domovej nehnuteľnosti v Sládkovičove na Fučíkovej ulici, bytový dom s. č. 405, orientačné č. 207, parc. č. 2946, celková plocha bytu 56,71 m2, zapísaný v katastri nehnuteľností OÚ Galanta, Katastrálny odbor, LV č. 1705, ktorého výlučným vlastníkom je prenajímateľ. 2. Predmetný byt pozostáva z 2 obytných miestností o ploche 29,10 m2 a kuchyne o ploche 12,00 m2 a príslušenstva bytu, a to predsiene o ploche 8,30 m2, kúpeľne o ploche 4,35 m2, WC o ploche 1,26 m2 a komory o ploche 1,70 m2. 3. Byt je vybavený kuchynskou linkou, sporákom a sanitárnym zariadením. Okrem týchto",/Users/kazimir/Desktop/BP/zmluvy_cleaned_checked_strict_valid/11819041.txt
11819043,najom,najom,True,Nájomná zmluva č. 404/206/12 na opakovaný nájom č. 4,284/2025,"ZM 284/2025 Nájomná zmluva č. 405/208/3 na opakovaný nájom č. 7 uzatvorená podľa § 663, 685 a násl. zák. č. 40/1964 Zb. Občianskeho zákonníka v platnom znení a v súlade s ust. § 12 zákona č. 443/2010 Z. z. o dotáciách na rozvoj bývania a o sociálnom bývaní medzi: Prenajímateľom: zastúpeným: Mesto Sládkovičovo Ing. Gáborom Krommerom, primátorom mesta (ďalej len „prenajímateľ“) a Nájomcom: Katarína Čermáková, nar. trvale bytom Fučíkova 405/208/3, 925 21 Sládkovičovo (ďalej len „nájomca“) I. Predmet a účel nájmu 1. Predmetom nájmu je byt č. 3, I. kategórie, nachádzajúci sa na prízemí domovej nehnuteľnosti v Sládkovičove na Fučíkovej ulici, bytový dom s. č. 405, orientačné č. 208, parc. č. 2946, celková plocha bytu 77,76 m2, zapísaný v katastri nehnuteľností OÚ Galanta, Katastrálny odbor, LV č. 1705, ktorého výlučným vlastníkom je prenajímateľ. 2. Predmetný byt pozostáva z 3 obytných miestností o ploche 46,79 m2 a kuchyne o ploche 9,90 m2 a príslušenstva bytu, a to predsiene o ploche 12,00 m2, kúpeľne o ploche 4,60 m2, WC o ploche 1,85 m2 a komory o ploche 2,62 m2. 3. Byt je vybavený sporákom a sanitárnym zariadením. Okrem týchto zariadení nie je",/Users/kazimir/Desktop/BP/zmluvy_cleaned_checked_strict_valid/11819043.txt
11819045,najom,najom,True,Nájomná zmuva č. 405/207/8 na opakovaný nájom č. 1,285/2025,"ZM 285/2025 Nájomná zmluva č. 405/207/8 na opakovaný nájom č. 1 uzatvorená podľa § 663, 685 a násl. zák. č. 40/1964 Zb. Občianskeho zákonníka v platnom znení a v súlade s ust. § 12 zákona č. 443/2010 Z. z. o dotáciách na rozvoj bývania a o sociálnom bývaní medzi: Prenajímateľom: zastúpeným: Mesto Sládkovičovo, IČO: 00306177 Ing. Gáborom Krommerom, primátorom mesta (ďalej len „prenajímateľ“) a Nájomcom: Helena Horváthová, nar. trvale bytom Fučíkova 405/207/8, 925 21 Sládkovičovo (ďalej len „nájomca“) I. Predmet a účel nájmu 1. Predmetom nájmu je byt č. 8, I. kategórie, nachádzajúci sa na 1. poschodí domovej nehnuteľnosti v Sládkovičove na Fučíkovej ulici, bytový dom s. č. 405, orientačné č.: 207, parc. č. 2946, celková plocha bytu 50,38 m2, zapísaný v katastri nehnuteľností OÚ Galanta, Katastrálny odbor, LV č. 1705, ktorého výlučným vlastníkom je prenajímateľ. 2. Predmetný byt pozostáva z 2 obytných miestností o ploche 27,20 m2 a kuchyne o ploche 10,20 m2 a príslušenstva bytu, a to predsiene o ploche 7,18 m2, kúpeľne o ploche 4,20 m2, WC o ploche 1,60 m2 a balkónu o ploche 9,50 m2. 3. Byt je vybavený kuchynskou linkou, sporákom a sanitárnym zar",/Users/kazimir/Desktop/BP/zmluvy_cleaned_checked_strict_valid/11819045.txt
11819047,najom,najom,True,Nájomná zmluva č. 404/206/3 na opakovaný nájom č. 7,286/2025,"ZM 286/2025 Nájomná zmluva č. 404/206/3 na opakovaný nájom č. 7 uzatvorená podľa § 663, 685 a násl. zák. č. 40/1964 Zb. Občianskeho zákonníka v platnom znení a v súlade s ust. § 12 zákona č. 443/2010 Z. z. o dotáciách na rozvoj bývania a o sociálnom bývaní medzi: Prenajímateľom: zastúpeným: Mesto Sládkovičovo Ing. Gáborom Krommerom, primátorom mesta (ďalej len „prenajímateľ“) a Nájomcom: Júlia Ramić, rod. Hanzelová, trvale bytom Fučíkova 404/206/3, 925 21 Sládkovičovo (ďalej len „nájomca“) I. Predmet a účel nájmu 1. Predmetom nájmu je byt č. 3, I. kategórie, nachádzajúci sa na prízemí domovej nehnuteľnosti v Sládkovičove na Fučíkovej ulici, bytový dom s. č. 404, orientačné č. 206, parc. č. 2945, celková plocha bytu 77,76 m2, zapísaný v katastri nehnuteľností OÚ Galanta, Katastrálny odbor, LV č. 1705, ktorého výlučným vlastníkom je prenajímateľ. 2. Predmetný byt pozostáva z 3 obytných miestností o ploche 46,79 m2 a kuchyne o ploche 9,90 m2 a príslušenstva bytu, a to predsiene o ploche 12,00 m2, kúpeľne o ploche 4,60 m2, WC o ploche 1,85 m2 a komory o ploche 2,62 m2. 3. Byt je vybavený kuchynskou linkou, sporákom a sanitárnym zariadením. Okrem t",/Users/kazimir/Desktop/BP/zmluvy_cleaned_checked_strict_valid/11819047.txt
11819049,najom,najom,True,Nájomná zmluva č. 405/208/2 na opakovaný nájom č. 4,287/2025,"ZM 287/2025 Nájomná zmluva č. 405/208/2 na opakovaný nájom č. 4 uzatvorenej v zmysle ust. § 685 a nasl. zák. č. 40/1964 Zb. Občianskeho zákonníka v platnom znení a podľa zákona č. 443/2010 Z. z. o dotáciách na rozvoj bývania a o sociálnom bývaní medzi: Prenajímateľom: zastúpeným: Mesto Sládkovičovo Ing. Gáborom Krommerom, primátorom mesta (ďalej len „prenajímateľ“) a Nájomcom: trvale bytom Fučíkova 405/208/2, 925 21 Sládkovičovo Kristína Csadiová, nar. (ďalej len „nájomca“) I. Predmet a účel nájmu 1. Predmetom nájmu je byt č. 2, I. kategórie, nachádzajúci sa na prízemí domovej nehnuteľnosti v Sládkovičove na Fučíkovej ulici, bytový dom s. č. 405, orientačné č.: 208, parc. č. 2946, celková plocha bytu 51,44 m2, zapísaný v katastri nehnuteľností OÚ Galanta, Katastrálny odbor, LV č. 1705, ktorého výlučným vlastníkom je prenajímateľ. 2. Predmetný byt pozostáva z 2 obytných miestností o ploche 28,60 m2 a kuchyne o ploche 7,10 m2 a príslušenstva bytu, a to predsiene o ploche 8,50 m2, kúpeľne o ploche 4,74 m2 a WC o ploche 2,50 m2. 3. Byt je vybavený kuchynskou linkou, šporákom a sanitárnym zariadením. Okrem týchto zariadení nie je byt vybavený i",/Users/kazimir/Desktop/BP/zmluvy_cleaned_checked_strict_valid/11819049.txt
11819051,najom,najom,True,Nájomná zmluva č. 405/208/3 na opakovaný nájom č. 7,288/2025,"ZM 288/2025 Nájomná zmluva č. 405/208/3 na opakovaný nájom č. 7 uzatvorená podľa § 663, 685 a násl. zák. č. 40/1964 Zb. Občianskeho zákonníka v platnom znení a v súlade s ust. § 12 zákona č. 443/2010 Z. z. o dotáciách na rozvoj bývania a o sociálnom bývaní medzi: Prenajímateľom: zastúpeným: Mesto Sládkovičovo Ing. Gáborom Krommerom, primátorom mesta (ďalej len „prenajímateľ“) a Nájomcom: Katarína Čermáková, nar. trvale bytom Fučíkova 405/208/3, 925 21 Sládkovičovo (ďalej len „nájomca“) I. Predmet a účel nájmu 1. Predmetom nájmu je byt č. 3, I. kategórie, nachádzajúci sa na prízemí domovej nehnuteľnosti v Sládkovičove na Fučíkovej ulici, bytový dom s. č. 405, orientačné č. 208, parc. č. 2946, celková plocha bytu 77,76 m2, zapísaný v katastri nehnuteľností OÚ Galanta, Katastrálny odbor, LV č. 1705, ktorého výlučným vlastníkom je prenajímateľ. 2. Predmetný byt pozostáva z 3 obytných miestností o ploche 46,79 m2 a kuchyne o ploche 9,90 m2 a príslušenstva bytu, a to predsiene o ploche 12,00 m2, kúpeľne o ploche 4,60 m2, WC o ploche 1,85 m2 a komory o ploche 2,62 m2. 3. Byt je vybavený sporákom a sanitárnym zariadením. Okrem týchto zariadení nie je",/Users/kazimir/Desktop/BP/zmluvy_cleaned_checked_strict_valid/11819051.txt
11819053,najom,najom,True,Nájomná zmluva č. 404/206/4 na opakovaný nájom č. 1,289/2025,"ZM 289/2025 Nájomná zmluva č. 404/206/4 na opakovaný nájom č. 1 uzatvorená v zmysle ust. § 685 a nasl. zák. č. 40/1964 Zb. Občianskeho zákonníka v platnom znení a podľa zákona č. 443/2010 Z. z. o dotáciách na rozvoj bývania a o sociálnom bývaní medzi: Prenajímateľom: zastúpeným: Ing. Gáborom Krommerom, primátorom mesta Mesto Sládkovičovo, IČO: 00306177 (ďalej len „prenajímateľ“) a Nájomcom: Erik Drozd, nar. trvale bytom Fučíkova 404/206/4, 925 21 Sládkovičovo (ďalej len „nájomca“) I. Predmet a účel nájmu 1. Predmetom nájmu je byt č. 4, I. kategórie, nachádzajúci sa na prízemí domovej nehnuteľnosti v Sládkovičove na Fučíkovej ulici, bytový dom s. č. 404, orientačné č.: 206, parc. č. 2945, celková plocha bytu 77,21 m2, zapísaný v katastri nehnuteľností Okresného úradu Galanta, Katastrálny odbor, na LV č. 1705, ktorého výlučným vlastníkom je prenajímateľ. 2. Predmetný byt je bezbariérový a pozostáva z 3 obytných miestností o ploche 45,94 m2 a kuchyne o ploche 9,90 m2 a príslušenstva bytu, a to predsiene o ploche 12,00 m2, kúpeľne s WC o ploche 6,75 m2 a komory o ploche 2,62 m2. Byt je vybavený kuchynskou linkou, šporákom a sanitárnym zariadením.",/Users/kazimir/Desktop/BP/zmluvy_cleaned_checked_strict_valid/11819053.txt
11819055,other,,True,ZMLUVA o zriadení spoločného obecného úradu,121/2025,"Z M L U VA o zriadení spoločného obecného úradu č. 121/2025 uzatvorená v zmysle § 20a Zákona č. 369/1990 Zb. o obecnom zriadení v znení neskorších predpisov (ďalej len „Zákon“) v nadväznosti na ust. § 15 ods. 2 zákona č. 25/2025 Z. z. stavebný zákon a o zmene a doplnení niektorých zákonov (ďalej len „Stavebný zákon“), uzatvorená medzi Účastníci zmluvy 1. Mesto Strážske Zastúpené: Patrikom Magdoškom, primátorom mesta Adresa: Námestie Alexandra Dubčeka 300/1, 072 22 Strážske IČO: 00325 813 IBAN: SK75 0200 0000 0000 3302 8552 2. Obec Pusté Čemerné Zastúpená: Ing. Jurajom Jevinom, starostom obce Adresa: Pusté Čemerné 4, 072 22 Strážske IČO: 00 325 694 3. Obec Voľa Zastúpená: Viliamom Basarom, starostom obce Adresa: Voľa 36, 072 21 Nacina Ves IČO: 00 325 970 4. Obec Nacina Ves Zastúpená: Antonom Šandorom, starostom obce Adresa: Nacina Ves 229, 072 21 Nacina Ves IČO: 00 325 511 5. Obec Petrovce nad Laborcom Zastúpená: Ing. Štefanom Rovňákom, starostom obce Adresa: Petrovce nad Laborcom 238, 071 01 Michalovce IČO: 00 325 619 6. Obec Staré Zastúpená: Ing. Michalom Bereznaninom, starostom obce Adresa: Staré 208, 072 23 Staré IČO: 00 325 805 1",/Users/kazimir/Desktop/BP/zmluvy_cleaned_checked_strict_valid/11819055.txt
11819057,other,,True,Delimitačný protokol CRZ č. 05366/2025-OS-0140184/25.00 o odovzdaní a prevzatí správy nehnuteľností vo vlastníctve štátu,CRZč.7499/2025/LSR,"Delimitačný protokol CRZ č. 05366/2025-OS-0140184/25.00 o odovzdaní a prevzatí správy nehnuteľností vo vlastníctve štátu podľa zákona č. 326/2005 Z.z. o lesoch v znení neskorších predpisov (ďalej len „Protokol“) Odovzdávajúci: Slovenská republika – Slovenský pozemkový fond Sídlo: Búdková 36, 817 15 Bratislava Štatutárny orgán: generálny riaditeľ a námestník generálneho riaditeľa podľa výpisu z obchodného registra IČO: 17 335 345 DIČ: 2021007021 Bankové spojenie: Štátna pokladnica Číslo účtu IBAN: SK35 8180 0000007000001638 zapísaný v Obchodnom registri Mestského súdu Bratislava III, oddiel: PO, vložka 35/B (ďalej len „odovzdávajúci“) a Preberajúci: Slovenská republika - LESY Slovenskej republiky, štátny podnik so sídlom: Námestie SNP 8, 97566, Banská Bystrica štatutárny orgán: Ing. Juraj Marko - riaditeľ IČO: 36038351 DIČ: 2020087982 (ďalej len „preberajúci“ a spolu s odovzdávajúcim „účastníci protokolu“) Čl. I Predmet a dôvod odovzdania správy nehnuteľného majetku štátu 1. Odovzdávajúci odovzdáva a preberajúci preberá podľa § 50 zákona č. 326/2005 Z.z. o lesoch v znení neskorších predpisov správu k nehnuteľnému majetku vo vlastníctve Slovenskej republiky: Okres: Po",/Users/kazimir/Desktop/BP/zmluvy_cleaned_checked_strict_valid/11819057.txt
11819064,dohoda_ine,dohoda,True,Dohoda o zverení motorového vozidla na služobné účely,1/2026-BB,"Dohoda uzatvorená podľa§ 51 zákona č. 40/1964 Zb. Občiansky zákonník v znení neskorších predpisov ( ďalej len ""Občiansky zákonník"") o zverení motorového vozidla na služobné účely ( ďalej len „Dohoda"") medzi: SLOVENSKÝ VODOHOSPODÁRSKY PODNIK, štátny podnik Karloveská 2, 841 04 Bratislava - mestská časť Karlova Ves IČO: 36 022 047 Zapísaný v Obchodnom registri Mestského súdu Bratislava III, Oddiel: Pš, Vložka č.: 427/B Konajúci prostredníctvom: RNDr. Marián Siekela, poverený výkonom funkcie riaditeľa Povodia Hrona, odštepného závodu ( ďalej len „ zamestnávateľ"", resp.,, SVP, š. p. "") a Titl., Meno a priezvisko: Peter Doboš Dátum narodenia: Trvalé bydlisko: ( ďalej len „zamestnanec"") 1. 1. 2. 3. Úvodné ustanovenie Zamestnávateľ a zamestnanec uzatvorili Pracovnú zmluvu SVI v znení jej prípadných zmien a doplnkov, na základe ktorej zamestnanec vykonáva pre zamestnávateľa prácu na pracovnej pozícii Majster kat. 2. zo dň� ČI. I. Predmet a účel Dohody Základné podmienky Predmetom Dohody je úprava práv a povinností medzi stranami Dohody vo vzťahu k aktuálne platným smerniciam Prevádzka a využívanie motorových vozidiel kategórií L, M 1, M2, M3,",/Users/kazimir/Desktop/BP/zmluvy_cleaned_checked_strict_valid/11819064.txt
11819066,other,,True,Zmluva o postúpení práv a povinností,77/Z/2025/1,"Zmluva o postúpení práv a povinností č.77/Z/2025/1 uzatvorená podľa zákona č. 116/1990 Zb. o nájme a podnájme nebytových priestorov v znení neskorších predpisov Článok I Zmluvné strany Kamila Zarrella 1.1. Postupca: Právna forma: živnosť Miesto podnikania: Lachova 1599/2, 851 03 Bratislava IČO: Nie je platca DPH (ďalej len „postupca“) 48091928 1.2 Postupník: Právna forma: Sídlo: Konajúc: IČO: DIČ: Nie je platca DPH (ďalej len „postupník“) Tancuj Vykrúcaj s. r. o. spoločnosť s ručením obmedzeným Lachova 1599/2 851 03 Bratislava Kamila Zarella 57329753 2122670803 1.3 Nájomca CULTUS Ružinov s.r.o. sídlo: Ružinovská 28, 821 03 Bratislava - mestská časť Ružinov konajúc: Ing. Richard Bednár, PhD., MBA – konateľ Mgr. et Mgr. Marek Machata – konateľ IČO: 35 874 686 DIČ: 2021773941 Bankové spojenie: Tatra banka, a. s. BIC: TATRSKBX IBAN: SK32 1100 0000 0026 2670 5802 Registrácia: v Obchodnom registri Mestského súdu Bratislava III, oddiel: Sro, vložka č. 185978/B (ďalej len „nájomca“ a spolu s postupcom aj ako „zmluvné strany“) Preambula Nájomca a Postupca uzatvorili dňa 20.12.2024 Zmluvu o podnájme nebytových priestorov č.",/Users/kazimir/Desktop/BP/zmluvy_cleaned_checked_strict_valid/11819066.txt
11819071,dodatok,dodatok|dodatku,True,Dodatok č. 2 k Zmluve k nehnuteľnosti zo dňa  09.08.2017,Dodatok č. 2 k Zmluve zo dňa  09.08.2017,"Prenajímateľ: Nájomca: Dodatok č. 2 k Zmluve o nájme nehnuteľnosti zo dňa 09.08.2017 medzi Obec Marcelová IČO: 00 306 550 DIČ: 2021046687 sídlo: Námestie Slobody 1199, 946 32 Marcelová za subjekt koná: Ervin Varga – starosta obce (ďalej aj ako „Prenajímateľ“) Paulis Tibor - SHR IČO: 14 072 661 DIČ: 2020370186 miesto podnikania: Podzáhradná 1288/15, 946 32 Marcelová subjekt zapísaný v Živnostenskom registri Okresného úradu Komárno pod č.: 14072661 (ďalej aj ako „Nájomca“, spoločne ďalej aj ako „Zmluvné strany“) Úvodné ustanovenie Zmluvné strany uzatvorili dňa 09.08.2017 Zmluvu o nájme nehnuteľnosti v znení jej dodatku č. 1 zo dňa 18.07.2022 (ďalej ako „Nájomná zmluva v znení dodatku č.1“). Nájomca doručil Prenajímateľovi dňa 02.01.2026 Žiadosť o zmenu údajov u nájomcu v Nájomnej zmluve v znení dodatku č. 1 Zmluvné strany na základe žiadosti Nájomcu, ktorá je uvedená v predchádzajúcej vete uzatvárajú tento Dodatok č. 2 k Nájomnej zmluve. Zmluvné strany sa dohodli na zmene nájomcu, ktorý je uvedený v Nájomnej zmluve v znení dodatku č. 1 a to tak, že počnúc nadobudnutím účinnosti je nájomcom: Čl. I. Tibor Paulis Trvale bytom: Nar.: r.č.",/Users/kazimir/Desktop/BP/zmluvy_cleaned_checked_strict_valid/11819071.txt
11819075,kupa_predaj,kupna zmluva,True,Kúpna zmluva,02/01/2026,"Obec Bystrany č. 121, 053 62 Bystrany, IČO: 00328995 Kúpna zmluva uzatvorená podľa ustanovení § 409 a nasl. zákona č. 513/1991 Zb. v platnom znení ( ďalej len „Obchodný zákonník“ ) medzi zmluvnými stranami: Námestie slobody 28, 053 42 Krompachy JM - Green s.r.o. 44603991 Jaroslav Matúš Predávajúci: Obchodné meno: Sídlo: IČO: v zastúpení: a Kupujúci: obec: sídlo: IČO: v zastúpení: (ďalej len „kupujúci“) (ďalej spolu len „zmluvné strany“) Bystrany Bystrany č. 121, 053 62 Bystrany 00328995 Gejza Kandráč, starosta Čl. I Predmet zmluvy Predmetom tejto Kúpnej zmluvy (ďalej tiež ako „Zmluva“) je záväzok predávajúceho dodať kupujúcemu desiatové balíčky a previesť na kupujúceho vlastnícke právo k nim, a záväzok kupujúceho zaplatiť kúpnu cenu za dodaný tovar. Čl. II Predmet kúpy, dodacie podmienky 1) Predmetom kúpy sú desiatové balíčky podľa ponukového listu, s ktorým sa kupujúci oboznámil a akceptoval ho (ďalej tiež „tovar“). 2) Predávajúci touto zmluvou vyjadruje vôľu previesť na kupujúceho vlastnícke právo k predmetu kúpy, a to za kúpnu cenu stanovenú v článku III bod 1) Zmluvy a kupujúci podpisom tejto Zmluvy vyjadruje vôľu nadobudnúť od",/Users/kazimir/Desktop/BP/zmluvy_cleaned_checked_strict_valid/11819075.txt
11819081,najom,najom,True,Nájomná zmluva a zmluva o budúcej zmluve o zriadení vecného bremena,NZ/30168/2025/Bánov,"Nájomná zmluva a zmluva o budúcej zmluve o zriadení vecného bremena č. NZ/30168/2025/Bánov uzatvorená podľa § 663 v spojení s § 50a zákona č. 40/1964 Zb. Občianskeho zákonníka v znení neskorších predpisov @@@NZ/31-0179-2022/GP40 - 10### Prenajímateľ: Meno a priezvisko: Rodné priezvisko: Dátum narodenia: Trvale bytom: Peter Pokorný (ďalej len ako „prenajímateľ“ / „budúci povinný z vecného bremena“ v príslušnom gramatickom tvare) a Nájomca: Obchodné meno: Sídlo: Štatutárny orgán: IČO: DIČ: IČ DPH: Zapísaná: Obchodný register Mestského súdu Bratislava III, odd.: Sro, vložka č.: MH Invest, s.r.o. Mlynské Nivy 44/A, 821 09 Bratislava Ing. Michal Bohunčák, konateľ 36 724 530 2022302931 SK2022302931 Bankové spojenie: Tatra banka, a.s. IBAN: SK18 1100 0000 0026 2976 3039 44056/B (ďalej len ako „nájomca“ / „budúci oprávnený z vecného bremena“ v príslušnom gramatickom tvare) (ďalej spolu aj ako „zmluvné strany“) prehlasujú, že sú plne spôsobilí k právnym úkonom a uzatvárajú v súlade s ust. § 663 a nasl. v spojení s ust. § 50a zákona č. 40/1964 Zb. – Občianskeho zákonníka v znení neskorších zmien a doplnkov, túto Nájomnú zmluvu a zmluvu o b",/Users/kazimir/Desktop/BP/zmluvy_cleaned_checked_strict_valid/11819081.txt
11819084,dodatok,dodatok|dodatku,True,Dodatok č. 14 k Zmluve o dodávke a odbere tepla č. 017/2012/PTZ,Dodatok č. 14 k Zmluve o dodávke a odbere tepla č. 017/2012/PTZ,"f 4 \. Dodatok d. 14 k Zmluve o dodfvke a odbere tepla d. 0l7 lzII2lPTZ uzavretei v srtlade s g 19 ods. 2 zdk. i. 657/2004 t;J;ir,r*elnei energetike v znenf neskoriich predpisov Doddvatel': sidlo: rio: IE DPH DIi: Bankovd UCED Energia S.r.o. Robotnicka 21 60, 0 17 01 PovaZsk6 Bystrica 360 1 2424: SK2020441027 2020441027 spojenie: UniCredit Bank d. ridtu: 662617900311111 IBAN: SK40 1111 0000 0066 2617 9003, SWIFT: LTNCRSKBX Povolenie d. 2006 T 0179- 20. zmena zapisany v Obchodnom registri Okresneho sirdu v Trendine Oddiel: S.r.o. vloZka (,. 35441P. konajrica prostrednictvom Ing. Juraja J6noiika, bytom Nov6kova 55214,036 01 Martin na ztrklade poverenia Odberatel': sidlo: zastupeny: ICO: re opH: DIC: Bankovd spojenie Zirkladnf Skola Slovansk6 141517. 017 07 PovaZsk6 Bystrica Mgr. Vladimfr Sebei, riaditel' Skoly 35995955 2020970457:Prima banka Slovensko a.s., PovaZsk6 Bystrica c. udtu: 2820786001 15600 IBAN:SKIO 5600 OOOO OO28 2078 6001 SWIFT:KOMASK2X I. Predmet dodatku 1. Predmetom Dodatku (,. 14 k Zmluve o dod6vke a odbere tepla.d. 017l2012lPTZ je zmena a aktualiz6cia priloh t. 1 aL 2 na rok 2026 v zmysle Vyhl65ky URSO d. 31212022 Z. z. zo dia 8. septembra2022, ktorou s",/Users/kazimir/Desktop/BP/zmluvy_cleaned_checked_strict_valid/11819084.txt
11819090,najom,najom,True,Nájomná zmluva KD,KD02012026,"N Á J O M N Á ZMLUVA v zmysle zákona č. 116/1990 Zb. v znení neskorších predpisov uzatvorená v nižšie uvedený deň medzi nasledovnými zmluvnými stranami: (ďalej len „Zmluva“) 1. 2. Obec Jasenov so sídlom: zastúpená: IBAN: (ďalej v Zmluve len ""prenajímateľ"") na jednej strane Jasenov 337, 066 01 Humenné Ing. Lucia Sukeľová SK80 0200 0000 0000 2132 1532 a Meno priezvisko: Jana Popeľaková dátum narodenia: bydlisko: (ďalej v Zmluve len ""nájomca"") na strane druhej Čl. I PREDMET NÁJMU 1. Prenajímateľ prenajíma nájomcovi a nájomca berie do nájmu od prenajímateľa nebytový priestor – spoločenská sála kultúrneho domu, nachádzajúcu sa na 1. podlaží stavby súp. č. 337, stojacej na parcele č. 15/3, k. ú. Jasenov, okr. Humenné zapísanej na LV č. 3579, t. j. v budove Kultúrneho domu, Jasenov 337, a to za účelom vykonávania spoločenského podujatia tejto miestnosti (ďalej len „predmet nájmu“), pričom nájomca je oprávnený zároveň využívať sociálne zariadenia a kuchyňu v predmetnej budove. 2. Nájomca je oprávnený užívať predmet nájmu iba na dohodnutý účel. Zmeny účelu užívania sú prípustné len s predchádzajúcim písomným súhlasom prenajímateľa. 3. Prenajímateľ",/Users/kazimir/Desktop/BP/zmluvy_cleaned_checked_strict_valid/11819090.txt
11819094,spolupraca,spoluprac,True,ZMLUVA O SPOLUPRÁCI,UPJS - 919/2025,"ZMLUVA O SPOLUPRÁCI uzatvorená podľa § 269 ods. 2 zák. č. 513/1991 Z. z. Obchodný zákonník v znení neskorších predpisov (ďalej len „Obchodný zákonník“) 1. Univerzita Pavla Jozefa Šafárika v Košiciach Článok 1 Zmluvné strany Sídlo: Štatutárny orgán: Zastúpenie: IČO: Kontaktná osoba: Email: (ďalej aj „UPJŠ“) Šrobárova 2, 041 80 Košice prof. MUDr. Daniel Pella, PhD., rektor doc. RNDr. Dušan Šveda, CSc., riaditeľ Centra celoživotného vzdelávania a podpory projektov (CCVaPP) UPJŠ, na základe plnej moci rektora UPJŠ zo dňa 06.11.2023 00 397 768 doc. RNDr. JUDr. Pavol Sokol, PhD. et PhD. 2. Stredná odborná škola podnikania a služieb, Komenského 16, Lipany Sídlo: Štatutárny orgán: IČO: Kontaktná osoba E-mail: (ďalej aj „Škola“)............... UPJŠ a Škola označovaní ďalej spoločne aj ako „Zmluvné strany“ alebo samostatne ako „Zmluvná strana“ uzatvárajú túto zmluvu o spolupráci (ďalej len „Zmluva“), za nasledovných podmienok: Článok 2 Predmet a účel Zmluvy 1. Predmetom tejto Zmluvy je realizácia vzájomne výhodnej spolupráce Zmluvných strán v oblastiach ich spoločného záujmu, ktorej cieľom je výmena poznatkov pri vykonávaní aktivít definovaných v",/Users/kazimir/Desktop/BP/zmluvy_cleaned_checked_strict_valid/11819094.txt
11819099,hrobove_miesto,hrobove miesto|hroboveho miesta|hrobov,True,Zmluva o nájme hrobového miesta,8478/2025,"Zmluva o nájme hrobového miesta č.: 8478/2025 variabilný symbol: 1608024137 uzavretá podľa § 21 a nasl. zákona č. 131/2010 Z. z. o pohrebníctve medzi: Prevádzkovateľ pohrebiska: Technické služby mesta Prievidza s.r.o. Mariánska 17, 971 01 Prievidza So sídlom: Zastúpený konateľom spoločnosti:Ing. Marián Bielický IČO: IČ DPH: Bankové spojenie: Číslo účtu: Registrácia: 31 579 183 SK2020467350 VÚB a.s., pobočka Prievidza OR OS Trenčín, Oddiel: Sro, Vložka č.: 2223/R a Nájomcom: Meno a priezvisko: Marcel Matiaško Narodený: ___________________________________________ Trvalé bydlisko: _______________________________________ _____________________________________________________________________ Číslo OP: ________________________ Telefón: __________________________ E-mail: ___________________________ I. Úvodné ustanovenie 1.1. Prevádzkovateľ pohrebiska je správcom pohrebísk (cintorínov) na území mesta Prievidza, ktorú činnosť vykonáva na základe Komisionárskej zmluvy uzatvorenej s mestom Prievidza a na základe Úplného znenia zmluvy o nájme hnuteľného a nehnuteľného majetku č. 22/20 uzatvoreného s mestom Prievidza. II. Predmet zmluvy 2.1. Pre",/Users/kazimir/Desktop/BP/zmluvy_cleaned_checked_strict_valid/11819099.txt
11819102,dohoda_ine,dohoda,True,Dohoda o zverení motorového vozidla na služobné účely,1565/2025-PR,"Dohoda uzatvorená podľa § 51 zákona č. 40/1964 Zb. Občiansky zákonník v znení neskorších predpisov (ďalej len ""Občiansky zákonník"") o zverení motorového vozidla na služobné účely ( ďalej len „Dohoda"") medzi: SLOVENSKÝ VODOHOSPODÁRSKY PODNIK, štátny podnik Karloveská 2, 841 04 Bratislava - mestská časť Karlova Ves IČO: 36 022 047 Zapísaný v Obchodnom registri Mestského súdu Bratislava III, Oddiel: Pš, Vložka č.: 427/B Konajúci prostredníctvom: Ing. Jozef Moravčík, generálny riaditeľ ( ďalej len „ zamestnávateľ"", resp.,, SVP, š. p. "") a Titl., Meno a priezvisko: In Dátum narodenia: Trvalé bydlisko: (ďalej len „zamestnanec"") Úvodné ustanovenie 1. v znem JeJ Zamestnávateľ a zamestnanec uzatvorili Pracovnú zmluvu SVP prípadných zmien a doplnkov, na základe ktorej zamestnanec vykonáva pre zamestnávateľa prácu na pracovnej pozícii Vedúci odboru. Čl. I. Predmet a účel Dohody Základné podmienky 1. 2. 3. Predmetom Dohody je úprava práv a povinností medzi stranami Dohody vo vzťahu k aktuálne platným smerniciam Prevádzka a využívanie motorových vozidiel kategórií L, Ml, M2, M3, MlG, Nl, NlG a N2 využívaných na prepravu osôb a Prevádzka a využívanie",/Users/kazimir/Desktop/BP/zmluvy_cleaned_checked_strict_valid/11819102.txt
11819105,hrobove_miesto,hrobove miesto|hroboveho miesta|hrobov,True,Zmluva o nájme hrobového miesta,1015/2015,"Zmluva o nájme hrobového miesta č.: 1015/2015 variabilný symbol: 1605010139 uzavretá podľa § 21 a nasl. zákona č. 131/2010 Z. z. o pohrebníctve medzi: Prevádzkovateľ pohrebiska: Technické služby mesta Prievidza s.r.o. Mariánska 17, 971 01 Prievidza So sídlom: Zastúpený konateľom spoločnosti:Ing. Marián Bielický IČO: IČ DPH: Bankové spojenie: Číslo účtu: Registrácia: 31 579 183 SK2020467350 VÚB a.s., pobočka Prievidza OR OS Trenčín, Oddiel: Sro, Vložka č.: 2223/R a Nájomcom: Meno a priezvisko: Jozef Obžera Narodený: ___________________________________________ Trvalé bydlisko: _______________________________________ _____________________________________________________________________ Číslo OP: ________________________ Telefón: __________________________ E-mail: ___________________________ I. Úvodné ustanovenie 1.1. Prevádzkovateľ pohrebiska je správcom pohrebísk (cintorínov) na území mesta Prievidza, ktorú činnosť vykonáva na základe Komisionárskej zmluvy uzatvorenej s mestom Prievidza a na základe Úplného znenia zmluvy o nájme hnuteľného a nehnuteľného majetku č. 22/20 uzatvoreného s mestom Prievidza. II. Predmet zmluvy 2.1. Predme",/Users/kazimir/Desktop/BP/zmluvy_cleaned_checked_strict_valid/11819105.txt
11819112,sluzby,sluzb|sluzieb|kurz,True,"Čiastková zmluva Rámcovej zmluvy o poskytovaní služieb „Odborné prehliadky, odborné skúšky technických zariadení” č. 2025/026",2025/026,"Číslo z Registra zmlúv EASR PSK: 2025/026 Čiastková zmluva Rámcovej zmluvy o poskytovaní služieb „Odborné prehliadky, odborné skúšky technických zariadení” č. 2025/026 uzavretá podľa § 269 a nasledovných ustanovení č. 513/1991 Zb. Obchodný zákonník v znení neskorších predpisov (ďalej len „Zmluva“) medzi zmluvnými stranami Odberateľ: Názov: Zariadenie sociálnych služieb Egídius Sídlo organizácie: Ťačevská 1644/38, 085 01 Bardejov Štatutárny orgán: Mgr. Oľga Hviščová, riaditeľka IČO: DIČ: 50595318 2120399369 Bankové spojenie: XXXX IBAN, SWIFT: SKXX XXXX XXXX XXXX XXXX XXXX (ďalej aj ako „Odberateľ“) a Poskytovateľ: Názov: Sídlo organizácie: Levočská 6114/1, 080 01 Prešov Energetická Agentúra Smart Regiónu PSK Štatutárny orgán: IČO: Ing. Martin Lukáč, riaditeľ 51295130 DIČ: Bankové spojenie: Štátna pokladnica 2120670827 IBAN: e-mail: sekretariat@smartp.sk SK35 8180 0000 0070 0059 2271 (ďalej aj ako „EASR PSK“ alebo „Poskytovateľ“) (spolu ako „Zmluvné strany“) Preambula 1. Prešovský samosprávny kraj má záujem o zabezpečenie centrálneho vykonávania odborných prehliadok a odborných skúšok technických zariadení v rámci vlastných",/Users/kazimir/Desktop/BP/zmluvy_cleaned_checked_strict_valid/11819112.txt
11819115,dodatok,dodatok|dodatku,True,Dodatok č. 2 k ZoS MAGBO1900066 v znení Dodatku č. 1 č. MAGBO2100079 pri realizácii úpravy komunikácií Žižkova ulica a Nábrežie arm. gen. Ludvíka Svobodu v katastrálnom území Staré Mesto,MAGBO2400122,"Dodatok č. 2 č. MAGBO2400122 k Zmluveo spolupráci č. MAGBO1900066, v znení Dodatku č. 1 č. MAGBO2100079.. 2 pri realizácii úpravy komunikácií Žižkova ulica a Nábrežie arm. gen. Ludvíka Svobodu v katastrálnom území Staré Mesto uzatvorený podľa 8 269 ods. 2 zákona č. 513/1991 Zb. Obchodný zákonník v znení neskorších predpisov (ďalej len „Dodatok č. 2“) medzi zmluvnými stranami: Primaciálne nám. 1, 814 99 Bratislava Ing. arch. Matúš Vallo, primátor 00 603 481 2020372596 Hlavné mesto Slovenskej republiky Bratislava sídlo: zastúpenie: IČO: DIČ: IČ DPH: (ďalej len „Hlavné mesto“) a Vydrica Development V1+V2, s.r.o. sídlo: zastúpenie: SK2020372596 Legionárska 10, Bratislava — mestská časť Staré Mesto 811 07 Ing. Zoltán Múller, konateľA Ing. Dušan Peško, konateľB 52 215 296 2120939689 SK2120939689 v Obchodnom registri Mestského súdu Bratislava III, 135288/B Tatra banka, a. s. SK60 1100 0000 0029 4711 8705 IČO: DIČ: IČ DPH: zápis: bankové spojenie: číslo účtu (IBAN): (ďalej len „Investor“) oddiel: Sro, vložka číslo: (Hlavné mesto a Investor spolu ďalej len „Zmluvné strany“ a jednotlivo „Zmluvná strana“) Článok |. „Predmet a účel Dodatku“ 1. 2. Hlavné mesto alnvestor uzatvo",/Users/kazimir/Desktop/BP/zmluvy_cleaned_checked_strict_valid/11819115.txt
11819128,ramcova,ramcova,True,Zmluva_ramcova_dodavka_mlieko a mliecne vyrobky_Tatranska mliekaren_as_Kezmarok,Z-37/2026-4,"RÁMCOVÁ ZMLUVA uzatvorená podľa ust. § 409 a nasl. zákona č. 513/1991 Zb. Obchodného zákonníka (ďalej len „Obchodný zákonník“) I. Zmluvné strany ODBERATEĽ: ODBORNÝ LIEČEBNÝ ÚSTAV PSYCHIATRICKÝ n. o. Predná Hora, 049 02 Muráň2 Mgr. PhDr. Vladimír Stanislav, PhD., MPH, riaditeľ V zastúpení: Bankové spojenie: VÚB Revúca Číslo účtu: IČO: IČO DPH: DIČ: IBAN: BIC: Zápis: 55237-582/0200 37954920 SK2022037215 2022037215 SK80 0200 0000 0000 5523 7582 SUBASKBX Register mimovládnych NO, vedený Okresným úradom Banská Bystrica, registračné číslo: 39/2005 Prijatie elektronických faktúr: faktury@olup-prednahora.sk (ďalej len odberateľ) DODÁVATEĽ: Tatranská mliekareň a.s. Nad traťou 26, 060 01 Kežmarok Ing. Ľubomír Valčuha, PhDr. Ján Husák – členovia predstavenstva 31 654 363 SK2020515596 V zastúpení: IČO: IČ DPH: Bankové spojenie: VÚB Poprad Číslo účtu: IBAN: Mailová adresa na príjem objednávok: objednavky@tami.sk Zápis: (ďalej len dodávateľ) SK 03 0200 0000 0000 1500 3562 OR Okresný súd Prešov, vložka číslo 108/P II. Podklady pre uzatvorenie zmluvy 1. Zmluva je uzatvorená v súlade s výsledkom súťaže, ktorú zorganizoval odberateľ a v zmy",/Users/kazimir/Desktop/BP/zmluvy_cleaned_checked_strict_valid/11819128.txt
11819136,dohoda_ine,dohoda,True,Dohoda o zriadení vecného bremena na nehnuteľnosti,840,"Dohoda o zriadení vecného bremena na nehnuteľnosti uzatvorená v súlade s ustanoveniami Občianskeho zákonníka medzi: Oprávnený z vecného bremena: Milan Hruška, rod. Hruška, nar., rod. č., trvale bytom, 971 01 Prievidza, SR ďalej ako „oprávnený z vecného bremena“ a povinný z vecného bremena: Obec Kľačno, so sídlom Kľačno 326, 972 15, SR, IČO: 00318183 zastúpená starostom obce Jozefom Ďurišom ďalej ako „povinný z vecného bremena“ Účastníci po vyhlásení, že sú spôsobilí na právne úkony, uzatvárajú túto dohodu o zriadení vecného bremena na inžiniersku sieť – kanalizačnú prípojku Článok I. Vymedzenie vlastníctva Povinný z vecného bremena – Obec Kľačno je výlučným vlastníkom nehnuteľností – pozemkov zapísaných na LV č. 1, k.ú. obce Kľačno vedených na Okresnom úrade v Prievidzi, katastrálny odbor ako: - parc. KN-E č. 869/1 – záhrada o výmere 1729 m2, v podiele 1/1 k celku, - parc. KN-C č. 829/9 – ostatná plocha o výmere 237 m2, v podiele 1/1 k celku, - parc. KN-E č. 902 – ostatná plocha o výmere 773 m2, v podiele 1/1 k celku. Článok II. Predmet zmluvy Zmluvné strany sa dohodli na zriadení vecného bremena „in rem“ spočívajúce v umiestnení a údržbe kanal",/Users/kazimir/Desktop/BP/zmluvy_cleaned_checked_strict_valid/11819136.txt
11819144,najom,najom,True,Zmluva o nájme telocvične,3/2026,"ZMLUVA O NÁJME Obec Veľká Lehota Obecný úrad 52, 966 41 Veľká Lehota IČO: 00321061 DIČ: 2021111499 zastúpená: Jozefom Mihálom, starostom obce /ďalej len „prenajímateľ“/ Zmluvné strany: 1/ Prenajímateľ: a 2/ Nájomca (meno, priezvisko/názov, Peter Víglaský Adresa/sídlo, Veľká Lehota 293 r.č./IČO) 966 41 Veľká Lehota /ďalej len „nájomca“/ uzatvorili podľa zák. č. 116/1990Zb. v platnom znení túto zmluvu o nájme Čl. I. PREDMET NÁJMU Prenajímateľ prenajíma nájomcovi predmet nájmu, ktorým sú: Priestory a zariadenie Telocvične vo Veľkej Lehote, s.č. 677 Predmet nájmu je vo vlastníctve prenajímateľa a odovzdáva ho nájomcovi v stave spôsobilom na zmluvné užívanie v súlade s účelom nájmu. 1. Predmet nájmu uvedený v čl. I. bude nájomca využívať iba za účelom: Čl. II. ÚČEL NÁJMU Športové aktivity Čl. III. DOBA NÁJMU 1. Nájom je dohodnutý na dobu určitú, a to od 03.01.2026 do 31.12.2026 avšak len ako krátkodobý prenájom na vyhradenú dobu: jednorazovo / nepravidelne podľa požiadavky *Nehodiace sa prečiarknuť Čl. IV – NÁJOMNÉ Nájomné za predmet nájmu uvedený v čl. I je 10,- €/hodinu v súlade s platným schváleným cenníkom v súlade s uzne",/Users/kazimir/Desktop/BP/zmluvy_cleaned_checked_strict_valid/11819144.txt
11819146,najom,najom,True,Zmluva o nájme telocvične,4/2026,"ZMLUVA O NÁJME Obec Veľká Lehota Obecný úrad 52, 966 41 Veľká Lehota IČO: 00321061 DIČ: 2021111499 zastúpená: Jozefom Mihálom, starostom obce /ďalej len „prenajímateľ“/ Zmluvné strany: 1/ Prenajímateľ: a 2/ Nájomca (meno, priezvisko/názov, Katarína Mániková Adresa/sídlo, Veľká Lehota 195 r.č./IČO) 966 41 Veľká Lehota /ďalej len „nájomca“/ uzatvorili podľa zák. č. 116/1990Zb. v platnom znení túto zmluvu o nájme Čl. I. PREDMET NÁJMU Prenajímateľ prenajíma nájomcovi predmet nájmu, ktorým sú: Priestory a zariadenie Telocvične vo Veľkej Lehote, s.č. 677 Predmet nájmu je vo vlastníctve prenajímateľa a odovzdáva ho nájomcovi v stave spôsobilom na zmluvné užívanie v súlade s účelom nájmu. 1. Predmet nájmu uvedený v čl. I. bude nájomca využívať iba za účelom: Čl. II. ÚČEL NÁJMU Športové aktivity Čl. III. DOBA NÁJMU 1. Nájom je dohodnutý na dobu určitú, a to od 03.01.2026 do 31.12.2026 avšak len ako krátkodobý prenájom na vyhradenú dobu: jednorazovo / nepravidelne podľa požiadavky *Nehodiace sa prečiarknuť Čl. IV – NÁJOMNÉ Nájomné za predmet nájmu uvedený v čl. I je 10,- €/hodinu v súlade s platným schváleným cenníkom v súlade s uzn",/Users/kazimir/Desktop/BP/zmluvy_cleaned_checked_strict_valid/11819146.txt
11819148,sluzby,sluzb|sluzieb|kurz,True,"Čiastková zmluva Rámcovej zmluvy o poskytovaní služieb „Odborné prehliadky, odborné skúšky technických zariadení” č. 2025/033",2025/033,"Číslo z Registra zmlúv EASR PSK: 2025/033 Čiastková zmluva Rámcovej zmluvy o poskytovaní služieb „Odborné prehliadky, odborné skúšky technických zariadení” č. 2025/033 uzavretá podľa § 269 a nasledovných ustanovení č. 513/1991 Zb. Obchodný zákonník v znení neskorších predpisov (ďalej len „Zmluva“) medzi zmluvnými stranami Odberateľ: Názov: Centrum sociálnych služieb Dúhový sen Sídlo organizácie: Kalinov 64, 068 01 Kalinov Štatutárny orgán: Mgr. Ivana Kosťová, riaditeľka IČO: DIČ: 00695459 2021213733 Bankové spojenie: XXXX IBAN, SWIFT: SKXX XXXX XXXX XXXX XXXX XXXX (ďalej aj ako „Odberateľ“) a Poskytovateľ: Názov: Sídlo organizácie: Levočská 6114/1, 080 01 Prešov Energetická Agentúra Smart Regiónu PSK Štatutárny orgán: IČO: Ing. Martin Lukáč, riaditeľ 51295130 DIČ: Bankové spojenie: Štátna pokladnica 2120670827 IBAN: e-mail: sekretariat@smartp.sk SK35 8180 0000 0070 0059 2271 (ďalej aj ako „EASR PSK“ alebo „Poskytovateľ“) (spolu ako „Zmluvné strany“) Preambula 1. Prešovský samosprávny kraj má záujem o zabezpečenie centrálneho vykonávania odborných prehliadok a odborných skúšok technických zariadení v rámci vlastných orga",/Users/kazimir/Desktop/BP/zmluvy_cleaned_checked_strict_valid/11819148.txt
11819150,prispevok,prispevok|prispevku|prispevkom|financnych prostriedk,True,"Dohoda č.25/37/054/2592 o zabezpečení podmienok vykonávania aktivačnej činnosti formou menších obecných služieb pre obec a o poskytnutí príspevku na aktivačnú činnosť formou menších obecných služieb obci /""Podpora udržiavania pracovných návykov - PUPN 4""/",25 37 054 2592,"Spis: Číslo záznamu: DOHODA Číslo: 25/37/054/2592 o zabezpečení podmienok vykonávania aktivačnej činnosti formou menších obecných služieb pre obec a o poskytnutí príspevku na aktivačnú činnosť formou menších obecných služieb obci uzatvorená podľa § 54 ods. 1 písm. c) zákona č. 5/2004 Z. z. o službách zamestnanosti a o zmene a doplnení niektorých zákonov v znení neskorších predpisov v rámci projektu „Podpora udržania pracovných návykov – PUPN 4“ (ďalej len „dohoda“) medzi účastníkmi dohody: Úrad práce, sociálnych vecí a rodiny Prešov Sídlo: Slovenská 87, 080 28 Prešov Zastúpený riaditeľom: Mgr. Slavomíra Figurová, MBA IČO: 30794536 DIČ: 2021777780 IBAN: SK75 8180 0000 0070 0053 3642 - Štátna pokladnica (ďalej len „úrad“) a Obec: Obec Ruská Nová Ves Sídlo: Ruská Nová Ves 168, 080 05 Ruská Nová Ves Zastúpená štatutárnym zástupcom: Tibor Kollár IČO: 00327727 DIČ: 2021225701 IBAN: X SK NACE Rev. 2 (kód/názov): 84110 - Všeobecná verejná správa (ďalej len „obec“) IBAN účtu, na ktorý budú poukazované platby zo strany úradu. Ak uvedený IBAN nie je totožný s IBAN účtu, z ktorého/ých bude obec/kraj uskutočňovať bankové prevody na úhradu uplatňovaných op",/Users/kazimir/Desktop/BP/zmluvy_cleaned_checked_strict_valid/11819150.txt
11819156,najom,,False,Zmluva o dlhodobom ubytovaní,55111106,"Zmluva o dlhodobom ubytovaní č. 55111106 uzatvorená v zmysle § 754 a nasl. Občianskeho zákonníka I. Zmluvné strany Ubytovateľ: Sídlo: v zastúpení: Osoba oprávnená na podpis zmluvy: IČO: DIČ: Bankové spojenie: Číslo účtu - IBAN: Variabilný symbol: Technická univerzita v Košiciach, Študentské domovy a jedálne Němcovej 1, 040 01 Košice Ing. Marek Dufala, PhD. riaditeľ Ing. Eva Dzurovčinová, vedúca ŠD 00397610 2020486710 Štátna pokladnica SK64 8180 0000 0070 0007 8037 55111106 Ubytovaný / objednávateľ: Dagmar Pasterňaková a II. Predmet zmluvy Predmetom tejto zmluvy je zo strany ubytovateľa poskytnúť ubytovanému dlhodobé ubytovanie v ubytovni pre študentov - Študentský domov na ul. Nemcovej 1 v Košiciach, a povinnosť ubytovaného platiť za ubytovanie a služby s ním spojené. III. Platby 1. Ubytovateľ a ubytovaný sa dohodli, že ubytovaný bude platiť za ubytovanie a služby s ním spojené sumu stanovenú podľa aktuálneho ""Cenníka ubytovania pre verejnosť"". 2. Na základe aktuálne platného všeobecne záväzného nariadenia mesta Košice je ubytovaný povinný platiť miestnu daň za ubytovanie. 3. Zmluvné strany sa dohodli, že v prípade zmeny cenníka, bude ubytovanému upravený poplatok",/Users/kazimir/Desktop/BP/zmluvy_cleaned_checked_strict_valid/11819156.txt
11819167,najom,najom,True,Nájomná zmluva,2025/181,"Nájomná zmluva uzavretá medzi týmito zmluvnými stranami: Prenajímateľ: Knišová Júlia r. Kašprišinová, trvale bytom: nar. číslo: rod. číslo: štátny občan a Nájomca: Obec Raslavice so sídlom: Hlavná 154/30, 086 41 Raslavice IČO: 00 322 521 v jej mene konajúci: Ing. Adrián Rychvalský, starosta Článok 1 Úvodné ustanovenia Prenajímateľ je spoluvlastníkom pozemku: - parc. č. E-KN 96/107 – druh pozemku: orná pôda o výmere 2187 m2 vo veľkosti podielu 40/756, zapísaného v LV č. 1289 pod B11 pre obec Raslavice., kat. ú. Nižné Raslavice, okres Bardejov, na ktorom sa nachádza infraštruktúrne vybavenie (lavičky) prírodného amfiteátra vo vlastníctve obce Raslavice; Článok 2 Predmet zmluvy (1) Prenajímateľ touto zmluvou prenecháva nájomcovi do užívania nehnuteľnosť uvedenú v článku 1 tejto zmluvy (ďalej aj len ako „predmet nájmu“). (2) Nájomca bude predmet nájmu užívať na účel organizovania kultúrno-spoločenských, športových alebo iných verejných podujatí a realizácie projektového zámeru revitalizácie predmetu nájmu na verejné priestory – zónu slúžiacu na kultúrno-spoločenské, športové alebo iné verejnoprospešné účely, a to všetko v súlade s § 4 ods. 3 písm.",/Users/kazimir/Desktop/BP/zmluvy_cleaned_checked_strict_valid/11819167.txt
11819179,hrobove_miesto,hrobove miesto|hroboveho miesta|hrobov,True,Zmluva o nájme hrobového miesta,1133/2015,"Zmluva o nájme hrobového miesta č.: 1133/2015 variabilný symbol: 1602002228 uzavretá podľa § 21 a nasl. zákona č. 131/2010 Z. z. o pohrebníctve medzi: Prevádzkovateľ pohrebiska: Technické služby mesta Prievidza s.r.o. Mariánska 17, 971 01 Prievidza So sídlom: Zastúpený konateľom spoločnosti:Ing. Marián Bielický IČO: IČ DPH: Bankové spojenie: Číslo účtu: Registrácia: 31 579 183 SK2020467350 VÚB a.s., pobočka Prievidza OR OS Trenčín, Oddiel: Sro, Vložka č.: 2223/R a Nájomcom: Meno a priezvisko: Dáša Čičmancová Narodený: ___________________________________________ Trvalé bydlisko: _______________________________________ _____________________________________________________________________ Číslo OP: ________________________ Telefón: __________________________ E-mail: ___________________________ I. Úvodné ustanovenie 1.1. Prevádzkovateľ pohrebiska je správcom pohrebísk (cintorínov) na území mesta Prievidza, ktorú činnosť vykonáva na základe Komisionárskej zmluvy uzatvorenej s mestom Prievidza a na základe Úplného znenia zmluvy o nájme hnuteľného a nehnuteľného majetku č. 22/20 uzatvoreného s mestom Prievidza. II. Predmet zmluvy 2.1. Pre",/Users/kazimir/Desktop/BP/zmluvy_cleaned_checked_strict_valid/11819179.txt
11819184,hrobove_miesto,hrobove miesto|hroboveho miesta|hrobov,True,Zmluva o nájme hrobového miesta,8506/2025,"Zmluva o nájme hrobového miesta č.: 8506/2025 variabilný symbol: 1608023131 uzavretá podľa § 21 a nasl. zákona č. 131/2010 Z. z. o pohrebníctve medzi: Prevádzkovateľ pohrebiska: Technické služby mesta Prievidza s.r.o. Mariánska 17, 971 01 Prievidza So sídlom: Zastúpený konateľom spoločnosti:Ing. Marián Bielický IČO: IČ DPH: Bankové spojenie: Číslo účtu: Registrácia: 31 579 183 SK2020467350 VÚB a.s., pobočka Prievidza OR OS Trenčín, Oddiel: Sro, Vložka č.: 2223/R a Nájomcom: Meno a priezvisko: MUDr. Jozef Kubík Narodený: ___________________________________________ Trvalé bydlisko: _______________________________________ _____________________________________________________________________ Číslo OP: ________________________ Telefón: __________________________ E-mail: ___________________________ I. Úvodné ustanovenie 1.1. Prevádzkovateľ pohrebiska je správcom pohrebísk (cintorínov) na území mesta Prievidza, ktorú činnosť vykonáva na základe Komisionárskej zmluvy uzatvorenej s mestom Prievidza a na základe Úplného znenia zmluvy o nájme hnuteľného a nehnuteľného majetku č. 22/20 uzatvoreného s mestom Prievidza. II. Predmet zmluvy 2.1. P",/Users/kazimir/Desktop/BP/zmluvy_cleaned_checked_strict_valid/11819184.txt
11819188,sluzby,sluzb|sluzieb|kurz,True,"Čiastková zmluva Rámcovej zmluvy o poskytovaní služieb „Odborné prehliadky, odborné skúšky technických zariadení” č. 2025/044",2025/044,"Číslo z Registra zmlúv EASR PSK: 2025/044 Čiastková zmluva Rámcovej zmluvy o poskytovaní služieb „Odborné prehliadky, odborné skúšky technických zariadení” č. 2025/044 uzavretá podľa § 269 a nasledovných ustanovení č. 513/1991 Zb. Obchodný zákonník v znení neskorších predpisov (ďalej len „Zmluva“) medzi zmluvnými stranami Odberateľ: Názov: Domov sociálnych služieb v Stropkove Sídlo organizácie: Hlavná 80/50, 091 01 Stropkov Štatutárny orgán: Mgr. Katarína Lehocká, riaditeľka IČO: DIČ: 00696331 2020782973 Bankové spojenie: XXXX IBAN, SWIFT: SKXX XXXX XXXX XXXX XXXX XXXX (ďalej aj ako „Odberateľ“) a Poskytovateľ: Názov: Sídlo organizácie: Levočská 6114/1, 080 01 Prešov Energetická Agentúra Smart Regiónu PSK Štatutárny orgán: IČO: Ing. Martin Lukáč, riaditeľ 51295130 DIČ: Bankové spojenie: Štátna pokladnica 2120670827 IBAN: e-mail: sekretariat@smartp.sk SK35 8180 0000 0070 0059 2271 (ďalej aj ako „EASR PSK“ alebo „Poskytovateľ“) (spolu ako „Zmluvné strany“) Preambula 1. Prešovský samosprávny kraj má záujem o zabezpečenie centrálneho vykonávania odborných prehliadok a odborných skúšok technických zariadení v rámci vlastných",/Users/kazimir/Desktop/BP/zmluvy_cleaned_checked_strict_valid/11819188.txt
11819189,other,,True,Zámenná zmluva č. 2025/1011,2025/1011,"I Zámenná zmluva č. 2025/1011 uzatvorená podľa§ 611 zákona č. 40/1964 Zb. Občianskeho zákonníka v znení neskorších predpisov (ďalej len „zmluva"") medzi nasledovnými zmluvnými stranami: 1. Trenčiansky samosprávny kraj sídlo: K dolnej stanici 7282/20A, 911 01 Trenčín zastúpený: Ing. Jaroslav Baška, predseda IČO: 36 126 624 DIČ:2021613275 IČ DPH: nie je platiteľom DPH Bankové spojenie: Štátna pokladnica IBAN: SK51 8180 0000 0070 0050 4489 ( ďalej len., Zamieňajúci 1 "") a 2. MAFIS SUSTAINABLE ENERGY, s.r.o. sídlo: Gen. M. R. Štefánika 7263/6, Trenčín 911 01 zastúpená: Ladislav Firit, konateľ IČO: 46 509 780 DIČ:2023420674 IČ DPH: SK2023420674 Bankové spojenie: Tatrabanka a.s. IBAN: SK39 1100 0000 0029 2087 0980 Zapísaná: Obchodný register Okresného súdu Trenčín, oddiel: Sro, vložka č. 25665/R ( ďalej len „ Zamieňajúci 2 "") ( Zamieňajúci 1 a Zamieňajúci 2 ďalej spolu aj ako „Zmluvné strany"") Článok I Vymedzenie vlastníctva 1. Zamieňajúci 1 je výlučným vlastníkom nehnuteľného majetku nachádzajúceho sa v okrese Púchov, v obci Púchov, v katastrálnom území Púchov, parcela registra „C"" pozemok pare. č. 1682/56 o výmere 140 1112, druh pozemku zastavaná p",/Users/kazimir/Desktop/BP/zmluvy_cleaned_checked_strict_valid/11819189.txt
11819191,hrobove_miesto,hrobove miesto|hroboveho miesta|hrobov,True,Zmluva o nájme hrobového miesta,8507/2025,"Zmluva o nájme hrobového miesta č.: 8507/2025 variabilný symbol: 1408125128 uzavretá podľa § 21 a nasl. zákona č. 131/2010 Z. z. o pohrebníctve medzi: Prevádzkovateľ pohrebiska: Technické služby mesta Prievidza s.r.o. Mariánska 17, 971 01 Prievidza So sídlom: Zastúpený konateľom spoločnosti:Ing. Marián Bielický IČO: IČ DPH: Bankové spojenie: Číslo účtu: Registrácia: 31 579 183 SK2020467350 VÚB a.s., pobočka Prievidza OR OS Trenčín, Oddiel: Sro, Vložka č.: 2223/R a Nájomcom: Meno a priezvisko: Monika Lackovičová Narodený: ___________________________________________ Trvalé bydlisko: _______________________________________ _____________________________________________________________________ Číslo OP: ________________________ Telefón: __________________________ E-mail: ___________________________ I. Úvodné ustanovenie 1.1. Prevádzkovateľ pohrebiska je správcom pohrebísk (cintorínov) na území mesta Prievidza, ktorú činnosť vykonáva na základe Komisionárskej zmluvy uzatvorenej s mestom Prievidza a na základe Úplného znenia zmluvy o nájme hnuteľného a nehnuteľného majetku č. 22/20 uzatvoreného s mestom Prievidza. II. Predmet zmluvy 2.1.",/Users/kazimir/Desktop/BP/zmluvy_cleaned_checked_strict_valid/11819191.txt
11819193,dotacia,dotacie|dotac,True,Zmluva o poskytnutí dotácie z rozpočtu Obce Pavlovce nad Uhom na rok 2026,1/2026,"ZMLUVA č. 1/2026 o poskytnutí dotácie z rozpočtu Obce Pavlovce nad Uhom na rok 2026 Obec Pavlovce nad Uhom Sídlo: v zastúpení: IČO: DIČ: Bankové spojenie: SLSP a.s. Číslo účtu IBAN: ako poskytovateľ dotácie (ďalej len,,poskytovateľ“) Kostolné námestie 17/1, 072 14 Pavlovce nad Uhom Anton Kocela, starosta obce 00 325 589 2020739094 SK68 0900 0000 0000 9102 5616 a Obecný športový klub v Pavlovciach nad Uhom Právna forma: Sídlo: v zastúpení: IČO: Bankové spojenie: SLSP a.s. Číslo účtu IBAN: ako príjemca dotácie (ďalej len,,príjemca“) Združenie Pavlovce nad Uhom, 072 14 Pavlovce nad Uhom Igor Gaľa, predseda OŠK 31 950 515 SK02 0900 0000 0000 9102 5640 uzavreli v zmysle § 51 zákona č. 40/1964 Zb. Občianskeho zákonníka v znení neskorších predpisov v nadväznosti na ustanovenia § 7 ods. 4 zákona č. 583/2004 Z.z. o rozpočtových pravidlách územnej samosprávy v znení neskorších predpisov a Všeobecne záväzného nariadenia obce č. 2/2016 o poskytovaní dotácií z rozpočtu Obce Pavlovce nad Uhom (ďalej len „VZN č. 2/2016“) túto Z m l u v u o poskytovaní dotácie z rozpočtu Obce Pavlovce nad Uhom v roku 2026 Oblasť: Verejnoprospešný účel f) rozvoj vedy, vz",/Users/kazimir/Desktop/BP/zmluvy_cleaned_checked_strict_valid/11819193.txt
11819199,sluzby,sluzb|sluzieb|kurz,True,Čiastková zmluva Rámcovej zmluvy o poskytovaní služieb,1/2026,"by Anonymizer.sk by Anonymizer.sk z zmluva“), ktorou sa stanovili rámcové podmienky spolupráce pri poskytovaní a vykonávaní odborných prehliadak a odborných skúšok technických zariadení, revízií a kontraly elektrických spotrebičov a ručného elektrického náradia v zmysle Vyhlášky MPSVAR SR č. 508/2009 Z. z. ktorou sa ustanovujú podrobnosti na zaistenie bezpečnosti a ochrany zdravia pri práci s technickými zariadeniami tlakovými, zdvíhacími, elektrickými a plynovými a ktorou sa ustanovujú technické zariadenia, ktoré sa považujú za vyhradené technické zariadenia v zneni neskorších predpisov (ďalej len.„Vyhláška č. 508/2009 Z. z.““) Poskytovateľ je príspevkovou organizáciou so sídlom Levočská 6114/1, 080 01 Prešav, ktorej zriaďovateľom je Objednávateľ - Prešovský samosprávny kri aj aje oprávnený vykonávať odborné prehliadky a odborné skúšky vyhradených technických zariadení, vrátane elektrických, tlakových a plynových, uznesením Zastupiteľstva Prešovského samosprávneho kraja č. 266/2023 za dňa 23.10.2023. Zmluvné strany uzatvárajú túto Čiastkovú zmluvu Rámcovej zmluvy o poskytovaní služieb v nadväznosti na Rámcovú zmluvu o poskytovaní služieb č. 1818/2025/DSB, uzavretú dňa 15.12.2025",/Users/kazimir/Desktop/BP/zmluvy_cleaned_checked_strict_valid/11819199.txt
11819216,hrobove_miesto,hrobove miesto|hroboveho miesta|hrobov,True,nájom za hrobové miesto,0001/310/2026,"N á j o m n á zmluva č. 0001/310/2026 uzatvorená v zmysle ustanovenia § 663 a nasl. Obč. zák. v súčinnosti s ustanovením § 18 zák.č. 131/2010 Z.z. Čl.1 Zmluvné strany Prenajímateľ: Služby mesta Piešťany Valová 1919/44, 921 01 Piešťany zastúpená Ing. Hanou Dupkaničovou, riaditeľkou organizácie splnomocnený zástupca: Jana Zvonárová, manažérka strediska IČO: 37 83 42 40 DIČ: 2020171450 IČ DPH: SK 2020171450 bankové spojenie: Prima Banka Slovensko, a.s. pob. Piešťany č. účtu: 5222482001/5600 Živnostenský register: Obvodný úrad v Piešťanoch odbor živnostenského podnikania č. reg: 204-10153 ( ďalej „prenajímateľ"" ) a Nájomca: Andrea Martinovičová nar.dňa: ( ďalej len „nájomca"" ) Čl. 2 Predmet zmluvy 2.1 Predmetom zmluvy je nájom hrobového miesta, v ktorom je(sú) pochovaný(í): 2.2 Hrobové miesto sa nachádza v Piešťanoch na cintoríne v sektore, číslo - jednohrob Čl. 3 Účel nájmu Účelom nájmu je uloženie ľudských pozostatkov, resp. ostatkov do hrobového miesta. Pri prenájme použitého hrobového miesta je nájomca upozornený a je si vedomý, že prenajíma hrobové miesto,. v ktorom sa nachádzajú pozostatky pochovaných. V prípade kopania hrobu, je nájomca povinný uh",/Users/kazimir/Desktop/BP/zmluvy_cleaned_checked_strict_valid/11819216.txt
11819220,other,,True,Zmluva č.1/2025/SoU o zriadení spoločného obecného úradu Budimír,1/2025/SoU,"ZMLUVA č.1/2025/S0Ú o zriadení Spoločného obecného úradu Budimír uzatvorená podľa $ 20a zákona SNR č. 369/1990 Zb. o obecnom zriadení v znení neskorších predpisov uzatvorená medzi: Učastníci zmluvy: 1. Názov: Obec Budimír Sídlo: Zámocká 22/4, 044 43 Budimír Zastúpená: — Vojtech Staňo, Mgr., starosta obce IČO: 00324001 DIČ: 2021235854 2. Názov: Obec Bačkovík Sídlo: Bačkovík 41, 044 45 Bačkovík Konajúca: — Milan Gábor, starosta obce IČO: 00323934 DIČ: 2021235788 3. Názov: Obec Baška Sídlo: Baška 71, 040 16 Košice 16 Konajúca: Ľubomír Demský, MUDr., starosta obce IČO: 00323942 DIČ: 2021235799 4, Názov: Obec Beniakovce Sídlo: Beniakovce 44, 044 42 Rozhanovce Konajúca: Miroslav Halás, Ing., starosta obce IČO: 00691224 DIČ: 2021261308 5. Názov: Obec Blažice Sídlo: Blažice 53, 044 16 Bohdanovce Konajúca: — Juraj Gmitro, starosta obce IČO: 00690198 DIČ: 2021261176 6. Názov: Obec Bohdanovce Sídlo: Bohdanovce 142, 044 16 Bohdanovce Konajúca: Patrik Beluš, Ing., starosta obce IČO: 00323985 DIČ: 2021235832 7. Názov: Sídlo: Konajúca: IČO: DIČ: 8. Názov: Sídlo: Konajúci: IČO: DIČ: 9. Názov: Sídlo: Konajúca: Ičo: DIČ: 10. Názov: Sídlo: Konajúca: IČO: DIC: 11. Názov: Sídlo: Konajúca: IČO: DIČ: 12",/Users/kazimir/Desktop/BP/zmluvy_cleaned_checked_strict_valid/11819220.txt
11819222,sluzby,sluzb|sluzieb|kurz,True,"Čiastková zmluva Rámcovej zmluvy o poskytovaní služieb „Odborné prehliadky, odborné skúšky technických zariadení” č. 2025/046",2025/046,"Číslo z Registra zmlúv EASR PSK: 2025/046 Čiastková zmluva Rámcovej zmluvy o poskytovaní služieb „Odborné prehliadky, odborné skúšky technických zariadení” č. 2025/046 uzavretá podľa § 269 a nasledovných ustanovení č. 513/1991 Zb. Obchodný zákonník v znení neskorších predpisov (ďalej len „Zmluva“) medzi zmluvnými stranami Odberateľ: Názov: Domov sociálnych služieb vo Vranove nad Topľou Sídlo organizácie: Školská 646, 093 02 Vranov nad Topľou Štatutárny orgán: PhDr. Silvia Kmecová, riaditeľka IČO: DIČ: 00696358 2020635474 Bankové spojenie: XXXX IBAN, SWIFT: SKXX XXXX XXXX XXXX XXXX XXXX (ďalej aj ako „Odberateľ“) a Poskytovateľ: Názov: Sídlo organizácie: Levočská 6114/1, 080 01 Prešov Energetická Agentúra Smart Regiónu PSK Štatutárny orgán: IČO: Ing. Martin Lukáč, riaditeľ 51295130 DIČ: Bankové spojenie: Štátna pokladnica 2120670827 IBAN: e-mail: sekretariat@smartp.sk SK35 8180 0000 0070 0059 2271 (ďalej aj ako „EASR PSK“ alebo „Poskytovateľ“) (spolu ako „Zmluvné strany“) Preambula 1. Prešovský samosprávny kraj má záujem o zabezpečenie centrálneho vykonávania odborných prehliadok a odborných skúšok technických zariadení v",/Users/kazimir/Desktop/BP/zmluvy_cleaned_checked_strict_valid/11819222.txt
11819227,hrobove_miesto,hrobove miesto|hroboveho miesta|hrobov,True,Zmluva o nájme hrobového miesta č. ZML 0387//2025TN,2544/2025,"ZMLUVA O NÁJME HROBOVÉHO MIESTA č. ZML 0387/2025TN Zmluvné strany: 1. Prenajímateľ: — Mesto Trenčín zastúpené: sídlo: IČO: Mgr. Richardom RYBNÍČKOM, primátorom mesta Trenčín Mierové nám. 1/2, 911 64 Trenčín 00312037 Oprávnený k uzatváraniu nájomných zmlúv na základe plnej moci zo dňa 21.12.2010 Pohrebníctvo DVONČ, spol. s r.o. Mostová 356/2, 958 04 Partizánske zastúpená: IČO: DIČ: IČDHP: Zápis: (ďalej len ""prenajímatel"") Miroslav DVONČ 36659410 2022232036 SK2022232036 OR OS Trenčín, odd. Sro, vl. č. 19164/R Hamajová Elena 2. Nájomca: Rodné číslo: Adresa: (ďalej len ""nájomca"" uzatvárajú podľa 8 663 až $ 684 Občianskeho zákonníka a zákona č. 131/2010 Z.z. o pohrebníctve túto zmluvu o nájme hrobového miesta: Článok I Predmet a účel nájmu 1. Prenajímateľ prenecháva a nájomca prijíma do nájmu, za podmienok uvedenýchv tejto zmluve, hrobové miesto: časť 1-7, chodník 3, č. hrobu 55 (jednohrob), na pohrebisku Trenčín - Juh v Trenčíne, určené na vybudovanie hrobu, hrobky alebo uloženie urny za účelom uloženia ľudských pozostatkov alebo ostatkov. 2. Podnájom hrobového miesta je zakázaný. Článok II Služby spojené s nájmom hrobového miesta S prenájmom hrobového miesta sú spojen",/Users/kazimir/Desktop/BP/zmluvy_cleaned_checked_strict_valid/11819227.txt
11819229,hrobove_miesto,hrobove miesto|hroboveho miesta|hrobov,True,Zmluva o nájme hrobového miesta č. ZML 0388//2025TN,2546/2025,"ZMLUVA O NÁJME HROBOVÉHO MIESTA č. ZML 0388/2025TN Zmluvné strany: 1. Prenajímateľ: — Mesto Trenčín zastúpené: sídlo: IČO: Mgr. Richardom RYBNÍČKOM, primátorom mesta Trenčín Mierové nám. 1/2, 911 64 Trenčín 00312037 Oprávnený k uzatváraniu nájomných zmlúv na základe plnej moci zo dňa 21.12.2010 Pohrebníctvo DVONČ, spol. s r.o. Mostová 356/2, 958 04 Partizánske Miroslav DVONČ 36659410 2022232036 5K2022232036 OR OS Trenčín, odd. Sro, vl. č. 19164/R zastúpená: IČO: DIČ: IČDHP: Zápis: (ďalej len ""prenajímateľ“) Hamajová Elena 2. Nájomca: Rodné číslo: Adresa: (ďalej len ""nájomca"" uzatvárajú podľa 8 663 až $ 684 Občianskeho zákonníka a zákona č. 131/2010 Z.z. o pohrebníctve túto zmluvu o nájme hrobového miesta: Článok | Predmet a účel nájmu 1. Prenajímateľ prenecháva a nájomca prijíma do nájmu, za podmienok uvedenýchv tejto zmluve, hrobové miesto: časť 1-2, chodník 3, č. hrobu 196 (jednohrob), na pohrebisku Trenčín - Juh v Trenčíne, určené na vybudovanie hrobu, hrobky alebo uloženie urny za účelom uloženia ľudských pozostatkov alebo ostatkov. 2. Podnájom hrobového miesta je zakázaný. Článok I Služby spojené s nájmom hrobového miesta S prenájmom hrobového miesta sú spojené",/Users/kazimir/Desktop/BP/zmluvy_cleaned_checked_strict_valid/11819229.txt
11819231,hrobove_miesto,hrobove miesto|hroboveho miesta|hrobov,True,Zmluva o nájme hrobového miesta č. ZML 0389//2025TN,2545/2025,"ZMLUVA O NÁJME HROBOVÉHO MIESTA č. ZML 0389/2025TN Zmluvné strany: 1. Prenajímatel: © Mesto Trenčín zastúpené: sídlo: IČO: Mgr. Richardom RYBNÍČKOM, primátorom mesta Trenčín Mierové nám. 1/2, 911 64 Trenčín 00312037 Oprávnenýk uzatváraniu nájomných zmlúv na základe plnej moci zo dňa 21.12.2010 Pohrebníctvo DVONČ, spol. s r.o. Mostová 356/2, 958 04 Partizánske zastúpená: IČO: DIČ: IČDHP: Zápis: (ďalej len ""prenajímateľ"") Miroslav DVONČ 36659410 2022232036 5K2022232036 OR OS Trenčín, odd. Sro, vl. č. 19164/R Hamajová Elena 2. Nájomca: Rodné číslo: Adresa: (ďalej len ""nájomca"" uzatvárajú podľa 8 663 až $ 684 Občianskeho zákonníka a zákona č. 131/2010 Z.z. o pohrebníctve túto zmluvu o nájme hrobového miesta: Článok I Predmet a účel nájmu 1. Prenajímateľ prenecháva a nájomca prijíma do nájmu, za podmienok uvedených v tejto zmluve, hrobové miesto: časť 6-E, chodník 2, č. hrobu 17 (jednohrob), na pohrebisku Trenčín - Juhv Trenčíne, určené na vybudovanie hrobu, hrobky alebo uloženie urny za účelom uloženia ľudských pozostatkov alebo ostatkov. 2. Podnájom hrobového miesta je zakázaný. Článok ll Služby spojené s nájmom hrobového miesta S prenájmom hrobového miesta sú spojen",/Users/kazimir/Desktop/BP/zmluvy_cleaned_checked_strict_valid/11819231.txt
11819233,hrobove_miesto,hrobove miesto|hroboveho miesta|hrobov,True,Zmluva o nájme hrobového miesta č. ZML 0390//2025TN,2547/2025,"ZMLUVA O NÁJME HROBOVÉHO MIESTA č. ZML 0390/2025TN Zmluvné strany: 1. Prenajímateľ:. Mesto Trenčín zastúpené: sídlo: IČO: Mgr. Richardom RYBNÍČKOM, primátorom mesta Trenčín Mierové nám. 1/2, 911 64 Trenčín 00312037 Oprávnený k uzatváraniu nájomných zmlúv na základe plnej moci zo dňa 21.12.2010 Pohrebníctvo DVONČ, spol. s r.o. Mostová 356/2, 958 04 Partizánske Miroslav DVONČ 36659410 2022232036 5K2022232036 OR OS Trenčín, odd. Sro, vl. č. 19164/R zastúpená: IČO: DIČ: IČDHP: Zápis: (ďalej len ""prenajímateľ“) 2. Nájomca: Rodné číslo: Adresa: Bobáková Marta (ďalej len ""nájomc uzatvárajú podľa § 663 až 8 684 Občianskeho zákonníka a zákona č. 131/2010 Z.z. o pohrebníctve túto zmluvu o nájme hrobového miesta: Článok| Predmet a účel nájmu 1. Prenajímateľ prenecháva a nájomca prijíma do nájmu, za podmienok uvedenýchvtejto zmluve, hrobové miesto: časť UH, chodník -, č. hrobu vybudovanie hrobu, hrobky alebo uloženie urny za účelom uloženia ľudských pozostatkov alebo ostatkov. 2. Podnájom hrobového miesta je zakázaný. 7 (urnové miesto), na pohrebisku Biskupice v Trenčíne, určené na Článok II Služby spojené s nájmom hrobového miesta S prenájmom hrobového miesta sú spojené tieto",/Users/kazimir/Desktop/BP/zmluvy_cleaned_checked_strict_valid/11819233.txt
11819235,hrobove_miesto,hrobove miesto|hroboveho miesta|hrobov,True,Zmluva o nájme hrobového miesta č. ZML 0391//2025TN,2548/2025,"ZMLUVA O NÁJME HROBOVÉHO MIESTA č. ZML 0391/2025TN Zmluvné strany: 1. Prenajímateľ: — Mesto Trenčín zastúpené: sídlo: IČO: Mgr. Richardom RYBNÍČKOM, primátorom mesta Trenčín Mierové nám. 1/2, 911 64 Trenčín 00312037 Oprávnený k uzatváraniu nájomných zmlúv na základe plnej moci zo dňa 21.12.2010 Pohrebníctvo DVONČ, spol.s r.o. Mostová 356/2, 958 04 Partizánske Miroslav DVONČ 36659410 2022232036 SK2022232036 OR OS Trenčín, odd. Sro, vl. č. 19164/R zastúpená: IČO: DIČ: IČDHP: Zápis: (ďalej len ""prenajímateľ“) Gabriš Jaroslav 2. Nájomca: Rodné číslo: Adresa: (ďalej len ""nájomca"" uzatvárajú podľa $ 663 až $ 684 Občianskeho zákonníka a zákona č. 131/2010 Z.z. o pohrebníctve túto zmluvu o nájme hrobového miesta: Článok | Predmet a účel nájmu 1. Prenajímateľ prenecháva a nájomca prijíma do nájmu, za podmienok uvedených v tejto zmluve, hrobové miesto: časť 1-6, chodník 1, č. hrobu 35 (jednohrob), na pohrebisku Trenčín - Juh v Trenčíne, určené na vybudovanie hrobu, hrobky alebo uloženie urny za účelom uloženia ľudských pozostatkov alebo ostatkov. 2. Podnájom hrobového miesta je zakázaný. Článok II Služby spojené s nájmom hrobového miesta S prenájmom hrobového miesta sú spojen",/Users/kazimir/Desktop/BP/zmluvy_cleaned_checked_strict_valid/11819235.txt
11819283,sluzby,sluzb|sluzieb|odpadu,True,Zmluva o poskytovaní služby pri zbere a odvoze odpadu,202600001/2026,"&lEislPK ZMLUVA O POSKYTOVANISLUZBY PRI ZBERE A ODVOZE ODPADU i. Zm luvY: Sz2o25 M1-222- - uzatvorend v zmysle 5269 ods.2 zdkona i. 5I3/7gg1,Zb. Obchodnf zdkonnik a zdkona i.79/2OfS Z.z. o odpadoch a o zmene a doplneni niektonich zdkonov v zneni neskoriich predpisov (dalej v texte len,,Zmluva"") medzi zmluvnfmi sttanami: odberatef odpadu: So sidlom: reo: I. DPH: Adresa pre doruiovanie: ESPIK Group s,r.o. Orlov 133, 065 43 Orlov 46754768 sK2023s66666 Levotskd 335/1, 054 01 Stard [ubovfia Slovensk6 sporitelfr a a.s. SK32 0900 0000 0051 45665512 Bankov6 spojenie: IBAN: Spolodnost' zapfsanii v OR Okresn6ho sridu Preiov, oddiel Sro, vloika t-26349/P Kontakt: Ziikaznicka linka: +421 950 401 401, info@esoik.sk Zmluvu uzatvoril: (d?lej len ako ""Odberatef"" ) a D.iitef odpadu: Obchodn6 meno: Sidlo: Adresa pre doruiovanie: rco: ra DPH/Dre: Michal Sromek, obchodnli zastupca Matersk5 Skola profesorky M6rie Podhdjeckej, BajkalskS 31, PreSov BajkalskS 31, 08001, Pre5ov BajkalskS 31, 08001, PreSov 42085446 2022727047 Osoba oprivnend konaf za spoloEnost /podl'a ORSR, ZR/: PaedDr. Ren6ta Gumanov6 Ndzov prevddzky: Adresa prevddzky: Stotsm jed6lefi pri M5 Bajkalsk6 31, Pre5ov",/Users/kazimir/Desktop/BP/zmluvy_cleaned_checked_strict_valid/11819283.txt
11819287,sluzby,sluzb|sluzieb|kurz,True,"Čiastková zmluva Rámcovej zmluvy o poskytovaní služieb „Odborné prehliadky, odborné skúšky technických zariadení” č. 2025/068",2025/068,"Číslo z Registra zmlúv EASR PSK: 2025/068 Čiastková zmluva Rámcovej zmluvy o poskytovaní služieb „Odborné prehliadky, odborné skúšky technických zariadení” č. 2025/068 uzavretá podľa § 269 a nasledovných ustanovení č. 513/1991 Zb. Obchodný zákonník v znení neskorších predpisov (ďalej len „Zmluva“) medzi zmluvnými stranami Odberateľ: Názov: Hornošarišské osvetové stredisko v Bardejove Sídlo organizácie: Rhodyho 6, 085 01 Bardejov Štatutárny orgán: Mgr. Peter Reviľák, riaditeľ IČO: DIČ: 37781588 2021457075 Bankové spojenie: XXXX IBAN, SWIFT: SKXX XXXX XXXX XXXX XXXX XXXX (ďalej aj ako „Odberateľ“) a Poskytovateľ: Názov: Sídlo organizácie: Levočská 6114/1, 080 01 Prešov Energetická Agentúra Smart Regiónu PSK Štatutárny orgán: IČO: Ing. Martin Lukáč, riaditeľ 51295130 DIČ: Bankové spojenie: Štátna pokladnica 2120670827 IBAN: e-mail: sekretariat@smartp.sk SK35 8180 0000 0070 0059 2271 (ďalej aj ako „EASR PSK“ alebo „Poskytovateľ“) (spolu ako „Zmluvné strany“) Preambula 1. Prešovský samosprávny kraj má záujem o zabezpečenie centrálneho vykonávania odborných prehliadok a odborných skúšok technických zariadení v rámci vlastných",/Users/kazimir/Desktop/BP/zmluvy_cleaned_checked_strict_valid/11819287.txt
11819288,prispevok,prispevok|prispevku,True,Zmluva o poskytnutí príspevku na dopravné služby,641/2025,"Zmluva o poskytnutí príspevku na dopravné služby uzatvorená podľa § 30 ods. 6 zákona č. 332/2023 Z. z. o verejnej osobnej doprave v jeho aktuálnom znení a § 269 ods. 2 zákona č. 513/1991 Zb. Obchodný zákonník v jeho aktuálnom znení medzi zmluvnými stranami: Názov: Sídlo: Štatutárny orgán: IČO: DIČ: Bankové spojenie: Číslo účtu IBAN: 9274 Mesto Prešov Hlavná 73, 080 01 Prešov Ing. František Oľha, primátor mesta 00 327 646 2021225679 UniCredit Bank Czech Republic and Slovakia, a.s., pobočka zahraničnej banky SK36 1111 0000 0066 1991 1323 (ďalej aj len ako „Mesto Prešov”) a Názov: Sídlo: Štatutárny orgán: IČO: DIČ: Bankové spojenie: Číslo účtu IBAN: Obec Ruská Nová Ves Ruská Nová Ves 168, 080 05 Prešov 5, SR Tibor Kollár, starosta obce 00 327 727 2021225701 VÚB, a. s. SK98 0200 0000 0000 1992 5572 (ďalej ak len ako „Obec”) (Mesto Prešov a Obec ďalej spolu aj len ako „Zmluvné strany“ alebo jednotlivo ako „Zmluvná strana"") Zmluvné strany uzatvorili dole uvedeného dňa, mesiaca a roku Zmluvu o poskytnutí príspevku na dopravné služby (ďalej aj len ako „Zmluva“) Článok 1 Úvodné ustanovenia 1.1 Mesto Prešov uzavrelo dňa 22. 12. 2016 Rámc",/Users/kazimir/Desktop/BP/zmluvy_cleaned_checked_strict_valid/11819288.txt
11819302,dielo,zmluva o dielo|dielo,True,Zmluva o dielo,81/2025,"ZMLUVA O DIELO podľa § 631 a nasl. zákona č. 40/1964 Zb. občiansky zákonnı́k v znenı́ neskoršı́ch predpisov medzi zmluvnými stranami: 1. Názov: Obec Zalužice Sídlo: Zalužice 270, 072 34 Zalužice IČO: 00326046 Zastúpený: Ing. Tomáš Čeklej, starosta obce (ďalej v texte tiež ako „objednávateľ“) a 2. Názov: Ľuboš Basarab Sídlo: Dát. nar.: Číslo účtu: (ďalej v texte tiež ako „dodávateľ“) (ďalej v texte „dodávateľ“ a „objednávateľ“ spolu tiež ako „zmluvné strany“) Čl. I Predmet zmluvy Dodávateľ sa zaväzuje zabezpečiť pre objednávateľa hudobné ozvučenie na: koncoročnom programe – SPOLOČNÉ PRIVÍTANIE NOVÉHO ROKA 2026 Miesto uskutočnenia: Priestor Obecného úradu v Zalužiciach Predpokladaný́ čas: od 23:00 hod. do 02:00 hod., presnejšie podľa zadania objednávateľa Deň̌ uskutočnenia diela: 31.12.2025-01.01.2026 Čl. II Odmena a platobné podmienky 1. Zmluvné strany sa dohodli na výške odmeny za ozvučenie a tú stanovili dohodou na 400€, slovom štyristo eur. Objednávateľ uhradí dohodnutú odmenu po vykonaní ozvučenia, najbližší pracovný deň, na účet dodávateľa. Čl. III Záverečné ustanovenia zverejnenia. V Zalužiciach dňa 31.12.2025...................",/Users/kazimir/Desktop/BP/zmluvy_cleaned_checked_strict_valid/11819302.txt
11819313,sluzby,sluzb|sluzieb|kurz,True,"Čiastková zmluva Rámcovej zmluvy o poskytovaní služieb „Odborné prehliadky, odborné skúšky technických zariadení” č. 2025/070",2025/070,"Číslo z Registra zmlúv EASR PSK: 2025/070 Čiastková zmluva Rámcovej zmluvy o poskytovaní služieb „Odborné prehliadky, odborné skúšky technických zariadení” č. 2025/070 uzavretá podľa § 269 a nasledovných ustanovení č. 513/1991 Zb. Obchodný zákonník v znení neskorších predpisov (ďalej len „Zmluva“) medzi zmluvnými stranami Odberateľ: Názov: Hornozemplínske osvetové stredisko vo Vranove n. T. Sídlo organizácie: Sídlisko 1. mája 74, 093 01 Vranov nad Topľou Štatutárny orgán: Mgr. Martina Jurčová, MBA, riaditeľka IČO: DIČ: 37781120 2021451047 Bankové spojenie: XXXX IBAN, SWIFT: SKXX XXXX XXXX XXXX XXXX XXXX (ďalej aj ako „Odberateľ“) a Poskytovateľ: Názov: Sídlo organizácie: Levočská 6114/1, 080 01 Prešov Energetická Agentúra Smart Regiónu PSK Štatutárny orgán: IČO: Ing. Martin Lukáč, riaditeľ 51295130 DIČ: Bankové spojenie: Štátna pokladnica 2120670827 IBAN: e-mail: sekretariat@smartp.sk SK35 8180 0000 0070 0059 2271 (ďalej aj ako „EASR PSK“ alebo „Poskytovateľ“) (spolu ako „Zmluvné strany“) Preambula 1. Prešovský samosprávny kraj má záujem o zabezpečenie centrálneho vykonávania odborných prehliadok a odborných skúšok techni",/Users/kazimir/Desktop/BP/zmluvy_cleaned_checked_strict_valid/11819313.txt
11819318,dohoda_ine,dohoda,True,Dohoda o použití súkromného motorového vozidla,1/2026,"DOHODA o použití cestného motorového vozidla okrem cestného motorového vozidla zamestnávateľa pri pracovnej ceste v zmysle ustanovení zákona č. 283/2002 Z. o cestovných náhradách v znení neskorších predpisov uzatvorená medzi Zamestnávateľom Obec/RO/PO: Základná škola s materskou školou Sídlo: Školská 3, 072 14 Pavlovce nad Uhom IČO: 35543825 Zastúpenou štatutárom RNDr. Milan Zolota, PhD., MBA (ďalej len zamestnávateľ) a Zamestnancom Meno a priezvisko: Pracovisko: Trvalé bydlisko: (ďalej len zamestnanec) Ing. Lukáš Jenčo ZŠ s MŠ, Školská 3, 072 14 Pavlovce nad Uhom Článok 1 1. Zamestnanec a zamestnávateľ sa dohodli, že pri pracovných cestách v roku 2026 týkajúcich sa školení, nákupu materiálu, návštevy banky a iných ciest súvisiacich s pracovnou náplňou zamestnanca (účel cesty bude schválený na cestovnom príkaze) zamestnanec použije cestné motorové vozidlo osobný automobil ŠKODA SUPERB typ: značka: EČV: Technický preukaz - séria: PG číslo: Majiteľ motorového vozidla: Ing. Lukáš Jenčo Bydlisko: Hav.poistenie: poisťovňa: UNIQA poisťovňa a.s. Úhrada poistného dňa: k 15.dňu v mesiaci Evidenčné číslo vodičského preukazu zamestnanca:",/Users/kazimir/Desktop/BP/zmluvy_cleaned_checked_strict_valid/11819318.txt
11819322,sluzby,sluzb|sluzieb|kurz,True,"Čiastková zmluva Rámcovej zmluvy o poskytovaní služieb „Odborné prehliadky, odborné skúšky technických zariadení” č. 2025/043",Čiastková zmluva 2025/043,"Číslo z Registra zmlúv EASR PSK: 2025/043 Čiastková zmluva Rámcovej zmluvy o poskytovaní služieb „Odborné prehliadky, odborné skúšky technických zariadení” č. 2025/043 uzavretá podľa § 269 a nasledovných ustanovení č. 513/1991 Zb. Obchodný zákonník v znení neskorších predpisov (ďalej len „Zmluva“) medzi zmluvnými stranami Odberateľ: Názov: Domov pre seniorov Sídlo organizácie: Mierová 88, 064 01 Stará Ľubovňa Štatutárny orgán: Ing. Peter Mucha, riaditeľ IČO: DIČ: 00691798 2020713057 Bankové spojenie: XXXX IBAN, SWIFT: SKXX XXXX XXXX XXXX XXXX XXXX (ďalej aj ako „Odberateľ“) a Poskytovateľ: Názov: Sídlo organizácie: Levočská 6114/1, 080 01 Prešov Energetická Agentúra Smart Regiónu PSK Štatutárny orgán: IČO: Ing. Martin Lukáč, riaditeľ 51295130 DIČ: Bankové spojenie: Štátna pokladnica 2120670827 IBAN: e-mail: sekretariat@smartp.sk SK35 8180 0000 0070 0059 2271 (ďalej aj ako „EASR PSK“ alebo „Poskytovateľ“) (spolu ako „Zmluvné strany“) Preambula 1. Prešovský samosprávny kraj má záujem o zabezpečenie centrálneho vykonávania odborných prehliadok a odborných skúšok technických zariadení v rámci vlastných organizácií v zriaď",/Users/kazimir/Desktop/BP/zmluvy_cleaned_checked_strict_valid/11819322.txt
11819331,dodatok,dodatok,True,Dodatok k zmluve o nájme  priestorov č. 8/2025,8/2025,"Dodatok k zmluve o nájme priestorov č. 8/2025 uzatvorená v zmysle zákona č. 116/1990 Zb. o nájme a podnájme nebytových priestorov v znení neskorších predpisov Prenajímateľ: Centrum voľného času JUNIOR Sídlo: Školská 9, Bojnice, 972 01 Zastúpený: Mgr. Júlia Biskupičová IČO: 036126896 DIČ: 2021621371 Bankové spojenie: Číslo účtu: (uviesť presnú identifikáciu prenajímateľa) Nájomca: Sídlo: Zastúpený: Jamrichová Miroslava IČO: DIČ: Bankové spojenie: Číslo účtu: Zapísaný v Obchodnom registri: Zrušujú sa ustanovenia článku IV, bod č.1, nájomnej zmluvy z dňa 02. 09. 2025 a nahrádzajú sa novým znením takto: Čl. IV Úhrada za nájom a spôsob jeho úhrady 1. Nájomné je stanovené na 15 € / 1 hodina – refakturácia nákladov za energie a mzdové náklady. 2. Nájomca sa zaväzuje uhrádzať mesačné nájomné do konca príslušného mesiaca. 3. Úhrada za nájom sa uhrádza hotovostne do pokladne CVČ. V prípade omeškania s platbou je nájomca povinný zaplatiť úrok z omeškania v zmysle platných právnych predpisov Slovenskej republiky. Zmluvné strany si tento dodatok k nájomnej zmluve prečítali, s jeho obsahom súhlasia, na znak čoho ho vlastnoručne podpisujú. V Bojniciach dň",/Users/kazimir/Desktop/BP/zmluvy_cleaned_checked_strict_valid/11819331.txt
11819333,dodatok,dodatok,True,Dodatok k zmluve o nájme  priestorov č. 9/2025,D_9/2025,"Dodatok k zmluve o nájme priestorov č. 9/2025 uzatvorená v zmysle zákona č. 116/1990 Zb. o nájme a podnájme nebytových priestorov v znení neskorších predpisov Prenajímateľ: Centrum voľného času JUNIOR Sídlo: Školská 9, Bojnice, 972 01 Zastúpený: Mgr. Júlia Biskupičová IČO: 036126896 DIČ: 2021621371 Bankové spojenie: Číslo účtu: (uviesť presnú identifikáciu prenajímateľa) Nájomca: Sídlo: Zastúpený: Ing. Anežka Kopnická IČO: DIČ: Bankové spojenie: Číslo účtu: Zapísaný v Obchodnom registri: Zrušujú sa ustanovenia článku IV, bod č.1, nájomnej zmluvy z dňa 02. 09. 2025 a nahrádzajú sa novým znením takto: Čl. IV Úhrada za nájom a spôsob jeho úhrady 1. Nájomné je stanovené na 15 € / 1 hodina – refakturácia nákladov za energie a mzdové náklady. 2. Nájomca sa zaväzuje uhrádzať mesačné nájomné do konca príslušného mesiaca. 3. Úhrada za nájom sa uhrádza hotovostne do pokladne CVČ. V prípade omeškania s platbou je nájomca povinný zaplatiť úrok z omeškania v zmysle platných právnych predpisov Slovenskej republiky. Zmluvné strany si tento dodatok k nájomnej zmluve prečítali, s jeho obsahom súhlasia, na znak čoho ho vlastnoručne podpisujú. V Bojniciach dň",/Users/kazimir/Desktop/BP/zmluvy_cleaned_checked_strict_valid/11819333.txt
11819335,dodatok,dodatok,True,Dodatok k zmluve o nájme  priestorov č. 10/2025,D_10/2025,"Dodatok k zmluve o nájme priestorov č. 10/2025 uzatvorená v zmysle zákona č. 116/1990 Zb. o nájme a podnájme nebytových priestorov v znení neskorších predpisov Prenajímateľ: Centrum voľného času JUNIOR Sídlo: Školská 9, Bojnice, 972 01 Zastúpený: Mgr. Júlia Biskupičová IČO: 036126896 DIČ: 2021621371 Bankové spojenie: Číslo účtu: (uviesť presnú identifikáciu prenajímateľa) Nájomca: Sídlo: Zastúpený: Martinková Jarmila IČO: DIČ: Bankové spojenie: Číslo účtu: Zapísaný v Obchodnom registri: Zrušujú sa ustanovenia článku IV, bod č.1, nájomnej zmluvy z dňa 02.09.2025 a nahrádzajú sa novým znením takto: Čl. IV Úhrada za nájom a spôsob jeho úhrady 1. Nájomné je stanovené na 15 € / 1 hodina – refakturácia nákladov za energie a mzdové náklady. 2. Nájomca sa zaväzuje uhrádzať mesačné nájomné do konca príslušného mesiaca na č. ú. SK 06 5600 0000 0090 1916 6001. 3. Úhrada za nájom sa uhrádza hotovostne do pokladne CVČ. V prípade omeškania s platbou je nájomca povinný zaplatiť úrok z omeškania v zmysle platných právnych predpisov Slovenskej republiky. Zmluvné strany si tento dodatok k nájomnej zmluve prečítali, s jeho obsahom súhlasia, na znak čoho ho v",/Users/kazimir/Desktop/BP/zmluvy_cleaned_checked_strict_valid/11819335.txt
11819337,dodatok,dodatok,True,Dodatok k zmluve o nájme  priestorov č. 11/2025,D_11/2025,"Dodatok k zmluve o nájme priestorov č. 11/2025 uzatvorená v zmysle zákona č. 116/1990 Zb. o nájme a podnájme nebytových priestorov v znení neskorších predpisov Prenajímateľ: Centrum voľného času JUNIOR Sídlo: Školská 9, Bojnice, 972 01 Zastúpený: Mgr. Júlia Biskupičová IČO: 036126896 DIČ: 2021621371 Nájomca: Fonky, s.r.o. Sídlo: Jégého 875/7, 971 01 Prievidza Zastúpený: Anton Plesnivý IČO: 47 473 436 DIČ: 2023915773 Bankové spojenie: Číslo účtu: Zapísaný v Obchodnom registri: Zrušujú sa ustanovenia článku IV, bod č.1, nájomnej zmluvy z dňa 02. 09. 2025 a nahrádzajú sa novým znením takto: Čl. IV Úhrada za nájom a spôsob jeho úhrady 1. Nájomné je stanovené na 15 € / 1 hodina – refakturácia nákladov za energie a mzdové náklady. 2. Nájomca sa zaväzuje uhrádzať mesačné nájomné do konca príslušného mesiaca. 3. Úhrada za nájom sa uhrádza hotovostne do pokladne CVČ. V prípade omeškania s platbou je nájomca povinný zaplatiť úrok z omeškania v zmysle platných právnych predpisov Slovenskej republiky. Zmluvné strany si tento dodatok k nájomnej zmluve prečítali, s jeho obsahom súhlasia, na znak čoho ho vlastnoručne podpisujú. V Bojniciach dňa...............",/Users/kazimir/Desktop/BP/zmluvy_cleaned_checked_strict_valid/11819337.txt
11819339,dodatok,dodatok,True,Dodatok k zmluve o nájme  priestorov č.12/2025,D_12/2025,"Dodatok k zmluve o nájme priestorov č.12/2025 uzatvorená v zmysle zákona č. 116/1990 Zb. o nájme a podnájme nebytových priestorov v znení neskorších predpisov Prenajímateľ: Centrum voľného času JUNIOR Sídlo: Školská 9, Bojnice, 972 01 Zastúpený: Mgr. Júlia Biskupičová IČO: 036126896 DIČ: 2021621371 Bankové spojenie: Číslo účtu: (uviesť presnú identifikáciu prenajímateľa) Nájomca: Sídlo: Šachový klub Prievidza Zastúpený: Ing. Martin Dobrotka - prezident IČO: 37918770 DIČ: 2021919933 Bankové spojenie: VÚB Prievidza Číslo účtu:1900724658/0200 Zapísaný v Obchodnom registri: Zrušujú sa ustanovenia článku IV, bod č.1, nájomnej zmluvy z dňa 02.9.2025 a nahrádzajú sa novým znením takto: Čl. IV Úhrada za nájom a spôsob jeho úhrady 1. Nájomné je stanovené na 15 € / 1 hodina – refakturácia nákladov za energie a mzdové náklady. 2. Nájomca sa zaväzuje uhrádzať mesačné nájomné do konca príslušného mesiaca na č. ú.: SK 06 5600 0000 0090 1916 6001. Zmluvné strany si tento dodatok k nájomnej zmluve prečítali, s jeho obsahom súhlasia, na znak čoho ho vlastnoručne podpisujú. V Bojniciach dňa.......................................................................",/Users/kazimir/Desktop/BP/zmluvy_cleaned_checked_strict_valid/11819339.txt
11819341,dodatok,dodatok,True,Dodatok k zmluve o nájme  priestorov č. 13/2025,D_13/2025,"Dodatok k zmluve o nájme priestorov č. 13/2025 uzatvorená v zmysle zákona č. 116/1990 Zb. o nájme a podnájme nebytových priestorov v znení neskorších predpisov Prenajímateľ: Centrum voľného času JUNIOR Sídlo: Školská 9, Bojnice, 972 01 Zastúpený: Mgr. Júlia Biskupičová IČO: 036126896 DIČ: 2021621371 Bankové spojenie: Číslo účtu: (uviesť presnú identifikáciu prenajímateľa) Nájomca: Viktória Briatková Sídlo: Zastúpený: IČO: DIČ: Bankové spojenie: Číslo účtu: Zapísaný v Obchodnom registri: Zrušujú sa ustanovenia článku IV, bod č.1, nájomnej zmluvy z dňa 11. 09. 2025 a nahrádzajú sa novým znením takto: Čl. IV Úhrada za nájom a spôsob jeho úhrady 1. Nájomné je stanovené na 15 € / 1 hodina – refakturácia nákladov za energie a mzdové náklady. 2. Nájomca sa zaväzuje uhrádzať mesačné nájomné do konca príslušného mesiaca. 3. Úhrada za nájom sa uhrádza hotovostne do pokladne CVČ. V prípade omeškania s platbou je nájomca povinný zaplatiť úrok z omeškania v zmysle platných právnych predpisov Slovenskej republiky. Zmluvné strany si tento dodatok k nájomnej zmluve prečítali, s jeho obsahom súhlasia, na znak čoho ho vlastnoručne podpisujú. V Bojniciach dňa.",/Users/kazimir/Desktop/BP/zmluvy_cleaned_checked_strict_valid/11819341.txt
11819343,other,,True,Zmluva o výpožičke,Zmluva č. 1/2026/SOŠOaSTt,"Zmluva o výpožičke uzatvorená podľa § 659 a nasl. zákona č. 40/1964 Zb. Občiansky zákonník v znení neskorších predpisov (ďalej len „zmluva“) Článok I. Zmluvné strany Stredná priemyselná škola stavebná Dušana Samuela Jurkoviča Lomonosovova 7, 917 08 Trnava Ing. Marcel Chrvala, MBA - riaditeľ 1. Požičiavateľ: Názov: Sídlo: Štatutár: Kontaktná osoba: meno, tel. č., email IČO: DIČ: (ďalej len „požičiavateľ č. 1“) 00399817 2021175849 Stredná odborná škola obchodu a služieb Lomonosovova 2797/6, 918 54 Trnava PaedDr. Darina Šulková - riaditeľka 2. Požičiavateľ: Názov: Sídlo: Štatutár: Kontaktná osoba: meno, tel. č., email IČO: DIČ: (ďalej len „požičiavateľ č. 2“) (požičiavateľ č. 1 a požičiavateľ č. 2 ďalej spoločne ako „požičiavatelia“) 00893412 2021133851 a Mesto Trnava Hlavná ulica 1 JUDr. Peter Bročka, LL. M. - primátor Vypožičiavateľ: Názov: Sídlo: Štatutár: Kontaktná osoba: meno, tel. č., email IČO: DIČ: (ďalej len „vypožičiavateľ“) 00313114 2021175728 (požičiavatelia a vypožičiavateľ ďalej spoločne len „zmluvné strany“) Článok II. Predmet zmluvy 1. Predmetom tejto zmluvy je záväzok požičiavateľov ako sp",/Users/kazimir/Desktop/BP/zmluvy_cleaned_checked_strict_valid/11819343.txt
11819353,sluzby,sluzb|sluzieb,True,Zmluva č.ZO/2025OP26359-2 o poskytovaní služieb online poradca,5/2025,"ZMLUVA č. ZO/2025OP26359-2 O POSKYTOVANÍ SLUŽIEB ONLINE PORADCA uzatvorená s poukazom na ust. § 269 ods. 2 zák. č. 513/1991 Zb. Obchodný zákonník v platnom znení, na zákon č. 586/2003 Z. z. o advokácii a o zmene a doplnení zákona č. 455/1991 Zb. o živnostenskom podnikaní (živnostenský zákon) v znení neskorších predpisov v platnom znení a na ďalšie príslušné právne predpisy 1.1. Poskytovateľ /1./: 1.2. Poskytovateľ /2./: medzi čl. I. Zmluvné strany Obchodné meno: MG LEGAL s.r.o. Korešpondenčná adresa: Námestie osloboditeľov 3/A, 040 01 Košice Konajúci: IČO: DIČ: IČ DPH: Sídlo: Emailové spojenie: Telefonický kontakt: 0908 087 297 JUDr. Maroš Gondek, konateľ 53549996 2121410236 SK2121410236 Námestie osloboditeľov 3/A, 040 01 Košice office@mglegal.sk (ďalej len „ poskytovateľ /1./“ alebo aj „advokátska kancelária“) Obchodné meno: osobnyudaj.sk, s.r.o. Korešpondenčná adresa: Námestie osloboditeľov 3/A, 040 01 Košice Konajúci: Ing. Tomáš Dopirák, konateľ JUDr. Jakub Pavčík, konateľ 50528041 2120357041 SK7120001878 Mlynské Nivy 5, Bratislava 821 09 pravne@osobnyudaj.sk IČO: DIČ: IČ DPH: Sídlo: Emailové spojenie: Telefonický kontakt: 02",/Users/kazimir/Desktop/BP/zmluvy_cleaned_checked_strict_valid/11819353.txt
11819363,sluzby,sluzb|sluzieb|kurz,True,"Zmluva o zabezpečení služieb v ochrane zdravia pri práci PZS s.r.o., Poprad",02/2026,"PRACOVNÁ ZDRAVOTNÁ SLUŽBA s.r.o. Sídio: Staničná 9, 059 51 Poprad - Matejovce ZMLUVA o zabezpečení služieb v ochrane zdravia pri práci Pracovnou zdravotnou službou s.r.o., Poprad uzatvorená v zmysle $ 269 ods. Obchodného zákonníka v spojení s ustanovením $ 30 resp. v zmysle zákona č. 355/2007 Z. z. o ochrane, podpore a rozvoji verejného zdravia a o zmene a doplnení niektorých zákonov IL ZMLUVNÉ STRANY Obchodné meno: Sídlo: Zastúpený: 1Co: IČ DPH: Bankové spojenie: IBAN: Obchodný register: (ďalej len zamestnávateľ) Obchodné meno: Sídlo: Zastúpený: ICO: IC DPH: Bankové spojenie: IBAN: Obchodný register: (ďalej len poskytovateľ) Sociálny podnik mesta Liptovský Mikuláš, s. r. o. Družstevná 1730/1, 031 01 Liptovský Mikuláš Mgr. Jaromír Kudláček, konateľ 57273 430 SK2122642093 Všeobecná úverová banka, a.s. Okresný súd Žilina, oddiel: Sro, vl. č. 89016/L Pracovná zdravotná služba s.r.o. Staničná 9, 058 01 Poprad JUDr. Ing. Anna Žoldošová, konateľ 36 833 118 SK20224506611 Ceskosloveneká akahadná banka a S. S 3 Okresný súd Prešov, oddiel: Sro, vl. č. 19103/P II. PREDMET ZMLUVY Predmetom zmluvy je zabezpečiť aby zamestnávateľ plnil svoje povinnosti v zmysle $147 ods.l Zákonníka prá",/Users/kazimir/Desktop/BP/zmluvy_cleaned_checked_strict_valid/11819363.txt
11819369,sluzby,sluzb|sluzieb|mandatn,True,Mandátna zmluva,03/2026,"MANDÁTNA ZMLUVA uzavretá podľa $ 566 a nasl. Obchodného zákonníka medzi týmito zmluvnými stranami Zmluvné strany Mandant: Názov: Sídlo: Zapísaná: Zastúpená: IČO: DIČ: IČ DPH IBAN: SWIFT: (ďalej len mandant) Mandatár: Názov: Sídlo: Zapísaná: Zástupca: IČO: DIČ 1Č DPH: IBAN: SWIFT: (ďalej len mandatár) Sociálny podnik mesta Liptovský Mikuláš, s. r. o. Družstevná 1730/1, 031 01 Liptovský Mikuláš Obchodný register Okresného súdu Žilina, oddiel Sro, vl. č. 89016/L Mgr. Jaromír Kudláček, konateľ spoločnosti 57273 430 2122642093 SK2122642093 SUBASKBX 7 a GAJOS, s.r.o. M. Pišúta 4022, 031 01 Liptovský Mikuláš Obchod. register Okresný súd Žilina, oddiel Sro, vl. č. 10828/L Jana Šimková, konateľka spoločnosti 36 376 981 2020126152 SK2020126157 CEKOSKBX Preambula 1. Mandatár je odborne spôsobilou osobou na výkon činností technika požiarnej ochrany v zmysle ust. $ 9 ods. 2 zákona č. 314/2001 Z. z. o ochrane pred požiarmi, ako aj na výkon bezpečnostnotechnickej služby v súlade s $ 22 Zákona č. 124/2006 Z. z. o bezpečnosti a ochrane zdravia pri práci. 2. Mandant má záujem na poskytovaní služieb v oblasti ochrany pred požiarmi a v oblasti bezpečnosti a ochrany zdravia pri práci.",/Users/kazimir/Desktop/BP/zmluvy_cleaned_checked_strict_valid/11819369.txt
11819371,dotacia,dotacia|dotacie|dotac,True,Zmluva  o poskytnutí dotácie,DOT_001/2026,"ZMLUVA o poskytnutí dotácie z rozpočtu Mesta Bytča, číslo DOT_001/2026 uzatvorená podľa zákona č. 40/1964 Z. z. Občiansky zákonník v znení neskorších predpisov a Všeobecne záväzného nariadenia mesta Bytča č. 14/2016 zo dňa 15.12.2016 o poskytovaní dotácií a Všeobecne záväzného nariadenia mesta Bytča č.4/2023 zo dňa 13.04.2023 o poskytovaní dotácií z rozpočtu mesta (ďalej len „zmluva“) medzi zmluvnými stranami označenými ako Prijímateľ: Mestský hádzanársky klub Bytča Adresa: 014 01 Bytča, Nám. SR 1/1 Zastúpený: IČO: Číslo účtu: Peňažný ústav: p. Peter Valient 37 981 421 SK18 7500 0000 0040 0374 5241 ČSOB a. s., pobočka Bytča a Poskytovateľ: Adresa: Zastúpený: IČO: Číslo účtu: Peňažný ústav: Mesto Bytča Námestie SR č. 1, 014 01 Bytča Ing. Miroslav Minárčik, primátor 00 321 192 IBAN: SK50 5600 0000 0003 6764 8006 PRIMA banka, a. s., Žilina Článok I Predmet zmluvy 1. Predmetom zmluvy je poskytnutie dotácie z rozpočtu mesta Bytča v sume 27 600,- EUR (slovom: Dvadsaťsedemtisícšesťsto Eur), na zabezpečenie športových akcií od 05.01.2026 do 15.12.2026 ( uz. MZ zo dňa 20.11.2025, č.144/2025 a č.145/2025). 2. Dotácia je určená na úhradu bežných vý",/Users/kazimir/Desktop/BP/zmluvy_cleaned_checked_strict_valid/11819371.txt
11819373,other,,True,Zmluva o výpožičke nebytových priestorov,04/2026,"Zmluva o výpožičke nebytových priestorov uzatvorená podľa $ 659 a nasl. zákona č. 40/1964 Zb. Občiansky zákonník v znení neskorších predpisov (ďalej len Občiansky zákonník"") Zmluvné strany: Požičiavateľ: Vypožičiavateľ: Verejnoprospešné služby Liptovský Mikuláš Zapísané: v Živ. registri č. 505-4229 Okresného úradu LM Zastúpené: Ing. Martin Kôgel, riaditeľ Sídlo: Družstevná 1730/1 031 01 Liptovský Mikuláš IČO: 00 183 636 DIČ: 2020427761 IČ DPH: SK 2020427761 IBAN: c SWIFT: ©"" (ďalej len požičiavateľ"") V a Sociálny podnik mesta Liptovský Mikuláš, s. r. o. Zapísané: Obch. reg. Okresného súdu Žilina, oddiel Sro, vl. č. 89016/L Zastúpené: Mgr. Jaromír Kudláček, konateľ Sídlo: Družstevná 1730/1 031 01 Liptovský Mikuláš, IČO: 57 273 430 DIČ: 2122642093 IČ DPH: SK2122642093 Bankové spojenie: (ďalej len vypožičiavateľ"") ČL.I Predmet zmluvy 1. Priestory sú súčasťou nehnuteľnosti - administratívna budova súpisné číslo 1730, postavenej na pozemku nachádzajúcom sa v katastrálnom území Liptovský Mikuláš, obec Liptovský Mikuláš, okres Liptovský Mikuláš, a to parc. č. 5571/1 zastavané plochy a nádvoria o výmere 4153 m"", ktorá je zapísaná Okresným úradom Liptovský Mikuláš, odbor katastrál",/Users/kazimir/Desktop/BP/zmluvy_cleaned_checked_strict_valid/11819373.txt
11819374,sluzby,sluzb|sluzieb,True,Zmluva o poskytovaní služieb,202600001/2025,"Zmluva o poskytovaní služieb č......................... uzatvorená podľa § 269 ods. 2 zákona č. 513/1991 Zb. Obchodný zákonník v znení neskorších predpisov (ďalej len „Obchodný zákonník“) medzi: 1. Objednávateľ Názov: Sídlo: Štatutárny orgán: IČO: DIČ: Bankové spojenie: Číslo účtu IBAN: Kontakt: (ďalej len „Objednávateľ“) 2. Poskytovateľ Obchodné meno: Sídlo: Štatutárny orgán: IČO: DIČ: IČ DPH: Bankové spojenie: Číslo účtu IBAN: Kontakt: Zapísaný: Mesto Prešov Mestský úrad, Hlavná 73, 080 01 Prešov Ing. František Oľha, primátor mesta 00 327 646 2021225679 UniCredit Bank Czech Republic and Slovakia, a.s. SK05 1111 0000 0066 1991 1008 Ing. Adrián Harvan, LL.M. a Technická univerzita v Košiciach Letná 1/9, 042 00 Košice - Sever prof. Ing. Peter Mésároš, PhD., rektor univerzity 00 397 610 2020486710 SK2020486710 Štátna pokladnica SK77 8180 0000 0070 0008 1877 doc. Ing. Peter Oravec, CSc. je verejnoprávna Organizácia inštitúcia v súlade so zákonom č.131/2002 Z. z. o vysokých školách a o zmene a doplnení niektorých zákonov v znení neskorších predpisov, zapísaná v registri Okresného úradu Košice, číslo živnostenského registra 8",/Users/kazimir/Desktop/BP/zmluvy_cleaned_checked_strict_valid/11819374.txt
11819377,dotacia,dotacia|dotacie|dotac,True,Zmluva o poskytnutí dotácie,DOT_002/2026,"ZMLUVA o poskytnutí dotácie z rozpočtu Mesta Bytča, číslo DOT_002/2026 uzatvorená podľa zákona č. 40/1964 Z. z. Občiansky zákonník v znení neskorších predpisov a Všeobecne záväzného nariadenia mesta Bytča č. 14/2016 zo dňa 15.12.2016 o poskytovaní dotácií a Všeobecne záväzného nariadenia mesta Bytča č.4/2023 zo dňa 13.04.2023 o poskytovaní dotácií z rozpočtu mesta (ďalej len „zmluva“) medzi zmluvnými stranami označenými ako Prijímateľ: Adresa: Zastúpený: IČO: Číslo účtu: Peňažný ústav: a Poskytovateľ: Adresa: Zastúpený: IČO: Číslo účtu: Peňažný ústav: TZOB šachový oddiel 014 01 Bytča, Námestie SR 1/1 Ing. Ján Sládek 31 930 719 SK07 0200 0000 0000 7183 4432 VÚB a. s., ÚRP Bytča Mesto Bytča Námestie SR č. 1, 014 01 Bytča Ing. Miroslav Minárčik, primátor 00 321 192 IBAN: SK50 5600 0000 0003 6764 8006 PRIMA banka, a. s., Žilina Článok I Predmet zmluvy 1. Predmetom zmluvy je poskytnutie dotácie z rozpočtu mesta Bytča v sume 850,00,- EUR (slovom: Osemstopäťdesiat Eur), na zabezpečenie športových akcií od 05.01.2026 do 15.12.2026 ( uz. MZ zo dňa 20.11.2025, č.144/2025 a č.145/2025). 2. Dotácia je určená na úhradu bežných výdavkov v súla",/Users/kazimir/Desktop/BP/zmluvy_cleaned_checked_strict_valid/11819377.txt
11819379,dotacia,dotacia|dotacie|dotac,True,Zmluva o poskytnutí dotácie,DOT_003/2026,"ZMLUVA o poskytnutí dotácie z rozpočtu Mesta Bytča, číslo DOT_003/2026 uzatvorená podľa zákona č. 40/1964 Z. z. Občiansky zákonník v znení neskorších predpisov a Všeobecne záväzného nariadenia mesta Bytča č. 14/2016 zo dňa 15.12.2016 o poskytovaní dotácií a Všeobecne záväzného nariadenia mesta Bytča č.4/2023 zo dňa 13.04.2023 o poskytovaní dotácií z rozpočtu mesta (ďalej len „zmluva“) medzi zmluvnými stranami označenými ako Prijímateľ: Adresa: Zastúpený: IČO: Číslo účtu: Peňažný ústav: a Poskytovateľ: Adresa: Zastúpený: IČO: Číslo účtu: Peňažný ústav: TZOB stolnotenisový oddiel 014 01 Bytča, Námestie SR 1/1 Ing. Bohuslav Tiso 31 930 719 SK07 0200 0000 0000 7183 4432 VÚB a. s., ÚRP Bytča Mesto Bytča Námestie SR č. 1, 014 01 Bytča Ing. Miroslav Minárčik, primátor 00 321 192 IBAN: SK50 5600 0000 0003 6764 8006 PRIMA banka, a. s., Žilina Článok I Predmet zmluvy 1. Predmetom zmluvy je poskytnutie dotácie z rozpočtu mesta Bytča v sume 4 000,- EUR (slovom: Štyritisíc Eur), na zabezpečenie športových akcií od 05.01.2026 do 15.12.2026 ( uz. MZ zo dňa 20.11.2025, č.144/2025 a č.145/2025). 2. Dotácia je určená na úhradu bežných výdavkov v s",/Users/kazimir/Desktop/BP/zmluvy_cleaned_checked_strict_valid/11819379.txt
11819381,kupa_predaj,kupna zmluva|predaj,True,Kúpna zmluva,41/2025,"KÚPNA ZMLUVA uzavretá v zmysle ustanovenia §588 a nasledovné Občianskeho zákonníka a ZMLUVA O ZRIADENÍ VECNÉHO BREMENA IN REM uzavretá v súlade s ustanovením § 151n a nasl. Občianskeho zákonníka Článok I Účastníci zmluvy 1. Obec Jelenec sídlo: Hlavná 126, 951 73 Jelenec, SR IČO: 308072 zast. starostom Júliusom Molnárom IBAN č.: SK36 7500 0000 0040 2974 2372 bankové spojenie: ČSOB (ďalej len „predávajúci“) (ďalej aj ako „oprávnený z vecného bremena“) 2. Matilda Murková rod. trvale bytom 95173 Jelenec č. 424, Slovenská republika Dátum narodenia:, r.č. štátny občan SR (ďalej len „kupujúca“) (ďalej aj ako „povinná z vecného bremena“) Článok II Predmet zmluvy 1. Predmetom tejto zmluvy je povinnosť predávajúceho odovzdať predmet kúpy špecifikovaný v článku IV. tejto zmluvy kupujúcej a povinnosť kupujúcej predmet kúpy prevziať a zaplatiť zaň predávajúcemu kúpnu cenu uvedenú v článku V. tejto zmluvy. Článok III Terajší vlastnícky stav a geometrický plán 1. Predávajúci je vedený ako vlastník spoluvlastníckeho podielu v rozsahu 1/1 k nehnuteľnosti zapísanej na liste vlastníctva č. 1393, vedenom Okresným úradom Nitra, katastrálny odbor, pre okres Nitra,",/Users/kazimir/Desktop/BP/zmluvy_cleaned_checked_strict_valid/11819381.txt
11819383,sluzby,prikazn,True,Príkazná zmluva,1/2026,"PRÍKAZNÁ ZMLUVA č. 1/2026 uzatvorená v súlade s ust. § 724 a nasl. zákona č. 40/1964 Zb. Občianskeho zákonníka v znení neskorších predpisov Článok 1 Zmluvné strany Príkazca: Obec Nižný Žipov, Hlavná 177/5, 076 17 Nižný Žipov Štatutárny zástupca: Ing. Ján Garbár IČO:00331775 DIČ:2020773513 Príkazník: Ivana Janičková Článok 2 Predmet zmluvy a miesto výkonu činnosti 2.1. Predmetom zmluvy je vystúpenie na podujatí „Novoročný koncert vianočných piesní“, ktoré sa bude konať 04.01.2026 v Rímskokatolíckom kostole Povýšenia sv. kríža Nižný Žipov. Článok 3 Práva a povinnosti zmluvných strán 3.1. Príkazník sa zaväzuje, že pre príkazcu vykoná prácu podľa predmetu zmluvy. Príkazník túto činnosť vykoná podľa svojich najlepších schopnosti a znalosti v súlade s pokynmi príkazcu. 3.2. Príkazca sa zaväzuje uhradiť dohodnutý honorár za vykonanú prácu vo výške: 300,00 €, slovom: Dvestopäťdesiat eur. Dohodnutá odmena bude vyplatená v hotovosti príkazníka po vykonaní činnosti. Článok 4 Záverečné ustanovenia 4.1. Príkazník súhlasí, aby boli jeho osobné údaje použité pre vnútornú potrebu príkazcu, podľa platných zákonov SR. 4.2. Táto zmluva nadobúda platnosť",/Users/kazimir/Desktop/BP/zmluvy_cleaned_checked_strict_valid/11819383.txt
11819385,dotacia,dotacia|dotacie|dotac,True,Zmluva o poskytnutí dotácie,DOT_004/2026,"ZMLUVA o poskytnutí dotácie z rozpočtu Mesta Bytča, číslo DOT_004/2026 uzatvorená podľa zákona č. 40/1964 Z. z. Občiansky zákonník v znení neskorších predpisov a Všeobecne záväzného nariadenia mesta Bytča č. 14/2016 zo dňa 15.12.2016 o poskytovaní dotácií a Všeobecne záväzného nariadenia mesta Bytča č.4/2023 zo dňa 13.04.2023 o poskytovaní dotácií z rozpočtu mesta (ďalej len „zmluva“) medzi zmluvnými stranami označenými ako Prijímateľ: Adresa: Zastúpený: IČO: Číslo účtu: Peňažný ústav: a Poskytovateľ: Adresa: Zastúpený: IČO: Číslo účtu: Peňažný ústav: Mestský futbalový klub Bytča 014 01 Bytča, Námestie SR 1/1 Ing. Miroslav Minárčik 42 212 944 SK68 5600 0000 0075 0282 8002 ČSOB a. s., pobočka Bytča Mesto Bytča Námestie SR č. 1, 014 01 Bytča Ing. Miroslav Minárčik, primátor 00 321 192 IBAN: SK50 5600 0000 0003 6764 8006 PRIMA banka, a. s., Žilina Článok I Predmet zmluvy 1. Predmetom zmluvy je poskytnutie dotácie z rozpočtu mesta Bytča v sume 46 500,- EUR (slovom: Štyridsaťšesťtisícpäťsto Eur), na zabezpečenie športových akcií od 05.01.2026 do 15.12.2026 ( uz. MZ zo dňa 20.11.2025, č. 144/2025 a č.145/2025). 2. Dotácia je určená na",/Users/kazimir/Desktop/BP/zmluvy_cleaned_checked_strict_valid/11819385.txt
11819387,dotacia,dotacia|dotacie|dotac,True,Zmluva o poskytnutí dotácie,DOT_005/2026,"ZMLUVA o poskytnutí dotácie z rozpočtu Mesta Bytča, číslo DOT_005/2026 uzatvorená podľa zákona č. 40/1964 Z. z. Občiansky zákonník v znení neskorších predpisov a Všeobecne záväzného nariadenia mesta Bytča č. 14/2016 zo dňa 15.12.2016 o poskytovaní dotácií a Všeobecne záväzného nariadenia mesta Bytča č.4/2023 zo dňa 13.04.2023 o poskytovaní dotácií z rozpočtu mesta (ďalej len „zmluva“) medzi zmluvnými stranami označenými ako Prijímateľ: Adresa: Zastúpený: IČO: Číslo účtu: Peňažný ústav: a Poskytovateľ: Adresa: Zastúpený: IČO: Číslo účtu: Peňažný ústav: Horolezecký klub DIRECT Bytča 014 01 Bytča, Malobytčianska 72/2 Mgr. Miloš Skatulok 35 665 157 SK87 0900 0000 0004 2169 9438 Slovenská sporiteľňa a. s., pobočka Bytča Mesto Bytča Námestie SR č. 1, 014 01 Bytča Ing. Miroslav Minárčik, primátor 00 321 192 IBAN: SK50 5600 0000 0003 6764 8006 PRIMA banka, a. s., Žilina Článok I Predmet zmluvy 1. Predmetom zmluvy je poskytnutie dotácie z rozpočtu mesta Bytča v sume 1 000,00,- EUR (slovom: Jedentisíc Eur), na zabezpečenie športových akcií od 05.01.2026 do 15.12.2026 ( uz. MZ zo dňa 20.11.2025, č. 144/2025 a č.145/2025). 2. Dotácia je urče",/Users/kazimir/Desktop/BP/zmluvy_cleaned_checked_strict_valid/11819387.txt
11819389,ramcova,ramcova,True,Potraviny,Zmluva č. 1/2026/DSSBo,"Rámcová kúpna zmluva uzatvorená podľa §269 ods. 2 v spojení s ustanovením § 409 zákona č. 513/1991 Zb. Obchodný zákonník v znení neskorších predpisov medzi zmluvnými stranami (ďalej len ako „zmluva“) 00596248 Kupujúci: Domov sociálnych služieb pre dospelých Bojková Štatutár: Mgr. Marianna Škápiková, riaditeľka IČO: DIČ: 2021043805 Sídlo organizácie: Rozbehy 74, 906 33 Cerová Tel: 034/6583427 email: bojkova@zupa-t..sk Číslo účtu: IBAN: SK 14 8180 0000 0070 0049 2836 Názov banky: Štátna pokladnica Kód banky: 8180 (ďalej aj ako „kupujúci“) 7000492836 zapísaný: a MABONEX SLOVAKIA spol. s r.o. Krajinská cesta 3, 921 01 Piešťany 31428819 2020395982 Ing. Miloš Kriho OS Trnava, Oddiel: Sro, vložka 463/T Predávajúci: sídlo: IČO: DIČ: Štatutár: Registrovaný: bankové spojenie: UniCredit Bank Czech Republic and Slovakia a.s. číslo účtu IBAN: Tel.: e-mail: (ďalej aj ako „predávajúci“) SK21 1111 0000 0066 2701 5000 mabonex@mabonex.sk (kupujúci a predávajúci ďalej spoločne aj ako „zmluvné strany“) Preambula Rámcová kúpna zmluva sa uzatvára ako výsledok cenového prieskumu trhu na zákazku na dodanie potravín určených na stravovanie v rámci",/Users/kazimir/Desktop/BP/zmluvy_cleaned_checked_strict_valid/11819389.txt
11819397,dotacia,dotacia|dotacie|dotac,True,Zmluva o poskytnutí dotácie,DOT_006/2026,"ZMLUVA o poskytnutí dotácie z rozpočtu Mesta Bytča, číslo DOT_006/2026 uzatvorená podľa zákona č. 40/1964 Z. z. Občiansky zákonník v znení neskorších predpisov a Všeobecne záväzného nariadenia mesta Bytča č. 14/2016 zo dňa 15.12.2016 o poskytovaní dotácií a Všeobecne záväzného nariadenia mesta Bytča č.4/2023 zo dňa 13.04.2023 o poskytovaní dotácií z rozpočtu mesta (ďalej len „zmluva“) medzi zmluvnými stranami označenými ako Prijímateľ: Adresa: Zastúpený: IČO: Číslo účtu: Peňažný ústav: a Poskytovateľ: Adresa: Zastúpený: IČO: Číslo účtu: Peňažný ústav: TJ TATRAN Hrabové 014 01 Bytča, Hrabové 215 p. Juraj Gajdošík 37 808 516 SK44 0900 0000 0000 7651 3005 Slovenská sporiteľňa a. s., pobočka Bytča Mesto Bytča Námestie SR č. 1, 014 01 Bytča Ing. Miroslav Minárčik, primátor 00 321 192 IBAN: SK50 5600 0000 0003 6764 8006 PRIMA banka, a. s., Žilina Článok I Predmet zmluvy 1. Predmetom zmluvy je poskytnutie dotácie z rozpočtu mesta Bytča v sume 2 830,00,- EUR (slovom: Dvetisícosemstotridsať Eur), na zabezpečenie športových akcií od 05.01.2026 do 15.12.2026 ( uz. MZ zo dňa 20.11.2025, č.144/2025 a č.145/2025). 2. Dotácia je určená na úhrad",/Users/kazimir/Desktop/BP/zmluvy_cleaned_checked_strict_valid/11819397.txt
11819399,dotacia,dotacia|dotacie|dotac,True,Zmluva o poskytnutí dotácie,DOT_007/2026,"ZMLUVA o poskytnutí dotácie z rozpočtu Mesta Bytča, číslo DOT_007/2026 uzatvorená podľa zákona č. 40/1964 Z. z. Občiansky zákonník v znení neskorších predpisov a Všeobecne záväzného nariadenia mesta Bytča č. 14/2016 zo dňa 15.12.2016 o poskytovaní dotácií a Všeobecne záväzného nariadenia mesta Bytča č.4/2023 zo dňa 13.04.2023 o poskytovaní dotácií z rozpočtu mesta (ďalej len „zmluva“) medzi zmluvnými stranami označenými ako Prijímateľ: Adresa: Zastúpený: IČO: Číslo účtu: Peňažný ústav: a Poskytovateľ: Adresa: Zastúpený: IČO: Číslo účtu: Peňažný ústav: Futbalový klub Hliník 014 01 Bytča, Hliník nad Váhom 177 Ing. Richard Gajdošík 37 909 541 SK25 7500 0000 0040 1918 0919 ČSOB a. s., pobočka Bytča Mesto Bytča Námestie SR č. 1, 014 01 Bytča Ing. Miroslav Minárčik, primátor 00 321 192 IBAN: SK50 5600 0000 0003 6764 8006 PRIMA banka, a. s., Žilina Článok I Predmet zmluvy 1. Predmetom zmluvy je poskytnutie dotácie z rozpočtu mesta Bytča v sume 2 830,00,- EUR (slovom: Dvetisícosemstotridsať Eur), na zabezpečenie športových akcií od 05.01.2026 do 15.12.2026 ( uz. MZ zo dňa 20.11.2025, č.144/2025 a č.145/2025). 2. Dotácia je určená na úhra",/Users/kazimir/Desktop/BP/zmluvy_cleaned_checked_strict_valid/11819399.txt
11819403,dotacia,dotacia|dotacie|dotac,True,Zmluva o poskytnutí dotácie,DOT_008/2026,"ZMLUVA o poskytnutí dotácie z rozpočtu Mesta Bytča, číslo DOT_008/2026 uzatvorená podľa zákona č. 40/1964 Z. z. Občiansky zákonník v znení neskorších predpisov a Všeobecne záväzného nariadenia mesta Bytča č. 14/2016 zo dňa 15.12.2016 o poskytovaní dotácií a Všeobecne záväzného nariadenia mesta Bytča č.4/2023 zo dňa 13.04.2023 o poskytovaní dotácií z rozpočtu mesta (ďalej len „zmluva“) medzi zmluvnými stranami označenými ako Prijímateľ: Adresa: Zastúpený: IČO: Číslo účtu: Peňažný ústav: a Poskytovateľ: Adresa: Zastúpený: IČO: Číslo účtu: Peňažný ústav: TJ Pšurnovice 014 01 Bytča, Pšurnovice 57 p. Marián Šichman 00 631 884 - - Mesto Bytča Námestie SR č. 1, 014 01 Bytča Ing. Miroslav Minárčik, primátor 00 321 192 IBAN: SK50 5600 0000 0003 6764 8006 PRIMA banka, a. s., Žilina Článok I Predmet zmluvy 1. Predmetom zmluvy je poskytnutie dotácie z rozpočtu mesta Bytča v sume 2 830,- EUR (slovom: Dvetisícosemstotridsať Eur), na zabezpečenie športových akcií od 05.01.2026 do 15.12.2026 ( uz. MZ zo dňa 20.11.2025, č.144/2025 a č.145/2025). 2. Dotácia je určená na úhradu bežných výdavkov v súlade s § 5 ods. 3 písm. a) – c) VZN mesta Bytča č",/Users/kazimir/Desktop/BP/zmluvy_cleaned_checked_strict_valid/11819403.txt
11819406,dotacia,dotacia|dotacie|dotac,True,Zmluva o poskytnutí dotácie,DOT_009/2026,"ZMLUVA o poskytnutí dotácie z rozpočtu Mesta Bytča, číslo DOT_009/2026 uzatvorená podľa zákona č. 40/1964 Z. z. Občiansky zákonník v znení neskorších predpisov a Všeobecne záväzného nariadenia mesta Bytča č. 14/2016 zo dňa 15.12.2016 o poskytovaní dotácií a Všeobecne záväzného nariadenia mesta Bytča č.4/2023 zo dňa 13.04.2023 o poskytovaní dotácií z rozpočtu mesta (ďalej len „zmluva“) medzi zmluvnými stranami označenými ako Prijímateľ: Adresa: Zastúpený: IČO: Číslo účtu: Peňažný ústav: a Poskytovateľ: Adresa: Zastúpený: IČO: Číslo účtu: Peňažný ústav: Benet Lawn-tennis Club Bytča 014 01 Bytča, Štefánikova 219 Ing. Peter Beňadik 37 906 135 SK33 7500 0000 0040 0522 7325 ČSOB a. s., pobočka Bytča Mesto Bytča Námestie SR č. 1, 014 01 Bytča Ing. Miroslav Minárčik, primátor 00 321 192 IBAN: SK50 5600 0000 0003 6764 8006 PRIMA banka, a. s., Žilina Článok I Predmet zmluvy 1. Predmetom zmluvy je poskytnutie dotácie z rozpočtu mesta Bytča v sume 1 000,- EUR (slovom: Jedentisíc Eur), na zabezpečenie športových akcií od 05.01.2026 do 15.12.2026 ( uz. MZ zo dňa 20.11.2025, č.144/2025 a č. 145/2025). 2. Dotácia je určená na úhradu bežných výda",/Users/kazimir/Desktop/BP/zmluvy_cleaned_checked_strict_valid/11819406.txt
11819408,dotacia,dotacia|dotacie|dotac,True,Zmluva o poskytnutí dotácie,DOT_010/2026,"ZMLUVA o poskytnutí dotácie z rozpočtu Mesta Bytča, číslo DOT_010/2026 uzatvorená podľa zákona č. 40/1964 Z. z. Občiansky zákonník v znení neskorších predpisov a Všeobecne záväzného nariadenia mesta Bytča č. 14/2016 zo dňa 15.12.2016 o poskytovaní dotácií a Všeobecne záväzného nariadenia mesta Bytča č.4/2023 zo dňa 13.04.2023 o poskytovaní dotácií z rozpočtu mesta (ďalej len „zmluva“) medzi zmluvnými stranami označenými ako Prijímateľ: Adresa: Zastúpený: IČO: Číslo účtu: Peňažný ústav: a Poskytovateľ: Adresa: Zastúpený: IČO: Číslo účtu: Peňažný ústav: ŠK PARA Bytča 014 01 Bytča, S. Sakalovej 1250/99 JUDr. Karol Mihok 14 220 865 SK55 7500 0000 0040 2479 6291 ČSOB a. s., pobočka Bytča Mesto Bytča Námestie SR č. 1, 014 01 Bytča Ing. Miroslav Minárčik, primátor 00 321 192 IBAN: SK50 5600 0000 0003 6764 8006 PRIMA banka, a. s., Žilina Článok I Predmet zmluvy 1. Predmetom zmluvy je poskytnutie dotácie z rozpočtu mesta Bytča v sume 1 000,- EUR (slovom: Jedentisíc Eur), na zabezpečenie športových akcií od 05.01.2026 do 15.12.2026 ( uz. MZ zo dňa 20.11.2025, č.144/2025 a č.145/2025). 2. Dotácia je určená na úhradu bežných výdavkov v súlad",/Users/kazimir/Desktop/BP/zmluvy_cleaned_checked_strict_valid/11819408.txt
11819411,dotacia,dotacia|dotacie|dotac,True,Zmluva o poskytnutí dotácie,DOT_011/2026,"ZMLUVA o poskytnutí dotácie z rozpočtu Mesta Bytča, číslo DOT_011/2026 uzatvorená podľa zákona č. 40/1964 Z. z. Občiansky zákonník v znení neskorších predpisov a Všeobecne záväzného nariadenia mesta Bytča č. 14/2016 zo dňa 15.12.2016 o poskytovaní dotácií a Všeobecne záväzného nariadenia mesta Bytča č.4/2023 zo dňa 13.04.2023 o poskytovaní dotácií z rozpočtu mesta (ďalej len „zmluva“) medzi zmluvnými stranami označenými ako Prijímateľ: Adresa: Zastúpený: IČO: Číslo účtu: Peňažný ústav: a Poskytovateľ: Adresa: Zastúpený: IČO: Číslo účtu: Peňažný ústav: Slovenská asociácia Kung-Fu 014 01 Bytča, Javorová 1001/10 p. Ján Hrankay 37 803 263 SK12 7500 0000 0040 0301 5230 ČSOB a.s., pobočka Bytča Mesto Bytča Námestie SR č. 1, 014 01 Bytča Ing. Miroslav Minárčik, primátor 00 321 192 IBAN: SK50 5600 0000 0003 6764 8006 PRIMA banka, a. s., Žilina Článok I Predmet zmluvy 1. Predmetom zmluvy je poskytnutie dotácie z rozpočtu mesta Bytča v sume 1 000,- EUR (slovom: Jedentisíc Eur), na zabezpečenie športových akcií od 05.01.2026 do 15.12.2026 ( uz. MZ zo dňa 20.12.2025, č. 144/2025 a č.145/2025). 2. Dotácia je určená na úhradu bežných výdavkov",/Users/kazimir/Desktop/BP/zmluvy_cleaned_checked_strict_valid/11819411.txt
11819413,dotacia,dotacia|dotacie|dotac,True,Zmluva o poskytnutí dotácie,DOT_012/2026,"ZMLUVA o poskytnutí dotácie z rozpočtu Mesta Bytča, číslo DOT_012/2026 uzatvorená podľa zákona č. 40/1964 Z. z. Občiansky zákonník v znení neskorších predpisov a Všeobecne záväzného nariadenia mesta Bytča č. 14/2016 zo dňa 15.12.2016 o poskytovaní dotácií a Všeobecne záväzného nariadenia mesta Bytča č.4/2023 zo dňa 13.04.2023 o poskytovaní dotácií z rozpočtu mesta (ďalej len „zmluva“) medzi zmluvnými stranami označenými ako Prijímateľ: Adresa: Zastúpený: IČO: Číslo účtu: Peňažný ústav: Spevácky zbor GLORIA DEO Bytča 014 01 Bytča, Švecova 482/25 Mária Pavúrová 42 433 606 - - a Poskytovateľ: Adresa: Zastúpený: IČO: Číslo účtu: Peňažný ústav: Mesto Bytča Námestie SR č. 1, 014 01 Bytča Ing. Miroslav Minárčik, primátor 00 321 192 IBAN: SK50 5600 0000 0003 6764 8006 PRIMA banka, a. s., Žilina Článok I Predmet zmluvy 1. Predmetom zmluvy je poskytnutie dotácie z rozpočtu mesta Bytča v sume 1 100,- EUR (slovom: Jedentisícsto Eur), na zabezpečenie kultúrnych akcií od 05.01.2026 do 15.12.2026 ( uz. MZ zo dňa 20.11.2025, č.144/2025 a č.145/2025). 2. Dotácia je určená na úhradu bežných výdavkov v súlade s § 5 ods. 3 písm. a) – c) VZN mesta B",/Users/kazimir/Desktop/BP/zmluvy_cleaned_checked_strict_valid/11819413.txt
11819415,dotacia,dotacia|dotacie|dotac,True,Zmluva o poskytnutí dotácie,DOT_013/2026,"ZMLUVA o poskytnutí dotácie z rozpočtu Mesta Bytča, číslo DOT_013/2026 uzatvorená podľa zákona č. 40/1964 Z. z. Občiansky zákonník v znení neskorších predpisov a Všeobecne záväzného nariadenia mesta Bytča č. 14/2016 zo dňa 15.12.2016 o poskytovaní dotácií a Všeobecne záväzného nariadenia mesta Bytča č.4/2023 zo dňa 13.04.2023 o poskytovaní dotácií z rozpočtu mesta (ďalej len „zmluva“) medzi zmluvnými stranami označenými ako Prijímateľ: Adresa: Zastúpený: IČO: Číslo účtu: Peňažný ústav: a Poskytovateľ: Adresa: Zastúpený: IČO: Číslo účtu: Peňažný ústav: Komunitné centrum Ruka v ruke 014 01 Bytča, Rázusova 795/49 Mgr. Alžbeta Tvrdá 51 464 756 SK47 8330 0000 0020 0141 8192 - Mesto Bytča Námestie SR č. 1, 014 01 Bytča Ing. Miroslav Minárčik, primátor 00 321 192 IBAN: SK50 5600 0000 0003 6764 8006 PRIMA banka, a. s., Žilina Článok I Predmet zmluvy 1. Predmetom zmluvy je poskytnutie dotácie z rozpočtu mesta Bytča v sume 1 000,- EUR (slovom: Jedentisíc Eur), na zabezpečenie kultúrnych akcií od 05.01.2026 do 15.12.2026 ( uz. MZ zo dňa 20.11.2025, č.144/2025 a č.145/2025). 2. Dotácia je určená na úhradu bežných výdavkov v súlade s § 5 ods.",/Users/kazimir/Desktop/BP/zmluvy_cleaned_checked_strict_valid/11819415.txt
11819417,dotacia,dotacia|dotacie|dotac,True,Zmluva o poskytnutí dotácie na rok 2025,195/2025,"Kancelária ministra obrany SR Námestie generála Viesta 2 832 47 Bratislava č. KaMO-EL4/16-1-5/2025 ZMLUVA o poskytnutí dotácie na rok 2025 uzavretá podľa § 51 zákona č. 40/1964 Zb. Občiansky zákonník v znení neskorších predpisov v spojení s § 4 ods. 6 zákona č. 435/2010 Z. z. o poskytovaní dotácií v pôsobnosti Ministerstva obrany Slovenskej republiky v znení neskorších predpisov (ďalej len „zmluva“) medzi zmluvnými stranami Poskytovateľ: zastúpený: sídlo: IČO: peňažný ústav: IBAN: e-mail: (ďalej len „poskytovateľ“) Ministerstvo obrany Slovenskej republiky Ing. Karin Silberhorn, riaditeľkou Kancelárie ministra obrany Slovenskej republiky na základe plnomocenstva udeleného podpredsedom vlády a ministrom obrany Slovenskej republiky č. KaMO-14/2025-224 zo dňa 14. novembra 2025 Námestie generála Viesta 2, 832 47 Bratislava 30 845 572 Štátna pokladnica Bratislava SK50 8180 0000 0070 0017 1215 dotacie@mod.gov.sk a Prijímateľ: konajúci: sídlo: IČO: peňažný ústav: IBAN: e-mail: (ďalej len „prijímateľ“) Mesto Medzilaborce Vladislav Višňovský, primátor Mierová 326/4 068 01 Medzilaborce 00 323 233 Článok 1 Predmet zmluvy Predmetom tejt",/Users/kazimir/Desktop/BP/zmluvy_cleaned_checked_strict_valid/11819417.txt
11819419,dotacia,dotacia|dotacie|dotac,True,Zmluva o poskytnutí dotácie,DOT_014/2026,"ZMLUVA o poskytnutí dotácie z rozpočtu Mesta Bytča, číslo DOT_014/2026 uzatvorená podľa zákona č. 40/1964 Z. z. Občiansky zákonník v znení neskorších predpisov a Všeobecne záväzného nariadenia mesta Bytča č. 14/2016 zo dňa 15.12.2016 o poskytovaní dotácií a Všeobecne záväzného nariadenia mesta Bytča č.4/2023 zo dňa 13.04.2023 o poskytovaní dotácií z rozpočtu mesta (ďalej len „zmluva“) medzi zmluvnými stranami označenými ako Prijímateľ: Adresa: Zastúpený: IČO: Číslo účtu: Peňažný ústav: a Poskytovateľ: Adresa: Zastúpený: IČO: Číslo účtu: Peňažný ústav: Stanislav Papik 014 01 Bytča, Malá Bytča 157 p. Stanislav Papik 43 706 045 - - Mesto Bytča Námestie SR č. 1, 014 01 Bytča Ing. Miroslav Minárčik, primátor 00 321 192 IBAN: SK50 5600 0000 0003 6764 8006 PRIMA banka, a. s., Žilina Článok I Predmet zmluvy 1. Predmetom zmluvy je poskytnutie dotácie z rozpočtu mesta Bytča v sume 200,- EUR (slovom: Dvesto Eur) na zabezpečenie Detského Fašiangového škôlkarského karnevalu dňa 13.02.2026 v Malej Bytči ( uz. MZ zo dňa 20.11.2025, č.144/2025 a č.145/2025). 2. Dotácia je určená na financovanie materiálneho zabezpečenia karnevalu, zakúpenia masi",/Users/kazimir/Desktop/BP/zmluvy_cleaned_checked_strict_valid/11819419.txt
11819421,dodatok,dodatok|dodatku,True,Dodatok č.6 k ZMLUVE O NÁJME zo dňa 14.10.2015,0001/2026,"Dodatok č. 6 K ZMLUVE O NÁJME zo dňa 14.10.2015 uzatvorenej v zmysle ustanovení zákona č. 116/1990 Zb. o nájme a podnájme nebytových priestorov v znení neskorších predpisov a ustanovení zákona č. 40/1964 Zb. Občianskeho zákonníka (ďalej len „Dodatok č. 6) Prenajímateľ: Sídlo: Právna forma: Zapísaná: Štatutárny orgán: Zastúpený: IČO: DIČ: IČ DPH: Doplňujúce údaje DPH: Bankové spojenie: Číslo účtu: IBAN: SWIFT: /ďalej len „prenajímateľ“/ a Nájomca: Sídlo: Právna forma: Zapísaná: Štatutárny orgán: Zastúpený: Oprávnený rokovať vo veciach technických: IČO: DIČ: IČ DPH: Doplňujúce údaje DPH: Bankové spojenie: IBAN: SWIFT: I. Zmluvné strany: CASSOFIN, a.s. Letná 27, 043 14 Košice akciová spoločnosť v Obchodnom registri Mestského súdu Košice, oddiel: Sa, vložka č.183/V predstavenstvo Peter Pavlo, podpredseda predstavenstva 00 188 867 2020494663 SK2020494663 Prenajímateľ je platiteľom DPH Československá obchodná banka, a.s. SK447500 0000 0000 1351 0093 CEKOSKBX Železničná spoločnosť Slovensko, a.s. Rožňavská 1, 832 72 Bratislava akciová spoločnosť v Obchodnom registri Mestského súdu Bratislava III, odd. Sa, vložka č. 3497/B",/Users/kazimir/Desktop/BP/zmluvy_cleaned_checked_strict_valid/11819421.txt
11819422,dodatok,dodatok|dodatku,True,Dodatok č. 3 k Zmluve o podnájme nebytových priestorov č. 60/NZ/NP/2016,Dodatok č. 3 k Zmluve o podnájme nebytových priestorov č. 60/NZ/NP/2016,"Dodatok č. 3 k Zmluve o podnájme nebytových priestorov č. 60/NZ/NP/2016 (ďalej len „Dodatok“) Čl. I Zmluvné strany Bytový podnik mesta Košice, s.r.o. Južné nábrežie č. 13, 042 19 Košice Ing. Peter Miklovič, konateľ spoločnosti 44 518 684 SK 2022722075 v Obchodnom registri Mestského súdu Košice, Oddiel: Sro, Vložka číslo: 22846/V Všeobecná úverová banka, a. s. SK72 0200 0000 0000 1850 7512 MUDr. Andrejčáková - REHAB, s.r.o. Americká trieda č. 17, 040 13 Košice MUDr. Katarína Andrejčáková, konateľ spoločnosti 35 911 085 2021924795 v Obchodnom registri Mestského súdu Košice, Oddiel: Sro, Vložka číslo: 15722/V +421905 659 569 Nájomca: Obchodné meno: Sídlo: V mene ktorého koná: IČO: IČ DPH: Zapísaný: Bankové spojenie: Číslo účtu/IBAN: (ďalej len „nájomca“) a Podnájomca: Obchodné meno: Sídlo: V mene ktorého koná: IČO: DIČ: Zapísaná: Telef. kontakt: (ďalej len „podnájomca“) a Nový podnájomca: Obchodné meno: Sídlo: V mene ktorého koná: IČO: DIČ: zapísaný: REHABIS s. r. o. Adlerova č. 2189/20, 040 22 Košice MUDr. Ivana Stoklasová, konateľ spoločnosti 56 981 848 2122535404 v Obchodnom registri Mestského súdu Košice, Oddiel:",/Users/kazimir/Desktop/BP/zmluvy_cleaned_checked_strict_valid/11819422.txt
11819425,dotacia,dotacia|dotacie|dotac,True,Zmluva o poskytnutí dotácie,DOT_015/2026,"ZMLUVA o poskytnutí dotácie z rozpočtu Mesta Bytča, číslo DOT_015/2026 uzatvorená podľa zákona č. 40/1964 Z. z. Občiansky zákonník v znení neskorších predpisov a Všeobecne záväzného nariadenia mesta Bytča č. 14/2016 zo dňa 15.12.2016 o poskytovaní dotácií a Všeobecne záväzného nariadenia mesta Bytča č.4/2023 zo dňa 13.04.2023 o poskytovaní dotácií z rozpočtu mesta (ďalej len „zmluva“) medzi zmluvnými stranami označenými ako Prijímateľ: Okresná organizácia Jednoty dôchodcov Bytča Adresa: 014 01 Bytča, Hrabové 20/20 Zastúpený: IČO: Číslo účtu: Peňažný ústav: Mgr. Jozef Uríček 8970190509 - - a Poskytovateľ: Adresa: Zastúpený: IČO: Číslo účtu: Peňažný ústav: Mesto Bytča Námestie SR č. 1, 014 01 Bytča Ing. Miroslav Minárčik, primátor 00 321 192 IBAN: SK50 5600 0000 0003 6764 8006 PRIMA banka, a. s., Žilina Článok I Predmet zmluvy 1. Predmetom zmluvy je poskytnutie dotácie z rozpočtu mesta Bytča v sume 2 650,- EUR (slovom: Dvetisícšesťstopäťdesiat Eur), na zabezpečenie činnosti klubov od 05.01.2026 do 15.12.2026 ( uz. MZ zo dňa 20.11.2025, č. 144/2025 a č. 145/2025) v nasledovnom členení: Klub dôchodcov Bytča v sume 1 100,- EUR Klub učit",/Users/kazimir/Desktop/BP/zmluvy_cleaned_checked_strict_valid/11819425.txt
11819427,dotacia,dotacia|dotacie|dotac,True,Zmluva o poskytnutí dotácie,DOT_016/2026,"ZMLUVA o poskytnutí dotácie z rozpočtu Mesta Bytča, číslo DOT_016/2026 uzatvorená podľa zákona č. 40/1964 Z. z. Občiansky zákonník v znení neskorších predpisov a Všeobecne záväzného nariadenia mesta Bytča č. 14/2016 zo dňa 15.12.2016 o poskytovaní dotácií a Všeobecne záväzného nariadenia mesta Bytča č.4/2023 zo dňa 13.04.2023 o poskytovaní dotácií z rozpočtu mesta (ďalej len „zmluva“) medzi zmluvnými stranami označenými ako Prijímateľ: Slovenský zväz telesne postihnutých, ZO č.67 Bytča Adresa: 013 51 Predmier, Predmier 401 Zastúpený: IČO: Číslo účtu: Peňažný ústav: Jana Husárová 126649790064 - - a Poskytovateľ: Adresa: Zastúpený: IČO: Číslo účtu: Peňažný ústav: Mesto Bytča Námestie SR č. 1, 014 01 Bytča Ing. Miroslav Minárčik, primátor 00 321 192 IBAN: SK50 5600 0000 0003 6764 8006 PRIMA banka, a. s., Žilina Článok I Predmet zmluvy 1. Predmetom zmluvy je poskytnutie dotácie z rozpočtu mesta Bytča v sume 600,- EUR (slovom: Šesťsto Eur), na zabezpečenie činnosti klubu od 05.01.2026 do 15.12.2026 ( uz. MZ zo dňa 20.11.2025, č. 144/2025 a č. 145/2025). 2. Dotácia je určená na úhradu bežných výdavkov v súlade s § 5 ods. 3 písm. a) – c) VZN",/Users/kazimir/Desktop/BP/zmluvy_cleaned_checked_strict_valid/11819427.txt
11819429,dotacia,dotacia|dotacie|dotac,True,Zmluva o poskytnutí dotácie,DOT_017/2026,"ZMLUVA o poskytnutí dotácie z rozpočtu Mesta Bytča, číslo DOT_017/2026 uzatvorená podľa zákona č. 40/1964 Z. z. Občiansky zákonník v znení neskorších predpisov a Všeobecne záväzného nariadenia mesta Bytča č. 14/2016 zo dňa 15.12.2016 o poskytovaní dotácií a Všeobecne záväzného nariadenia mesta Bytča č.4/2023 zo dňa 13.04.2023 o poskytovaní dotácií z rozpočtu mesta (ďalej len „zmluva“) medzi zmluvnými stranami označenými ako Prijímateľ: Adresa: Zastúpený: IČO: Číslo účtu: Peňažný ústav: a Poskytovateľ: Adresa: Zastúpený: IČO: Číslo účtu: Peňažný ústav: Oblastné združenie chovateľov poštových holubov Bytča 013 51 Predmier, Maršová-Rašov 28 Peter Okrucký 317908520045 - - Mesto Bytča Námestie SR č. 1, 014 01 Bytča Ing. Miroslav Minárčik, primátor 00 321 192 IBAN: SK50 5600 0000 0003 6764 8006 PRIMA banka, a. s., Žilina Článok I Predmet zmluvy 1. Predmetom zmluvy je poskytnutie dotácie z rozpočtu mesta Bytča v sume 500,- EUR (slovom: Päťsto Eur), na zabezpečenie činnosti klubu od 05.01.2026 do 15.12.2026 ( uz. MZ zo dňa 20.11.2025, č. 144/2025 a č. 145/2025). 2. Dotácia je určená na úhradu bežných výdavkov v súlade s § 5 ods. 3 písm.",/Users/kazimir/Desktop/BP/zmluvy_cleaned_checked_strict_valid/11819429.txt
11819431,dodatok,dodatok|dodatku,True,Dodatok č. 6 k Zmluve o nájme č. 44/Am/2000,Dodatok č. 6 k Zmluve o nájme č. 44/Am/2000,"Dodatok č. 6 k Zmluve o nájme č. 44/Am/2000 (ďalej len „Dodatok“) Čl. I Zmluvné strany Bytový podnik mesta Košice, s.r.o. Južné nábrežie č. 13, 042 19 Košice Ing. Peter Miklovič, konateľ spoločnosti 44 518 684 SK 2022722075 v Obchodnom registri Mestského súdu Košice, Oddiel: Sro, Vložka číslo: 22846/V Všeobecná úverová banka, a. s. SK72 0200 0000 0000 1850 7512 MUDr. Andrejčáková - REHAB, s.r.o. Americká trieda č. 17, 040 13 Košice MUDr. Katarína Andrejčáková, konateľ spoločnosti 35 911 085 2021924795 v Obchodnom registri Mestského súdu Košice, Oddiel: Sro, Vložka číslo: 15722/V +421905 659 569 Prenajímateľ: Obchodné meno: Sídlo: V mene ktorého koná: IČO: IČ DPH: Zapísaný: Bankové spojenie: Číslo účtu/IBAN: (ďalej len „prenajímateľ“) a Nájomca: Obchodné meno: Sídlo: V mene ktorého koná: IČO: DIČ: Zapísaná: Telef. kontakt: (ďalej len „nájomca“) a Nový nájomca: Obchodné meno: Sídlo: V mene ktorého koná: IČO: DIČ: zapísaný: REHABIS s. r. o. Adlerova č. 2189/20, 040 22 Košice MUDr. Ivana Stoklasová, konateľ spoločnosti 56 981 848 2122535404 v Obchodnom registri Mestského súdu Košice, Oddiel: Sro, Vložka číslo: 62527/V",/Users/kazimir/Desktop/BP/zmluvy_cleaned_checked_strict_valid/11819431.txt
11819446,najom,najom,True,Zmluva o nájme bytu.,002_2026,"uzatvorená podľa § 685 a nasl. OZ medzi prenajímateľom - Mesto Senica: sídlo: Štefánikova 1408/56, 905 25 Senica zastúpený: Ing. Mgr. Martinom Džačovským, primátorom mesta IČO: 00 309 974 bankové spojenie: SK30 0200 0000 2700 1982 8182 DIČ: 2021039845 v zastúpení povereným zástupcom: meno (názov): Mestský podnik služieb spol.s r.o. sídlo: Hviezdoslavova 477, 905 01 Senica zastúpený: Ing. Jánom Bachurom, konateľom spoločnosti IČO: 31 424 287 bankové spojenie: SK58 5600 0000 0092 0051 0057 DIČ: 2020376303 IČ pre DPH: SK 2020376303 zapísaný v Obchodnom registri OS Trnava odd. Sro, vl.č.143/T a nájomcom: meno: Martin Kuček rodné číslo: adresa trvalého pobytu: spolubývajúce osoby: Habová Zuzana Kuček Dominik Kučková Diana I. 1. Prenajímateľ prenechá nájomcovi do užívania byt číslo: na 4. podlaží obytného domu číslo: na ulici v Senici na dobu určitú. Začiatok nájmu bytu je deň nasledujúci po zverejnení zmluvy v Centrálnom registri zmlúv. Koniec nájmu bytu je 31.12.2028. Byt má ústredné vykurovanie a má 2 obytné miestnosti, predsieň, kúpeľňu, WC. 2. Nájomca pred uzavretím tejto zmluvy splnil povinnosť a uhradil finačnú zábezpeku vo výške 821.1",/Users/kazimir/Desktop/BP/zmluvy_cleaned_checked_strict_valid/11819446.txt
11819448,najom,najom,True,Zmluva o nájme bytu.,001_2026,"uzatvorená podľa § 685 a nasl. OZ medzi prenajímateľom - Mesto Senica: sídlo: Štefánikova 1408/56, 905 25 Senica zastúpený: Ing. Mgr. Martinom Džačovským, primátorom mesta IČO: 00 309 974 bankové spojenie: SK30 0200 0000 2700 1982 8182 DIČ: 2021039845 v zastúpení povereným zástupcom: meno (názov): Mestský podnik služieb spol.s r.o. sídlo: Hviezdoslavova 477, 905 01 Senica zastúpený: Ing. Jánom Bachurom, konateľom spoločnosti IČO: 31 424 287 bankové spojenie: SK58 5600 0000 0092 0051 0057 DIČ: 2020376303 IČ pre DPH: SK 2020376303 zapísaný v Obchodnom registri OS Trnava odd. Sro, vl.č.143/T a nájomcom: meno: Edita Vítková rodné číslo: adresa trvalého pobytu: spolubývajúce osoby: Hypký Juraj I. 1. Prenajímateľ prenechá nájomcovi do užívania byt číslo: na 2. podlaží obytného domu číslo: na ulici v Senici na dobu určitú. Začiatok nájmu bytu je deň nasledujúci po zverejnení zmluvy v Centrálnom registri zmlúv. Koniec nájmu bytu je 31.12.2028. Byt má ústredné vykurovanie a má 1 obytnú miestnosť, kuchyňu, predsieň, kúpeľňu. 2. Nájomca pred uzavretím tejto zmluvy splnil povinnosť a uhradil finačnú zábezpeku vo výške 735.12 EUR. Finančná zábezpeka,",/Users/kazimir/Desktop/BP/zmluvy_cleaned_checked_strict_valid/11819448.txt
11819457,other,,True,Darovacia zmluva,5/2025 TZMO,"DAROVACIA ZMLUVA PZS Uzatvorená v zmysle ustanovení § 628 Občianskeho zákonníka Zmluvné strany Ne PZS Darca: Názov organizácie: Adresa: IČO: DIČ: Zapísaná: Číslo bank. účtu/IBAN: SK64 1100 0000 0029 4806 4577 Zastúpená: TZMO Slovakia s.r.o. Diaľničná cesta 29, 903 01 Senec 36546127 2020160560 v OR MS Bratislava III., oddiel: Sro, Vložka č. 32672/B Dariusz Stefański, konateľ spoločnosti Obdarovaný: Názov organizácie / Priezvisko a meno: Zariadenie pre seniorov sv. Klementa Adresa: IČO: DIČ: Číslo bankového účtu: Zastúpená: Rudňany 83, 053 23 Rudňany 56598971 2122380161 SK49 0200 0000 0050 7936 8854 PhDr. Bohuslav Vaľko – riaditeľ I. Predmet zmluvy Predmetom zmluvy je úprava podmienok, za ktorých darca bezplatne a dobrovoľne ponecháva obdarovanému predmet daru bez toho, že by mal na to právnu povinnosť a obdarovaný dar prijíma na plnenie úloh v rámci predmetu svojej činnosti a v súvislosti s nimi podľa článku III tejto zmluvy. II. Predmet daru Darca daruje obdarovanému peňažný dar vo výške..400...€ Hodnota peňažného daru, znížená o zrazenú sumu dane vyberanej zrážkou vo výške 19 % v zmysle § 43 Zákona o dani z príjmov vo výške......",/Users/kazimir/Desktop/BP/zmluvy_cleaned_checked_strict_valid/11819457.txt
11819459,other,,True,Zmluva o zriadení Spoločného obecného úradu Budimír,028/2025,"ZMLUVA č.1/2025/S0Ú o zriadení Spoločného obecného úradu Budimír uzatvorená podľa $ 20a zákona SNR č. 369/1990 Zb. o obecnom zriadení v znení neskorších predpisov uzatvorená medzi: Učastníci zmluvy: 1. Názov: Obec Budimír Sídlo: Zámocká 22/4, 044 43 Budimír Zastúpená: — Vojtech Staňo, Mgr., starosta obce IČO: 00324001 DIČ: 2021235854 2. Názov: Obec Bačkovík Sídlo: Bačkovík 41, 044 45 Bačkovík Konajúca: — Milan Gábor, starosta obce IČO: 00323934 DIČ: 2021235788 3. Názov: Obec Baška Sídlo: Baška 71, 040 16 Košice 16 Konajúca: Ľubomír Demský, MUDr., starosta obce IČO: 00323942 DIČ: 2021235799 4, Názov: Obec Beniakovce Sídlo: Beniakovce 44, 044 42 Rozhanovce Konajúca: Miroslav Halás, Ing., starosta obce IČO: 00691224 DIČ: 2021261308 5. Názov: Obec Blažice Sídlo: Blažice 53, 044 16 Bohdanovce Konajúca: — Juraj Gmitro, starosta obce IČO: 00690198 DIČ: 2021261176 6. Názov: Obec Bohdanovce Sídlo: Bohdanovce 142, 044 16 Bohdanovce Konajúca: Patrik Beluš, Ing., starosta obce IČO: 00323985 DIČ: 2021235832 7. Názov: Sídlo: Konajúca: IČO: DIČ: 8. Názov: Sídlo: Konajúci: IČO: DIČ: 9. Názov: Sídlo: Konajúca: Ičo: DIČ: 10. Názov: Sídlo: Konajúca: IČO: DIC: 11. Názov: Sídlo: Konajúca: IČO: DIČ: 12",/Users/kazimir/Desktop/BP/zmluvy_cleaned_checked_strict_valid/11819459.txt
11819487,other,,True,Zmluva,049/2025,"ZMLUVA č.1/2025/S0Ú o zriadení Spoločného obecného úradu Budimír uzatvorená podľa $ 20a zákona SNR č. 369/1990 Zb. o obecnom zriadení v znení neskorších predpisov uzatvorená medzi: Učastníci zmluvy: 1. Názov: Obec Budimír Sídlo: Zámocká 22/4, 044 43 Budimír Zastúpená: — Vojtech Staňo, Mgr., starosta obce IČO: 00324001 DIČ: 2021235854 2. Názov: Obec Bačkovík Sídlo: Bačkovík 41, 044 45 Bačkovík Konajúca: — Milan Gábor, starosta obce IČO: 00323934 DIČ: 2021235788 3. Názov: Obec Baška Sídlo: Baška 71, 040 16 Košice 16 Konajúca: Ľubomír Demský, MUDr., starosta obce IČO: 00323942 DIČ: 2021235799 4, Názov: Obec Beniakovce Sídlo: Beniakovce 44, 044 42 Rozhanovce Konajúca: Miroslav Halás, Ing., starosta obce IČO: 00691224 DIČ: 2021261308 5. Názov: Obec Blažice Sídlo: Blažice 53, 044 16 Bohdanovce Konajúca: — Juraj Gmitro, starosta obce IČO: 00690198 DIČ: 2021261176 6. Názov: Obec Bohdanovce Sídlo: Bohdanovce 142, 044 16 Bohdanovce Konajúca: Patrik Beluš, Ing., starosta obce IČO: 00323985 DIČ: 2021235832 7. Názov: Sídlo: Konajúca: IČO: DIČ: 8. Názov: Sídlo: Konajúci: IČO: DIČ: 9. Názov: Sídlo: Konajúca: Ičo: DIČ: 10. Názov: Sídlo: Konajúca: IČO: DIC: 11. Názov: Sídlo: Konajúca: IČO: DIČ: 12",/Users/kazimir/Desktop/BP/zmluvy_cleaned_checked_strict_valid/11819487.txt
11819495,dohoda_ine,dohoda,True,"D O H O D A č. 25/36/010/48 uzatvorená podľa § 10 ods. 12, § 26 ods. 2 písm. g) a ďalších zákona č. 417/2013 Z. z. o pomoci v hmotnej núdzi a o zmene a doplnení niektorých zákonov",25/36/010/48,"Číslo záznamu: č. uzatvorená podľa § 10 ods. 12, § 26 ods. 2 písm. g) a ďalších hmotnej núdzi a o doplnení niektorých zákonov ust. § 51 zákona č. 40/1964 Zb. Občiansky zákonník v znení zákona č. 417/2013 Z. z. o znení neskorších p neskorších predpisov (ďalej len „dohoda“) Úrad práce, sociálnych vecí a rodiny Poprad Sídlo: Hraničná V mene ktorého koná: IČO: 30794536 riaditeľ úrad (ďalej len „úrad“) Obec Uloža Sídlo: Uloža V mene ktorého koná: Pavol Abrahamovský IČO: Uloža (ďalej len „organizátor“) úrad a organizátor ďalej spolu ako aj „účastníci dohody “ Účelom uzatvorenia tejto dohody je najmä aplikácia § 10 zákona č. 417/2013 Z. z. o hmotnej núdzi a o doplnení niektorých zákonov v znení neskorších predpisov (ďalej len „zákon o hmotnej núdzi“) do praxe. Článok I Predmetom tejto dohody je záväzok organizátora realizovať činnosť bližšie špecifikovanú článku II tejto dohody, a to prostredníctvom osôb podľa § 1 ods. 2 zákona o pomoci v hmotnej núdzi nachádzajúcich sa v hmotnej núdzi podľa podmienok zákona o pomoci v hmotnej núdzi (ďalej len „občania“), ktorých účasť na týchto činnostiach zabezpečí úrad. 2. Za občana sa na účely tejto dohody považuje plnoletý",/Users/kazimir/Desktop/BP/zmluvy_cleaned_checked_strict_valid/11819495.txt
11819497,hrobove_miesto,hrobove miesto|hroboveho miesta|hrobov,True,nájom za hrobové miesto,2026/2090003154,"ZMLUVA O NÁJME HROBOVÉHO MIESTA č. 2026/2090003154 Zmluvné strany: 1. MARIANUM - Pohrebníctvo mesta Bratislavy So sídlom: Šafárikovo námestie č. 3, 811 02 Bratislava Zastúpená: Ing. Robert Kováč, MBA - riaditeľ organizácie IČO: 17330190 DIČ: 2020838182 IČ DPH: SK 2020838182 tel.: 02/50 700 101 e-mail: spravacintorinov@marianum.sk www.marianum.sk (ďalej len „prenajímateľ"") 2. Daniel Hevier Adresa: Švabinského 906/12, 85101 Bratislava Dátum narodenia: tel.: (ďalej len „nájomca"") e-mail: uzatvárajú podľa § 663 až 684 Občianskeho zákonníka a zákona č. 131/2010 Z. z. o pohrebníctve (ďalej len „zákon o pohrebníctve"") túto zmluvu o nájme hrobového miesta. Článok I Predmet a účel nájmu 1. Prenajímateľ prenecháva a nájomca prijíma do nájmu, za dohodnutú odplatu a za podmienok uvedených v tejto zmluve, typ miesta Hrobové miesto, sektor 14, chodník -, číslo 27, predchádzajúce číslo hrobu XIV-26, na pohrebisku Cintorín Slávičie údolie, Staré Grunty 47, 841 04 Bratislava – Karlova Ves v Bratislave za účelom uloženia ľudských pozostatkov alebo ostatkov, (ďalej len hrobové miesto). 2. Nájomca hrobového miesta prehlasuje, že bol oboznámený s hrobovým miestom, jeho polohou na",/Users/kazimir/Desktop/BP/zmluvy_cleaned_checked_strict_valid/11819497.txt
11819499,hrobove_miesto,hrobove miesto|hroboveho miesta|hrobov,True,nájom za hrobové miesto,2026/2100000083,"ZMLUVA O NÁJME HROBOVÉHO MIESTA č. 2026/2100000083 Zmluvné strany: 1. MARIANUM - Pohrebníctvo mesta Bratislavy So sídlom: Šafárikovo námestie č. 3, 811 02 Bratislava Zastúpená: Ing. Robert Kováč, MBA - riaditeľ organizácie IČO: 17330190 DIČ: 2020838182 IČ DPH: SK 2020838182 tel.: 02/50 700 101 e-mail: spravacintorinov@marianum.sk www.marianum.sk (ďalej len „prenajímateľ"") 2. Karel Sojka Adresa: Dátum narodenia: tel.: (ďalej len „nájomca"") Nejedlého 3142/33, 84102 Bratislava e-mail: uzatvárajú podľa § 663 až 684 Občianskeho zákonníka a zákona č. 131/2010 Z. z. o pohrebníctve (ďalej len „zákon o pohrebníctve"") túto zmluvu o nájme hrobového miesta. Článok I Predmet a účel nájmu 1. Prenajímateľ prenecháva a nájomca prijíma do nájmu, za dohodnutú odplatu a za podmienok uvedených v tejto zmluve, typ miesta Hrobové miesto, sektor 2, chodník -, číslo 202, predchádzajúce číslo hrobu II-129f, na pohrebisku Cintorín Devín, Brigádnicka 70, 841 10 Bratislava – Devín v Bratislave za účelom uloženia ľudských pozostatkov alebo ostatkov, (ďalej len hrobové miesto). 2. Nájomca hrobového miesta prehlasuje, že bol oboznámený s hrobovým miestom, jeho polohou na pohrebisku, umiest",/Users/kazimir/Desktop/BP/zmluvy_cleaned_checked_strict_valid/11819499.txt
11819501,hrobove_miesto,hrobove miesto|hroboveho miesta|hrobov,True,nájom za hrobové miesto,2026/1020002748,"ZMLUVA O NÁJME HROBOVÉHO MIESTA č. 2026/1020002748 Zmluvné strany: 1. MARIANUM - Pohrebníctvo mesta Bratislavy So sídlom: Šafárikovo námestie č. 3, 811 02 Bratislava Zastúpená: Ing. Robert Kováč, MBA - riaditeľ organizácie IČO: 17330190 DIČ: 2020838182 IČ DPH: SK 2020838182 tel.: 02/50 700 101 e-mail: spravacintorinov@marianum.sk www.marianum.sk (ďalej len „prenajímateľ"") 2. PaedDr. Matej Považaj Adresa: Hrobáková 2497/38, 851 02 Bratislava Dátum narodenia: tel.: (ďalej len „nájomca"") e-mail: uzatvárajú podľa § 663 až 684 Občianskeho zákonníka a zákona č. 131/2010 Z. z. o pohrebníctve (ďalej len „zákon o pohrebníctve"") túto zmluvu o nájme hrobového miesta. Článok I Predmet a účel nájmu 1. Prenajímateľ prenecháva a nájomca prijíma do nájmu, za dohodnutú odplatu a za podmienok uvedených v tejto zmluve, typ miesta Hrobové miesto, sektor 14, chodník -, číslo 88, predchádzajúce číslo hrobu XIV-88, na pohrebisku Cintorín Vrakuňa, Gagarinova 29, 821 07 Bratislava – Vrakuňa v Bratislave za účelom uloženia ľudských pozostatkov alebo ostatkov, (ďalej len hrobové miesto). 2. Nájomca hrobového miesta prehlasuje, že bol oboznámený s hrobovým miestom, jeho polohou na pohre",/Users/kazimir/Desktop/BP/zmluvy_cleaned_checked_strict_valid/11819501.txt
11819503,hrobove_miesto,hrobove miesto|hroboveho miesta|hrobov,True,nájom za hrobové miesto,2026/2090003152,"ZMLUVA O NÁJME HROBOVÉHO MIESTA č. 2026/2090003152 Zmluvné strany: 1. MARIANUM - Pohrebníctvo mesta Bratislavy So sídlom: Šafárikovo námestie č. 3, 811 02 Bratislava Zastúpená: Ing. Robert Kováč, MBA - riaditeľ organizácie IČO: 17330190 DIČ: 2020838182 IČ DPH: SK 2020838182 tel.: 02/50 700 101 e-mail: spravacintorinov@marianum.sk www.marianum.sk (ďalej len „prenajímateľ"") 2. RNDr. Vladimír Černák Adresa: Francisciho 2358/2, 81108 Bratislava Dátum narodenia: tel.: (ďalej len „nájomca"") e-mail: uzatvárajú podľa § 663 až 684 Občianskeho zákonníka a zákona č. 131/2010 Z. z. o pohrebníctve (ďalej len „zákon o pohrebníctve"") túto zmluvu o nájme hrobového miesta. Článok I Predmet a účel nájmu 1. Prenajímateľ prenecháva a nájomca prijíma do nájmu, za dohodnutú odplatu a za podmienok uvedených v tejto zmluve, typ miesta Hrobové miesto, sektor 26, chodník -, číslo 207, predchádzajúce číslo hrobu XXVI-190, na pohrebisku Cintorín Slávičie údolie, Staré Grunty 47, 841 04 Bratislava – Karlova Ves v Bratislave za účelom uloženia ľudských pozostatkov alebo ostatkov, (ďalej len hrobové miesto). 2. Nájomca hrobového miesta prehlasuje, že bol oboznámený s hrobovým miestom, jeho",/Users/kazimir/Desktop/BP/zmluvy_cleaned_checked_strict_valid/11819503.txt
11819505,hrobove_miesto,hrobove miesto|hroboveho miesta|hrobov,True,nájom za hrobové miesto,2026/4190001380,"ZMLUVA O NÁJME HROBOVÉHO MIESTA č. 2026/4190001380 Zmluvné strany: 1. MARIANUM - Pohrebníctvo mesta Bratislavy So sídlom: Šafárikovo námestie č. 3, 811 02 Bratislava Zastúpená: Ing. Robert Kováč, MBA - riaditeľ organizácie IČO: 17330190 DIČ: 2020838182 IČ DPH: SK 2020838182 tel.: 02/50 700 101 e-mail: spravacintorinov@marianum.sk www.marianum.sk (ďalej len „prenajímateľ"") 2. PhDr. Lujza Hanová Adresa: Björsonova 3046/14, 811 05 Bratislava-Staré Mesto Dátum narodenia: tel.: (ďalej len „nájomca"") e-mail: uzatvárajú podľa § 663 až 684 Občianskeho zákonníka a zákona č. 131/2010 Z. z. o pohrebníctve (ďalej len „zákon o pohrebníctve"") túto zmluvu o nájme hrobového miesta. Článok I Predmet a účel nájmu 1. Prenajímateľ prenecháva a nájomca prijíma do nájmu, za dohodnutú odplatu a za podmienok uvedených v tejto zmluve, typ miesta Urnové miesto, sektor 9, chodník 5, číslo 273/4, predchádzajúce číslo hrobu -, na pohrebisku Krematórium Bratislava, Hodonínska 44, 841 03 Bratislava – Záhorská Bystrica v Bratislave za účelom uloženia ľudských pozostatkov alebo ostatkov, (ďalej len hrobové miesto). 2. Nájomca hrobového miesta prehlasuje, že bol oboznámený s hrobovým miestom,",/Users/kazimir/Desktop/BP/zmluvy_cleaned_checked_strict_valid/11819505.txt
11819507,hrobove_miesto,hrobove miesto|hroboveho miesta|hrobov,True,nájom za hrobové miesto,2026/1010002036,"ZMLUVA O NÁJME HROBOVÉHO MIESTA č. 2026/1010002036 Zmluvné strany: 1. MARIANUM - Pohrebníctvo mesta Bratislavy So sídlom: Šafárikovo námestie č. 3, 811 02 Bratislava Zastúpená: Ing. Robert Kováč, MBA - riaditeľ organizácie IČO: 17330190 DIČ: 2020838182 IČ DPH: SK 2020838182 tel.: 02/50 700 101 e-mail: spravacintorinov@marianum.sk www.marianum.sk (ďalej len „prenajímateľ"") 2. Tomáš Méri Adresa: Dátum narodenia: tel.: (ďalej len „nájomca"") Jasovská 3126/13, 85107 Bratislava e-mail: uzatvárajú podľa § 663 až 684 Občianskeho zákonníka a zákona č. 131/2010 Z. z. o pohrebníctve (ďalej len „zákon o pohrebníctve"") túto zmluvu o nájme hrobového miesta. Článok I Predmet a účel nájmu 1. Prenajímateľ prenecháva a nájomca prijíma do nájmu, za dohodnutú odplatu a za podmienok uvedených v tejto zmluve, typ miesta Hrobové miesto, sektor 32, chodník -, číslo 197, predchádzajúce číslo hrobu XXXII-158, na pohrebisku Martinský cintorín, Trnavská cesta 110, 821 01 Bratislava – Ružinov v Bratislave za účelom uloženia ľudských pozostatkov alebo ostatkov, (ďalej len hrobové miesto). 2. Nájomca hrobového miesta prehlasuje, že bol oboznámený s hrobovým miestom, jeho polohou na pohrebi",/Users/kazimir/Desktop/BP/zmluvy_cleaned_checked_strict_valid/11819507.txt
11819509,hrobove_miesto,hrobove miesto|hroboveho miesta|hrobov,True,nájom za hrobové miesto,2026/2090003153,"ZMLUVA O NÁJME HROBOVÉHO MIESTA č. 2026/2090003153 Zmluvné strany: 1. MARIANUM - Pohrebníctvo mesta Bratislavy So sídlom: Šafárikovo námestie č. 3, 811 02 Bratislava Zastúpená: Ing. Robert Kováč, MBA - riaditeľ organizácie IČO: 17330190 DIČ: 2020838182 IČ DPH: SK 2020838182 tel.: 02/50 700 101 e-mail: spravacintorinov@marianum.sk www.marianum.sk (ďalej len „prenajímateľ"") 2. Daniel Hevier Adresa: Švabinského 906/12, 85101 Bratislava Dátum narodenia: tel.: (ďalej len „nájomca"") e-mail: uzatvárajú podľa § 663 až 684 Občianskeho zákonníka a zákona č. 131/2010 Z. z. o pohrebníctve (ďalej len „zákon o pohrebníctve"") túto zmluvu o nájme hrobového miesta. Článok I Predmet a účel nájmu 1. Prenajímateľ prenecháva a nájomca prijíma do nájmu, za dohodnutú odplatu a za podmienok uvedených v tejto zmluve, typ miesta Hrobové miesto, sektor 14, chodník -, číslo 26, predchádzajúce číslo hrobu XIV-25, na pohrebisku Cintorín Slávičie údolie, Staré Grunty 47, 841 04 Bratislava – Karlova Ves v Bratislave za účelom uloženia ľudských pozostatkov alebo ostatkov, (ďalej len hrobové miesto). 2. Nájomca hrobového miesta prehlasuje, že bol oboznámený s hrobovým miestom, jeho polohou na",/Users/kazimir/Desktop/BP/zmluvy_cleaned_checked_strict_valid/11819509.txt
11819511,hrobove_miesto,hrobove miesto|hroboveho miesta|hrobov,True,nájom za hrobové miesto,2026/1020002746,"ZMLUVA O NÁJME HROBOVÉHO MIESTA č. 2026/1020002746 Zmluvné strany: 1. MARIANUM - Pohrebníctvo mesta Bratislavy So sídlom: Šafárikovo námestie č. 3, 811 02 Bratislava Zastúpená: Ing. Robert Kováč, MBA - riaditeľ organizácie IČO: 17330190 DIČ: 2020838182 IČ DPH: SK 2020838182 tel.: 02/50 700 101 e-mail: spravacintorinov@marianum.sk www.marianum.sk (ďalej len „prenajímateľ"") 2. Mgr. Sopio Melikishvili, PhD. Adresa: Staneková 4503/27, 84103 Bratislava Dátum narodenia: tel.: (ďalej len „nájomca"") e-mail: uzatvárajú podľa § 663 až 684 Občianskeho zákonníka a zákona č. 131/2010 Z. z. o pohrebníctve (ďalej len „zákon o pohrebníctve"") túto zmluvu o nájme hrobového miesta. Článok I Predmet a účel nájmu 1. Prenajímateľ prenecháva a nájomca prijíma do nájmu, za dohodnutú odplatu a za podmienok uvedených v tejto zmluve, typ miesta Hrobové miesto, sektor 8, chodník -, číslo 230, predchádzajúce číslo hrobu -, na pohrebisku Cintorín Vrakuňa, Gagarinova 29, 821 07 Bratislava – Vrakuňa v Bratislave za účelom uloženia ľudských pozostatkov alebo ostatkov, (ďalej len hrobové miesto). 2. Nájomca hrobového miesta prehlasuje, že bol oboznámený s hrobovým miestom, jeho polohou na poh",/Users/kazimir/Desktop/BP/zmluvy_cleaned_checked_strict_valid/11819511.txt
11819513,hrobove_miesto,hrobove miesto|hroboveho miesta|hrobov,True,nájom za hrobové miesto,2026/2090003151,"ZMLUVA O NÁJME HROBOVÉHO MIESTA č. 2026/2090003151 Zmluvné strany: 1. MARIANUM - Pohrebníctvo mesta Bratislavy So sídlom: Šafárikovo námestie č. 3, 811 02 Bratislava Zastúpená: Ing. Robert Kováč, MBA - riaditeľ organizácie IČO: 17330190 DIČ: 2020838182 IČ DPH: SK 2020838182 tel.: 02/50 700 101 e-mail: spravacintorinov@marianum.sk www.marianum.sk (ďalej len „prenajímateľ"") 2. Dr. Daniel Skodacek Adresa: Steinbergstrasse 3, 83666 Waakirchen / Marienstein Dátum narodenia: tel.: (ďalej len „nájomca"") e-mail: uzatvárajú podľa § 663 až 684 Občianskeho zákonníka a zákona č. 131/2010 Z. z. o pohrebníctve (ďalej len „zákon o pohrebníctve"") túto zmluvu o nájme hrobového miesta. Článok I Predmet a účel nájmu 1. Prenajímateľ prenecháva a nájomca prijíma do nájmu, za dohodnutú odplatu a za podmienok uvedených v tejto zmluve, typ miesta Urnové miesto, sektor 37, chodník -, číslo 382/1, predchádzajúce číslo hrobu -, na pohrebisku Cintorín Slávičie údolie, Staré Grunty 47, 841 04 Bratislava – Karlova Ves v Bratislave za účelom uloženia ľudských pozostatkov alebo ostatkov, (ďalej len hrobové miesto). 2. Nájomca hrobového miesta prehlasuje, že bol oboznámený s hrobovým miestom",/Users/kazimir/Desktop/BP/zmluvy_cleaned_checked_strict_valid/11819513.txt
11819515,hrobove_miesto,hrobove miesto|hroboveho miesta|hrobov,True,nájom za hrobové miesto,2026/1020002747,"ZMLUVA O NÁJME HROBOVÉHO MIESTA č. 2026/1020002747 Zmluvné strany: 1. MARIANUM - Pohrebníctvo mesta Bratislavy So sídlom: Šafárikovo námestie č. 3, 811 02 Bratislava Zastúpená: Ing. Robert Kováč, MBA - riaditeľ organizácie IČO: 17330190 DIČ: 2020838182 IČ DPH: SK 2020838182 tel.: 02/50 700 101 e-mail: spravacintorinov@marianum.sk www.marianum.sk (ďalej len „prenajímateľ"") 2. Ľubor Lukáčka Adresa: Belinského 1048/11, 85101 Bratislava Dátum narodenia: tel.: (ďalej len „nájomca"") e-mail: uzatvárajú podľa § 663 až 684 Občianskeho zákonníka a zákona č. 131/2010 Z. z. o pohrebníctve (ďalej len „zákon o pohrebníctve"") túto zmluvu o nájme hrobového miesta. Článok I Predmet a účel nájmu 1. Prenajímateľ prenecháva a nájomca prijíma do nájmu, za dohodnutú odplatu a za podmienok uvedených v tejto zmluve, typ miesta Hrobové miesto, sektor 21, chodník -, číslo 284, predchádzajúce číslo hrobu -, na pohrebisku Cintorín Vrakuňa, Gagarinova 29, 821 07 Bratislava – Vrakuňa v Bratislave za účelom uloženia ľudských pozostatkov alebo ostatkov, (ďalej len hrobové miesto). 2. Nájomca hrobového miesta prehlasuje, že bol oboznámený s hrobovým miestom, jeho polohou na pohrebisku, umies",/Users/kazimir/Desktop/BP/zmluvy_cleaned_checked_strict_valid/11819515.txt
11819519,hrobove_miesto,hrobove miesto|hroboveho miesta|hrobov,True,Zmluva o nájme hrobového miesta č. 1/K/26,1/K/26,"ZMLUVA O NÁJME HROBOVÉHO MIESTA č. 1/K/26 uzatvorená podľa Občianskeho zákonníka a zákona č. 131/2010 Z. z. o pohrebníctve v znení neskorších predpisov Zmluvné strany: Správa mestskej zelene v Košiciach 1. Sídlo: IČO: IČ DPH: Štatutárny orgán: IBAN: Rastislavova 79, 040 01 Košice 170 78 202 SK2021157556 Ing. Marta Popríková, riaditeľka SK42 5600 0000 0004 4386 9004 (ďalej len prenajímateľ ) 2. Ing. Pavol Gona (ďalej len nájomca) Článok I Predmet a účel nájmu 1. 2. Prenajímateľ prenecháva a nájomca prijíma do nájmu, za podmienok uvedených v tejto zmluve, urnové miesto, parcela č. UHI, rad 9, č. hrobu 17 v Krematóriu v Košiciach, Zelený dvor 1. Hrobové miesto prenecháva prenajímateľ nájomcovi do nájmu za účelom vybudovania hrobu, hrobky alebo uloženia urny do kolumbária, na uloženie ľudských pozostatkov alebo ostatkov. Výmera hrobového miesta je 2,75 m² (1,1 x 2,5 m), hrobového miesta pre dieťa je 0,84 m² (1,2 x 0,70 m), urnového miesta je 1 m² (1 x 1m), schránky v kolumbáriu je 0,042 m². Článok II Služby Prenajímateľ bude počas trvania nájomného vzťahu poskytovať nájomcovi služby, a to: odvoz odpadu z pohrebiska, • • dodávka úžitkovej vody - okrem zimného obdobia, p",/Users/kazimir/Desktop/BP/zmluvy_cleaned_checked_strict_valid/11819519.txt
11819521,hrobove_miesto,hrobove miesto|hroboveho miesta|hrobov,True,Zmluva o nájme hrobového miesta č. 1/C/26,1/C/26,"ZMLUVA O NÁJME HROBOVÉHO MIESTA č. 1/C/26 uzatvorená podľa Občianskeho zákonníka a zákona č. 131/2010 Z. z. o pohrebníctve v znení neskorších predpisov Zmluvné strany: Správa mestskej zelene v Košiciach 1. Sídlo: IČO: IČ DPH: Štatutárny orgán: IBAN: Rastislavova 79, 040 01 Košice 170 78 202 SK2021157556 Ing. Marta Popríková, riaditeľka SK42 5600 0000 0004 4386 9004 (ďalej len prenajímateľ ) 2. Jolana Horváthová (ďalej len nájomca) Článok I Predmet a účel nájmu 1. 2. Prenajímateľ prenecháva a nájomca prijíma do nájmu, za podmienok uvedených v tejto zmluve, hrobku, parcela č. 15, rad 17, č. hrobu 109 na Verejnom cintoríne v Košiciach, Rastislavova 83. Hrobové miesto prenecháva prenajímateľ nájomcovi do nájmu za účelom vybudovania hrobu, hrobky alebo uloženia urny do kolumbária, na uloženie ľudských pozostatkov alebo ostatkov. Výmera hrobového miesta je 2,75 m² (1,1 x 2,5 m), hrobového miesta pre dieťa je 0,84 m² (1,2 x 0,70 m), urnového miesta je 1 m² (1 x 1m), schránky v kolumbáriu je 0,042 m². Článok II Služby Prenajímateľ bude počas trvania nájomného vzťahu poskytovať nájomcovi služby, a to: odvoz odpadu z pohrebiska, • • dodávka úžitkovej vody - okrem zimného obd",/Users/kazimir/Desktop/BP/zmluvy_cleaned_checked_strict_valid/11819521.txt
11819523,hrobove_miesto,hrobove miesto|hroboveho miesta|hrobov,True,Zmluva o nájme hrobového miesta č. 2/C/26,2/C/26,"ZMLUVA O NÁJME HROBOVÉHO MIESTA č. 2/C/26 uzatvorená podľa Občianskeho zákonníka a zákona č. 131/2010 Z. z. o pohrebníctve v znení neskorších predpisov Zmluvné strany: Správa mestskej zelene v Košiciach 1. Sídlo: IČO: IČ DPH: Štatutárny orgán: IBAN: Rastislavova 79, 040 01 Košice 170 78 202 SK2021157556 Ing. Marta Popríková, riaditeľka SK42 5600 0000 0004 4386 9004 (ďalej len prenajímateľ ) 2. Agáta Hanková (ďalej len nájomca) Článok I Predmet a účel nájmu 1. 2. Prenajímateľ prenecháva a nájomca prijíma do nájmu, za podmienok uvedených v tejto zmluve, hrobku, parcela č. 21, rad 8, č. hrobu 38 na Verejnom cintoríne v Košiciach, Rastislavova 83. Hrobové miesto prenecháva prenajímateľ nájomcovi do nájmu za účelom vybudovania hrobu, hrobky alebo uloženia urny do kolumbária, na uloženie ľudských pozostatkov alebo ostatkov. Výmera hrobového miesta je 2,75 m² (1,1 x 2,5 m), hrobového miesta pre dieťa je 0,84 m² (1,2 x 0,70 m), urnového miesta je 1 m² (1 x 1m), schránky v kolumbáriu je 0,042 m². Článok II Služby Prenajímateľ bude počas trvania nájomného vzťahu poskytovať nájomcovi služby, a to: odvoz odpadu z pohrebiska, • • dodávka úžitkovej vody - okrem zimného obdobia,",/Users/kazimir/Desktop/BP/zmluvy_cleaned_checked_strict_valid/11819523.txt
11819525,hrobove_miesto,hrobove miesto|hroboveho miesta|hrobov,True,Zmluva o nájme hrobového miesta č. 3/C/26,3/C/26,"ZMLUVA O NÁJME HROBOVÉHO MIESTA č. 3/C/26 uzatvorená podľa Občianskeho zákonníka a zákona č. 131/2010 Z. z. o pohrebníctve v znení neskorších predpisov Zmluvné strany: Správa mestskej zelene v Košiciach 1. Sídlo: IČO: IČ DPH: Štatutárny orgán: IBAN: Rastislavova 79, 040 01 Košice 170 78 202 SK2021157556 Ing. Marta Popríková, riaditeľka SK42 5600 0000 0004 4386 9004 (ďalej len prenajímateľ ) 2. Ing. Milan Madlenák (ďalej len nájomca) Článok I Predmet a účel nájmu 1. 2. Prenajímateľ prenecháva a nájomca prijíma do nájmu, za podmienok uvedených v tejto zmluve, urnové miesto, parcela č. 16UH, rad 8, č. hrobu 1B na Verejnom cintoríne v Košiciach, Rastislavova 83. Hrobové miesto prenecháva prenajímateľ nájomcovi do nájmu za účelom vybudovania hrobu, hrobky alebo uloženia urny do kolumbária, na uloženie ľudských pozostatkov alebo ostatkov. Výmera hrobového miesta je 2,75 m² (1,1 x 2,5 m), hrobového miesta pre dieťa je 0,84 m² (1,2 x 0,70 m), urnového miesta je 1 m² (1 x 1m), schránky v kolumbáriu je 0,042 m². Článok II Služby Prenajímateľ bude počas trvania nájomného vzťahu poskytovať nájomcovi služby, a to: odvoz odpadu z pohrebiska, • • dodávka úžitkovej vody - okrem zi",/Users/kazimir/Desktop/BP/zmluvy_cleaned_checked_strict_valid/11819525.txt
11819527,hrobove_miesto,hrobove miesto|hroboveho miesta|hrobov,True,Zmluva o nájme hrobového miesta č. 4/C/26,4/C/26,"ZMLUVA O NÁJME HROBOVÉHO MIESTA č. 4/C/26 uzatvorená podľa Občianskeho zákonníka a zákona č. 131/2010 Z. z. o pohrebníctve v znení neskorších predpisov Zmluvné strany: Správa mestskej zelene v Košiciach 1. Sídlo: IČO: IČ DPH: Štatutárny orgán: IBAN: Rastislavova 79, 040 01 Košice 170 78 202 SK2021157556 Ing. Marta Popríková, riaditeľka SK42 5600 0000 0004 4386 9004 (ďalej len prenajímateľ ) 2. Ing. Andrea Štefanová (ďalej len nájomca) Článok I Predmet a účel nájmu 1. 2. Prenajímateľ prenecháva a nájomca prijíma do nájmu, za podmienok uvedených v tejto zmluve, hrobku, parcela č. 18C, rad 3, č. hrobu 8 na Verejnom cintoríne v Košiciach, Rastislavova 83. Hrobové miesto prenecháva prenajímateľ nájomcovi do nájmu za účelom vybudovania hrobu, hrobky alebo uloženia urny do kolumbária, na uloženie ľudských pozostatkov alebo ostatkov. Výmera hrobového miesta je 2,75 m² (1,1 x 2,5 m), hrobového miesta pre dieťa je 0,84 m² (1,2 x 0,70 m), urnového miesta je 1 m² (1 x 1m), schránky v kolumbáriu je 0,042 m². Článok II Služby Prenajímateľ bude počas trvania nájomného vzťahu poskytovať nájomcovi služby, a to: odvoz odpadu z pohrebiska, • • dodávka úžitkovej vody - okrem zimného o",/Users/kazimir/Desktop/BP/zmluvy_cleaned_checked_strict_valid/11819527.txt
11819537,najom,najom,True,Zmluva o nájme bytu,214/3/2025,"Zmluva o nájme obecného bytu uzavretá podľa § 685 a nasl. Občianskeho zákonníka a § 12 zákona č. 443/2010 Z.z. o dotáciách na rozvoj bývania a o sociálnom bývaní v znení neskorších predpisov Článok I Zmluvné strany Prenajímateľ: Obec Košolná Sídlo: 919 01 Košolná 44 IČO: 00 312 673 Štatutárny zástupca: zast. PhDr. Martin Halaksa, PhD., starosta obce Bankové spojenie: Prima banka Slovensko, a.s. SK88 5600 0000 00105460 2001 /ďalej ako „Prenajímateľ“/ a Nájomca: Ing. Mária Danihelová rod..................... Dátum narodenia:................... Rodné číslo:................... Trvalé bydlisko: Dolné Orešany........ Telefonický kontakt / e-mail:............................. Bankové spojenie: /ďalej ako „Nájomca“/ v súlade s ustanovením § 685 a nasl. Občianskeho zákonníka, v zmysle Všeobecne záväzných nariadení upravujúcich nájom nájomných bytov v obci Košolná a zákona č. 443/2010 Z.z. o dotáciách na rozvoj bývania a o sociálnom bývaní v znení neskorších predpisov uzatvárajú túto Zmluvu o opakovanom nájme obecného bytu /ďalej ako „Zmluva“/. Článok II Predmet nájmu 1/ Prenajímateľ je výlučným vlastníkom nehnuteľností zapísaných na",/Users/kazimir/Desktop/BP/zmluvy_cleaned_checked_strict_valid/11819537.txt
11819569,prispevok,prispevok|prispevku|financnych prostriedk,True,Zmluva o poskytovaní finančného príspevku na prevádzku poskytovanej sociálnej služby neverejnému poskytovateľovi sociálnej služby,1140,"Zmluva o poskytovaní finančného príspevku na prevádzku poskytovanej sociálnej služby neverejnému poskytovateľovi sociálnej služby, uzatvorená v zmysle § 51 Občianskeho zákonníka v nadväznosti na § 80 písm. h) bod 2 a § 75 ods. 1 písm. a) bod 2 zákona č. 448/2008 Z. z. sociálnych službách a o zmene a doplnení zákona č. 455/1991 Zb. o živnostenskom podnikaní (živnostenský zákon) v znení neskorších predpisov Starý Smokovec 18001, 062 01 Vysoké Tatry Zmluvné strany MESTO VYSOKÉ TATRY Sídlo: v zastúpení: Jozefom Štefaňákom, primátorom mesta IČO: 00326585 Bankové spojenie: IBAN: SK18 0200 0000 0000 2692 5562 BIC: (ďalej len „poskytovateľ“) Všeobecná úverová banka, a.s. SUBASKBX Neverejný poskytovateľ: DOM SENIOROV, Tatranská Štrba, n. o. sídlo: Horská 76/28, 059 41 Tatranská Štrba Druh sociálnej služby: Zariadenie pre seniorov v zastúpení: Ing. Tomáš Hyben, PhD. - riaditeľ IČO: 45743991 DIČ: Bankové spojenie: Slovenská Sporiteľňa IBAN: BIC: (ďalej len „žiadateľ“) SK18 0900 0000 0050 6832 2041 uzatvárajú túto Zmluvu o poskytovaní finančného príspevku na prevádzku poskytovanej sociálnej služby neverejnému poskytovateľovi sociálnej služby Čl. I",/Users/kazimir/Desktop/BP/zmluvy_cleaned_checked_strict_valid/11819569.txt
11819571,najom,najom,True,Zmluva o krátkodobom nájme nebytových priestorov,SNM-MT-NZ-2026/14,"Zmluva o krátkodobom nájme nebytových priestorov uzatvorená v zmysle zákona č. 116/1990 Zb. o nájme a podnájme nebytových priestorov v znení neskorších predpisov, v zmysle zákona č. 40/1964 Zb. Občiansky zákonník v znení neskorších predpisov a v súlade so zákonom NR SR č. 278/1993 Z. z. o správe majetku štátu v znení neskorších predpisov (ďalej len „zmluva“) medzi: Číslo zmluvy SNM: SNM-MT-NZ-2026/14 Zmluvné strany: Prenajímateľ: Sídlo: Štatutárny zástupca: Právna forma: Organizačný útvar: Slovenská republika ako vlastník Slovenské národné múzeum ako správca Vajanského nábrežie 2, P.O.BOX 13, 810 06 Bratislava PhDr. Vieroslava Bernátová, generálna riaditeľka štátna príspevková organizácia Slovenské národné múzeum – Múzeá v Martine sídlom Malá hora 2, P.O.BOX 155, 036 80 Martin Mgr. Zuzana Ďurčová, riaditeľka SNM – Múzeí v Martine Zastúpený: Bankové spojenie IBAN: IČO: DIČ: IČ DPH: Zamestnanec oprávnený konať vo veciach realizácie zmluvy: XXX XXX Kontakty: XXX Štátna pokladnica XXX XXX XXX XXX Nájomca: Sídlo: IČO: DIČ: Bankové spojenie: IBAN: Zastúpený: Zapísaný: Kontakty: ( ďalej len „prenajímateľ“ ) Kultúrne centrum Museum",/Users/kazimir/Desktop/BP/zmluvy_cleaned_checked_strict_valid/11819571.txt
11819590,energie,elektr|energie|plyn,True,Zmluva o združenej dodávke elektriny s prevzatím zodpovednosti za odchýlku č. 1112334,59/2025,"ZMLUVA O ZDRUŽENEJ DODÁVKE ELEKTRINY S PREVZATÍM ZODPOVEDNOSTI ZA ODCHÝLKU č. 1112334 (ďalej len „Zmluva“) Táto zmluva sa uzatvára ako výsledok verejného obstarávania v zmysle zákona č. 343/2015 Z.z. o verejnom obstarávaní a o zmene a doplnení niektorých zákonov v znení neskorších predpisov. Odberateľ na obstaranie predmetu tejto zmluvy použil postup verejného obstarávania – nadlimitnú zákazku zadávanú výzvou na predkladanie ponúk. Zmluva podlieha ustanoveniam Rámcovej dohody č. RD – 1/2025/EE o združenej dodávke elektrickej energie a je uzavretá v zmysle § 269 ods.2 zákona č. 513/1991 Zb. Obchodný zákonník v znení neskorších predpisov medzi zmluvnými stranami: Čl. I. Zmluvné strany Energie2, a.s., odštepný závod Energie2, a.s. - Predaj elektriny a plynu, o.z. Lazaretská 3a, 811 08 Bratislava Mgr. Peter Poláček – vedúci organizačnej zložky +421 850 166 066 46 113 177 DIČ: 2023235225 Názov: Sídlo: Zastúpený: Kontakt: IČO: E-mail: info@energie2.sk Bank. spojenie: Všeobecná úverová banka, a. s. Číslo účtu (IBAN): SK10 0200 0000 0040 8141 4253 Zapísaný: Obchodný register, Mestský súd Bratislava III, oddiel Sa, vl. č. 5389/B IČ DPH: SK2023235225 Povol",/Users/kazimir/Desktop/BP/zmluvy_cleaned_checked_strict_valid/11819590.txt
11819605,najom,najom,True,Zmluva o nájme nebytových priestorov,62/2025,"Číslo zmluvy: 62/2025 Zmluva o nájme nebytových priestorov uzatvorená medzi týmito zmluvnými stranami podľa zákona SNR č. 116/1990 Zb.: OBEC TEHLA Prenajímateľ: Sídlo: Tehla 88, 935 35 Tehla IČO: 00587613 DIČ: 2021224029 Bankové spojenie: Prima banka Slovensko, a.s. IBAN: SK18 5600 0000 0022 2901 0003 Štatutárny zástupca: Ing. Tibor Taldík, MBA, starosta obce (ďalej iba „prenajímateľ“) a Nájomca: Zastúpenie: Sídlo: IČO: (ďalej iba „nájomca“) Dúhové kvety OZ Veronika Hán - predseda Tehla 79, 935 35 Tehla 55851681 Článok I. Predmet a účel nájmu 1. Predmetom tejto zmluvy je nájom nebytových priestorov v budove s. č. 23 (miestnosť 1.05, 1.06 a 1.07), Tehla 23, 935 35 Tehla, k. ú. Tehla, ktorého výlučným vlastníkom je prenajímateľ. 2. Prenajímateľ prenecháva nájomcovi do užívania časť vyššie uvedených nebytových priestorov v zmysle prílohy č. 1 tejto zmluvy. 3. Nebytové priestory, ktoré sa prenajímajú, budú využívané ako rodinné centrum. Článok II. Doba platnosti a zánik 1. Priestory uvedené v článku I. tejto zmluvy sa prenajímajú od 01.01.2026 na dobu neurčitú. 2. Nájomný vzťah môže zaniknúť pred uplynutím doby uvedenej v ods. 1 tohto člán",/Users/kazimir/Desktop/BP/zmluvy_cleaned_checked_strict_valid/11819605.txt
11819607,najom,najom,True,nájom bytu č.790 D1,662/2025,"Zmluva o nájme bytu v bytovom dome súp. číslo 790 Zmluvné strany Prenajímateľ: Obec Borský Svätý Jur 908 79 Borský Svätý Jur 690 IČO: 00 309 401 zastúpená starostom obce Mgr. Jurajom Smolárom /ďalej len „prenajímateľ“/ Vilma Hajdinová Nájomca: r. č. Borský Svätý Jur č.5 /ďalej len „nájomca“/ uzatvárajú túto nájomnú zmluvu za nasledovných podmienok: Čl. I Preambula Nakoľko bol byt obstaraný podľa zákona č. 443/2010 Z. z. o dotáciách na rozvoj bývania a sociálnom bývaní, v znení neskorších zmien a doplnkov, obec Borský Svätý Jur postupuje pri poskytovaní bytu podľa tohto zákona a Všeobecne záväzného nariadenia obce Borský Svätý Jur č. 1/2023 o podmienkach a kritériách prideľovania a správy nájomných bytov v bytových domoch obstaraných z verejných prostriedkov na účely podpory sociálneho bývania (ďalej len „nariadenie“). Článok II Predmet nájmu Prenajímateľ prenechá nájomcovi 3-izbový byt č. D 1 na 1. nadzemnom podlaží domu s.č. 790 v Borskom Svätom Jure, pozostávajúci z: 3 izieb, kuchyne, kúpeľne, WC, chodby o celkovej výmere 71,47 m2 a ½ úložného priestoru, ktorý sa nachádza na medziposchodí domu. Článok III Doba nájmu 1) Nájom vzniká",/Users/kazimir/Desktop/BP/zmluvy_cleaned_checked_strict_valid/11819607.txt
11819613,licencia_autorske,licen|autorsk,True,Zmluva o podaní umeleckého výkonu / Licenčná zmluva uzavretá v zmysle zákona č. 185/2015 Z.z. Autorský zákon v znení neskorších predpisov,Z2026/001,"č. zmluvy L001/2026 Zmluva o podaní umeleckého výkonu / Licenčná zmluva uzavretá v zmysle zákona č. 185/2015 Z.z. Autorský zákon v znení neskorších predpisov medzi: Objednávateľom: sídlo: IČO: DIČ: zapísaný v: zastúpený: e-mail: č. účtu: (ďalej len „prevádzkovateľ“) Mediálna a kultúrna spoločnosť Topoľčany, s.r.o. Nám. Ľ. Štúra 2357/2, Topoľčany 955 01 36 728 683 2022310114 Obchodnom registri Okresného súdu Nitra, odd. Sro, vl. č. 19322/N PhDr. Gabriela Švajlenová, konateľka riaditel@kulturato.sk SK87 0900 0000 0051 2132 1890 a Výkonným umelcom: miesto podnikania: IČO: DIČ: zapísaný v: Roman Dragula P. O. Hviezdoslava 2330/54, 955 01 Topoľčany 56 187 092 1046291774 živnostenskom registri Okresného úradu Topoľčany, č. živn. registra: 470- 23782 č. účtu: (ďalej len „umelec“) SK03 8360 5207 0042 0865 7069 (prevádzkovateľ a moderátor spolu v texte aj ako „zmluvné strany“) Článok I. Predmet zmluvy 1. Predmetom tejto zmluvy je podanie umeleckého výkonu zo strany moderátora ako výkonného umelca, moderovaním relácií v priestoroch Rádia Topoľčany, moderovaním podujatí organizovaných Mediálnou a kultúrnou spoločnosťou Topoľčany s.r.o, vyrá",/Users/kazimir/Desktop/BP/zmluvy_cleaned_checked_strict_valid/11819613.txt
11819615,sluzby,sluzieb|sprostredkovan,True,Zmluva o sprostredkovaní  uzavretá v  zmysle ust. § 642 a nasl. zákon a č. 513/1991 Zb. Obchodného zákonníka  v znení  neskorších predpisov,Z2026/002,"č. zmluvy 01/2026 uzavretá v zmysle ust. § 642 a nasl. zákon a č. 513/1991 Zb. Obchodného zákonníka v znení neskorších predpisov medzi: Zmluva o sprostredkovaní záujemcom: Mediálna a kultúrna spoločnosť Topoľčany, s.r.o. sídlo: Nám. Ľ. Štúra 2357/2, Topoľčany 955 01 IČO: 36 728 683 DIČ: 2022310114 zapísaný v: Obchodnom registri Okresného súdu Nitra, odd. Sro, vl. č. 19322/N zastúpený: PhDr. Gabriela Švajlenová, konateľka e-mail: riaditel@kulturato.sk č. účtu: SK87 0900 0000 0051 2132 1890 (ďalej len „ záujemca “) a sprostredkovateľom: Roman Dragula miesto podnikania: P. O. Hviezdoslava 2330/54, 955 01 Topoľčany IČO: 56 187 092 DIČ: 1046291774 zapísaný v: živnostenskom registri Okresného úradu Topoľčany, č. živn. registra: 470 - 23782 č. účtu: SK03 8360 5207 0042 0865 7069 e-mail: roman.dragula123@gmail.com (ďalej len „ sprostredkovateľ “) (záujemca a sprostredkovateľ spolu v texte aj ako „zmluvné strany“) Preambula 1. Záujemca v rámci mesta Topoľčany: - komplexne zabezpečuje kultúrno – výchovné aktivity s hlavnou úlohou organizovať a zabezpečovať kultúrne podujatia, spoločenské akcie, divadelné predstavenia, workshopy, výchovno-vzdelávacie poduja",/Users/kazimir/Desktop/BP/zmluvy_cleaned_checked_strict_valid/11819615.txt
11819617,licencia_autorske,licen|autorsk,True,Zmluva o podaní umeleckého výkonu /  Licenčná zmluva  uzavretá v zmysle zákona č. 185/2015 Z.z. Autorský zákon v znení neskorších predpisov,Z2026/003,"Je z č. zmluvy L002/2026 Zmluva o podaní umeleckého výkonu / Licenčná zmluva uzavretá v zmysle zákona č. 185/2015 Z.z. Autorský zákon v znení neskorších predpisov medzi: Objednávateľom: sídlo: IČO: DIČ: zapísaný v: zastúpený: e-mail: č. účtu: (ďalej len „prevádzkovateľ“) Mediálna a kultúrna spoločnosť Topoľčany, s.r.o. Nám. Ľ. Štúra 2357/2, Topoľčany 955 01 36 728 683 2022310114 Obchodnom registri Okresného súdu Nitra, odd. Sro, vl. č. 19322/N PhDr. Gabriela Švajlenová, konateľka riaditel@kulturato.sk SK87 0900 0000 0051 2132 1890 a Výkonným umelcom: miesto podnikania: IČO: DIČ: zapísaný v: č. účtu: (ďalej len „moderátor“) Juraj LÖRINCZ Partizánska 1282/17, 018 41 Dubnica nad Váhom 46 082 786 1083243326 živnostenskom registri Okresného úradu Trenčín č. živn. registra: 350-31105 LT63 3250 0165 8117 0496 (prevádzkovateľ a moderátor spolu v texte aj ako „zmluvné strany“) Článok I. Predmet zmluvy 1. Predmetom tejto zmluvy je podanie umeleckého výkonu zo strany moderátora ako výkonného umelca moderovaním relácií Rádia Topoľčany „TOPRÁNO“, „TOPTIME“, v priestoroch rádia: Spoločenský dom, Nám. Ľudovíta Štúra 2357/2 v Topoľčanoch",/Users/kazimir/Desktop/BP/zmluvy_cleaned_checked_strict_valid/11819617.txt
11819621,other,,True,Darovacia zmluva č. 052-1-341-25,052-1-341-25,"DAROVACIA ZMLUVA č. 052/1-341/25 uzavretá podľa §§ 628 Občianskeho zákonníka v platnom znení (ďalej len „zmluva“) medzi: meno a priezvisko: Dominika Békesová (ďalej len,,darca“) a Zoologická záhrada Bratislava, obecná príspevková organizácia zastúpená: Ing. Matej Dobšovič, riaditeľom, osoba oprávnená na podpis zmluvy: Ing. Branislav Žilavý, námestník, podľa poverenia riaditeľa zoo zo dňa 02.08. 2023 Mlynská dolina 1A, 842 27 Bratislava 179 710 2020801728, SK 2020801728 SK 35 7500 00000000 2584 9043 adresa: IČO: DIČ: DIČ DPH: bankové spojenie: ČSOB IBAN: variabilný symbol: 328 (ďalej len,,obdarovaný“) Do poznámky uveďte pri každej platbe, prosím, druh sponzorovaného zvieratka a Vaše meno, ďakujeme. Čl. I. Predmet a účel zmluvy Predmetom zmluvy je jednorazový finančný príspevok (ďalej len,,dar“), ktorý darca daruje obdarovanému spôsobom uvedeným v čl. II zmluvy a obdarovaný tento dar s vďakou prijíma. Dar je účelovo viazaný, môže sa použiť iba na účely špecifikované v čl. II zmluvy. Čl. II. Záväzok darcu 1. Darca prispieva darom na: • Všeobecný rozvoj zoo a úhradu nákladov potrebných na chov vybraného zvieraťa, 2. názov sponzorovaného",/Users/kazimir/Desktop/BP/zmluvy_cleaned_checked_strict_valid/11819621.txt
11819623,other,,True,Darovacia zmluva č. 052-1-002-26,052-1-002-26,"DAROVACIA ZMLUVA č. 052/1-002/26 uzavretá podľa §§ 628 Občianskeho zákonníka v platnom znení (ďalej len „zmluva“) medzi: meno a priezvisko: Tera Pax (ďalej len,,darca“) a Zoologická záhrada Bratislava, obecná príspevková organizácia zastúpená: Ing. Matej Dobšovič, riaditeľom, osoba oprávnená na podpis zmluvy: Ing. Branislav Žilavý, námestník, podľa poverenia riaditeľa zoo zo dňa 02.08. 2023 Mlynská dolina 1A, 842 27 Bratislava 179 710 2020801728, SK 2020801728 SK 35 7500 00000000 2584 9043 adresa: IČO: DIČ: DIČ DPH: bankové spojenie: ČSOB IBAN: variabilný symbol: 328 (ďalej len,,obdarovaný“) Do poznámky uveďte pri každej platbe, prosím, druh sponzorovaného zvieratka a Vaše meno, ďakujeme. Čl. I. Predmet a účel zmluvy Predmetom zmluvy je jednorazový finančný príspevok (ďalej len,,dar“), ktorý darca daruje obdarovanému spôsobom uvedeným v čl. II zmluvy a obdarovaný tento dar s vďakou prijíma. Dar je účelovo viazaný, môže sa použiť iba na účely špecifikované v čl. II zmluvy. Čl. II. Záväzok darcu 1. Darca prispieva darom na: • Všeobecný rozvoj zoo a úhradu nákladov potrebných na chov vybraného zvieraťa, 2. názov sponzorovaného zvieraťa",/Users/kazimir/Desktop/BP/zmluvy_cleaned_checked_strict_valid/11819623.txt
11819625,other,,True,Darovacia zmluva č. 052-1-266-25,052-1-266-25,"DAROVACIA ZMLUVA č. 052/1-266/25 uzavretá podľa §§ 628 Občianskeho zákonníka v platnom znení (ďalej len „zmluva“) medzi: meno a priezvisko: Valéria Sidóová (ďalej len,,darca“) Zoologická záhrada Bratislava, obecná príspevková organizácia zastúpená: Ing. Matej Dobšovič, riaditeľom, osoba oprávnená na podpis zmluvy: Ing. Branislav Žilavý, námestník, podľa poverenia riaditeľa zoo zo dňa 02.08. 2023 Mlynská dolina 1A, 842 27 Bratislava 179 710 2020801728, SK 2020801728 SK 35 7500 00000000 2584 9043 adresa: IČO: DIČ: DIČ DPH: bankové spojenie: ČSOB IBAN: variabilný symbol: 328 (ďalej len,,obdarovaný“) Do poznámky uveďte pri každej platbe, prosím, druh sponzorovaného zvieratka a Vaše meno, ďakujeme. Čl. I. Predmet a účel zmluvy Predmetom zmluvy je mesačný finančný príspevok (ďalej len,,dar“), ktorý darca daruje obdarovanému spôsobom uvedeným v čl. II zmluvy a obdarovaný tento dar s vďakou prijíma. Dar je účelovo viazaný, môže sa použiť iba na účely špecifikované v čl. II zmluvy. Čl. II. Záväzok darcu 1. Darca prispieva darom na: • Úhrada nákladov potrebných na chov vybraného zvieraťa, 2. názov sponzorovaného zvieraťa labuť čierna 3. Darca",/Users/kazimir/Desktop/BP/zmluvy_cleaned_checked_strict_valid/11819625.txt
6863623,najom,najom,True,Zmluva o nájme pozemku a stavby č. 25/2022,25/2022,"Zmluva o nájme pozemku a stavby č.................... podľa § 663 a nasl., Občianskeho zákonníka (ďalej len „zmluva“) Zmluvné strany: 1. Mestské lesy v Bratislave Cesta mládeže 4, 831 01 Bratislava V zastúpení: IČO: DIČ: IČ DPH: Peňažný ústav: Číslo účtu (IBAN): BIC (SWIFT): Telefónne číslo: E-mail: Ing. Marek Páva, poverený riadením organizácie 30808901 2020908109 SK2020908109 Československá obchodná banka, a.s. SK9775000000000025930183 CEKOSKBX +421 2 547 890 34 info@mlba.sk (ďalej len „prenajímateľ“) a 2. Obchodné meno: BY ME s.r.o. So sídlom: Dohnányho 24, Bratislava 82108 Ing. Arch. Eva Takáčová, Bc. Kristína Hertelová V zastúpení: 47 465 808 IČO: 2023938972 DIČ: SK2023938972 IČ DPH: Živnostenské oprávnenie: 110-228018, ORSR: Vložka číslo: 93318/B Peňažný ústav: Číslo účtu (IBAN): BIC (SWIFT): Telefónne číslo: E-mail: Československá obchodní banka, a.s. SK34 7500 0000 0040 2506 6426 CEKOSKBX (ďalej len „nájomca“) PREAMBULA Zmluvné strany uzatvárajú túto zmluvu podľa § 663 a nasl. Občianskeho zákonníka a v súlade s právnym poriadkom Slovenskej republiky. Článok 1 Predmet a účel nájmu 1. Hlavné",/Users/kazimir/Desktop/BP/zmluvy_cleaned_checked_strict_valid/6863623.txt
